<?xml version = '1.0' encoding = 'UTF-8'?>
<Entity class="oracle.dbtools.crest.model.design.logical.Entity" directorySegmentName="seg_0" id="8E70DE4B-2EB5-0AF9-1B5C-666544EAA8C2" name="POSTULACION_EXTRANJERO">
<createdBy>pedro</createdBy>
<createdTime>2025-09-05 16:45:22 UTC</createdTime>
<ownerDesignName>MinTrab</ownerDesignName>
<engineerTo>
<item key="7B527E5A-E405-7D6B-B2EB-3AD7725FBC66" value="true"/>
</engineerTo>
<adequatelyNormalized>NO</adequatelyNormalized>
<expectedVolumes>0</expectedVolumes>
<fwdEngineeringStrategyName>Single Table</fwdEngineeringStrategyName>
<growthPercent>0</growthPercent>
<growthType>Year</growthType>
<hierarchicalParent>DB85F1B8-159D-153F-BABF-F494813E9BDB</hierarchicalParent>
<maxVolumes>9999999</maxVolumes>
<minVolumes>0</minVolumes>
<normalForm>Third</normalForm>
<attributes itemClass="oracle.dbtools.crest.model.design.logical.Attribute">
<Attribute name="nivel_idioma" id="ED35952B-5C35-C2EC-C1ED-26C45C228025">
<createdBy>pedro</createdBy>
<createdTime>2025-09-05 16:45:43 UTC</createdTime>
<ownerDesignName>MinTrab</ownerDesignName>
<engineerTo>
<item key="7B527E5A-E405-7D6B-B2EB-3AD7725FBC66" value="true"/>
</engineerTo>
<useDomainConstraints>false</useDomainConstraints>
<use>1</use>
<logicalDatatype>LOGDT024</logicalDatatype>
<dataTypeSize>15</dataTypeSize>
<ownDataTypeParameters>15,,</ownDataTypeParameters>
</Attribute>
<Attribute name="visa_id" id="15039715-8263-1A77-0E24-94B9E8E82CE7">
<createdBy>pedro</createdBy>
<createdTime>2025-09-05 16:46:02 UTC</createdTime>
<ownerDesignName>MinTrab</ownerDesignName>
<engineerTo>
<item key="7B527E5A-E405-7D6B-B2EB-3AD7725FBC66" value="true"/>
</engineerTo>
<useDomainConstraints>false</useDomainConstraints>
<use>1</use>
<logicalDatatype>LOGDT024</logicalDatatype>
<dataTypeSize>13</dataTypeSize>
<ownDataTypeParameters>13,,</ownDataTypeParameters>
</Attribute>
<Attribute name="visa_fecha" id="95EB8CB1-95D1-E7DA-B059-856E45E60B9F">
<createdBy>pedro</createdBy>
<createdTime>2025-09-05 16:46:33 UTC</createdTime>
<ownerDesignName>MinTrab</ownerDesignName>
<engineerTo>
<item key="7B527E5A-E405-7D6B-B2EB-3AD7725FBC66" value="true"/>
</engineerTo>
<useDomainConstraints>false</useDomainConstraints>
<use>1</use>
<logicalDatatype>LOGDT007</logicalDatatype>
<ownDataTypeParameters>,,</ownDataTypeParameters>
</Attribute>
<Attribute name="nivel_idioma1" id="A93E0085-BC44-B2EA-C1A3-BBDC20610DB9">
<createdBy>pedro</createdBy>
<createdTime>2025-09-05 17:26:37 UTC</createdTime>
<generatorID>002EF467-B9BD-AAC5-4425-60790B58F573</generatorID>
<ownerDesignName>MinTrab</ownerDesignName>
<engineerTo>
<item key="7B527E5A-E405-7D6B-B2EB-3AD7725FBC66" value="true"/>
</engineerTo>
<referedAttribute>0E08BB83-643C-3007-2920-B7A95DD340F0</referedAttribute>
<useDomainConstraints>false</useDomainConstraints>
<use>1</use>
<logicalDatatype>LOGDT024</logicalDatatype>
<dataTypeSize>15</dataTypeSize>
<ownDataTypeParameters>,,</ownDataTypeParameters>
</Attribute>
</attributes>
</Entity>