<?xml version = '1.0' encoding = 'UTF-8'?>
<Entity class="oracle.dbtools.crest.model.design.logical.Entity" directorySegmentName="seg_0" id="ACEF4F65-921B-EA38-C835-5A5C4E20E83F" name="POSTULACION_NACIONAL">
<createdBy>pedro</createdBy>
<createdTime>2025-09-05 16:44:25 UTC</createdTime>
<ownerDesignName>MinTrab</ownerDesignName>
<engineerTo>
<item key="7B527E5A-E405-7D6B-B2EB-3AD7725FBC66" value="true"/>
</engineerTo>
<adequatelyNormalized>NO</adequatelyNormalized>
<expectedVolumes>0</expectedVolumes>
<fwdEngineeringStrategyName>Single Table</fwdEngineeringStrategyName>
<growthPercent>0</growthPercent>
<growthType>Year</growthType>
<hierarchicalParent>DB85F1B8-159D-153F-BABF-F494813E9BDB</hierarchicalParent>
<maxVolumes>9999999</maxVolumes>
<minVolumes>0</minVolumes>
<normalForm>Third</normalForm>
<attributes itemClass="oracle.dbtools.crest.model.design.logical.Attribute">
<Attribute name="pretencion_renta_clp" id="11917D3B-20C3-273B-6CF0-B4EEDC68B2FB">
<createdBy>pedro</createdBy>
<createdTime>2025-09-05 16:44:42 UTC</createdTime>
<ownerDesignName>MinTrab</ownerDesignName>
<engineerTo>
<item key="7B527E5A-E405-7D6B-B2EB-3AD7725FBC66" value="true"/>
</engineerTo>
<useDomainConstraints>false</useDomainConstraints>
<use>1</use>
<logicalDatatype>LOGDT019</logicalDatatype>
<dataTypePrecision>12</dataTypePrecision>
<ownDataTypeParameters>,12,</ownDataTypeParameters>
</Attribute>
</attributes>
</Entity>