<?xml version = '1.0' encoding = 'UTF-8'?>
<Entity class="oracle.dbtools.crest.model.design.logical.Entity" directorySegmentName="seg_0" id="DB85F1B8-159D-153F-BABF-F494813E9BDB" name="POSTULACION">
<createdBy>pedro</createdBy>
<createdTime>2025-09-05 16:43:09 UTC</createdTime>
<ownerDesignName>MinTrab</ownerDesignName>
<engineerTo>
<item key="7B527E5A-E405-7D6B-B2EB-3AD7725FBC66" value="true"/>
</engineerTo>
<adequatelyNormalized>NO</adequatelyNormalized>
<expectedVolumes>0</expectedVolumes>
<fwdEngineeringStrategyName>Single Table</fwdEngineeringStrategyName>
<growthPercent>0</growthPercent>
<growthType>Year</growthType>
<maxVolumes>9999999</maxVolumes>
<minVolumes>0</minVolumes>
<normalForm>Third</normalForm>
<attributes itemClass="oracle.dbtools.crest.model.design.logical.Attribute">
<Attribute name="postulacion_id" id="1FFE4120-63C7-BC1C-8A61-C5584A4A3E0E">
<createdBy>pedro</createdBy>
<createdTime>2025-09-05 16:43:25 UTC</createdTime>
<ownerDesignName>MinTrab</ownerDesignName>
<engineerTo>
<item key="7B527E5A-E405-7D6B-B2EB-3AD7725FBC66" value="true"/>
</engineerTo>
<useDomainConstraints>false</useDomainConstraints>
<use>1</use>
<logicalDatatype>LOGDT019</logicalDatatype>
<dataTypePrecision>10</dataTypePrecision>
<ownDataTypeParameters>,10,</ownDataTypeParameters>
</Attribute>
<Attribute name="fecha_postulacion" id="C0A91601-27B9-2854-4514-0A3DA3BA21DA">
<createdBy>pedro</createdBy>
<createdTime>2025-09-05 16:43:51 UTC</createdTime>
<ownerDesignName>MinTrab</ownerDesignName>
<engineerTo>
<item key="7B527E5A-E405-7D6B-B2EB-3AD7725FBC66" value="true"/>
</engineerTo>
<useDomainConstraints>false</useDomainConstraints>
<use>1</use>
<logicalDatatype>LOGDT007</logicalDatatype>
<ownDataTypeParameters>,,</ownDataTypeParameters>
</Attribute>
<Attribute name="empresa_id" id="156FE8EE-93E6-E557-C042-5903116E258B">
<createdBy>pedro</createdBy>
<createdTime>2025-09-05 16:56:57 UTC</createdTime>
<generatorID>B9082E5D-95A6-20CC-FBF3-2BC9BEBA082C</generatorID>
<ownerDesignName>MinTrab</ownerDesignName>
<engineerTo>
<item key="7B527E5A-E405-7D6B-B2EB-3AD7725FBC66" value="true"/>
</engineerTo>
<nullsAllowed>true</nullsAllowed>
<referedAttribute>6CA319F5-63C8-5AC1-491C-84E95066466C</referedAttribute>
<useDomainConstraints>false</useDomainConstraints>
<use>1</use>
<logicalDatatype>LOGDT019</logicalDatatype>
<dataTypePrecision>10</dataTypePrecision>
<ownDataTypeParameters>,10,</ownDataTypeParameters>
</Attribute>
</attributes>
<identifiers itemClass="oracle.dbtools.crest.model.design.logical.CandidateKey">
<identifier id="EF444AA6-EF88-D162-5372-8261CB4E55B6" name="POSTULACION PK">
<createdBy>pedro</createdBy>
<createdTime>2025-09-05 16:43:48 UTC</createdTime>
<ownerDesignName>MinTrab</ownerDesignName>
<engineerTo>
<item key="7B527E5A-E405-7D6B-B2EB-3AD7725FBC66" value="true"/>
</engineerTo>
<pk>true</pk>
<usedAttributes>
<attributeRef>1FFE4120-63C7-BC1C-8A61-C5584A4A3E0E</attributeRef>
</usedAttributes>
</identifier>
</identifiers>
</Entity>