<?xml version = '1.0' encoding = 'UTF-8'?>
<Entity class="oracle.dbtools.crest.model.design.logical.Entity" directorySegmentName="seg_0" id="F038B82A-CF31-C26D-9E3E-D0E865B4294B" name="TITULO_POSTULANTE">
<createdBy>pedro</createdBy>
<createdTime>2025-09-05 17:01:09 UTC</createdTime>
<ownerDesignName>MinTrab</ownerDesignName>
<engineerTo>
<item key="7B527E5A-E405-7D6B-B2EB-3AD7725FBC66" value="true"/>
</engineerTo>
<adequatelyNormalized>NO</adequatelyNormalized>
<expectedVolumes>0</expectedVolumes>
<fwdEngineeringStrategyName>Single Table</fwdEngineeringStrategyName>
<growthPercent>0</growthPercent>
<growthType>Year</growthType>
<maxVolumes>9999999</maxVolumes>
<minVolumes>0</minVolumes>
<normalForm>Third</normalForm>
<attributes itemClass="oracle.dbtools.crest.model.design.logical.Attribute">
<Attribute name="fecha_obtencion" id="0B9B0FFD-D051-7B25-B1FB-1A574CC10C60">
<createdBy>pedro</createdBy>
<createdTime>2025-09-05 17:01:44 UTC</createdTime>
<ownerDesignName>MinTrab</ownerDesignName>
<engineerTo>
<item key="7B527E5A-E405-7D6B-B2EB-3AD7725FBC66" value="true"/>
</engineerTo>
<useDomainConstraints>false</useDomainConstraints>
<use>1</use>
<logicalDatatype>LOGDT007</logicalDatatype>
<ownDataTypeParameters>,,</ownDataTypeParameters>
</Attribute>
<Attribute name="postulante_id" id="A66D2663-9471-548C-CA85-6135AEBB0D86">
<createdBy>pedro</createdBy>
<createdTime>2025-09-05 17:07:30 UTC</createdTime>
<generatorID>31AB76F0-BCE0-A506-5385-2967E19E2FFF</generatorID>
<ownerDesignName>MinTrab</ownerDesignName>
<engineerTo>
<item key="7B527E5A-E405-7D6B-B2EB-3AD7725FBC66" value="true"/>
</engineerTo>
<nullsAllowed>true</nullsAllowed>
<referedAttribute>22FF9322-E8BB-06BC-66DB-CAACDB1C5745</referedAttribute>
<useDomainConstraints>false</useDomainConstraints>
<use>1</use>
<logicalDatatype>LOGDT019</logicalDatatype>
<dataTypePrecision>10</dataTypePrecision>
<ownDataTypeParameters>,,</ownDataTypeParameters>
</Attribute>
<Attribute name="profesion_id" id="8C2AA51C-31FB-7D15-3F29-87B515D4B58C">
<createdBy>pedro</createdBy>
<createdTime>2025-09-05 17:08:14 UTC</createdTime>
<generatorID>5C5BBA1B-6431-1669-BCDF-CEDB61968A97</generatorID>
<ownerDesignName>MinTrab</ownerDesignName>
<engineerTo>
<item key="7B527E5A-E405-7D6B-B2EB-3AD7725FBC66" value="true"/>
</engineerTo>
<referedAttribute>EEEE0A8D-AB8D-5134-B855-8F554112D3C8</referedAttribute>
<useDomainConstraints>false</useDomainConstraints>
<use>1</use>
<logicalDatatype>LOGDT019</logicalDatatype>
<dataTypePrecision>10</dataTypePrecision>
<ownDataTypeParameters>,,</ownDataTypeParameters>
</Attribute>
</attributes>
</Entity>