<?xml version = '1.0' encoding = 'UTF-8'?>
<Entity class="oracle.dbtools.crest.model.design.logical.Entity" directorySegmentName="seg_0" id="F070D338-1EFE-77C1-56EC-55B185E0C438" name="POSTULANTE">
<createdBy>pedro</createdBy>
<createdTime>2025-09-05 16:09:47 UTC</createdTime>
<ownerDesignName>MinTrab</ownerDesignName>
<engineerTo>
<item key="7B527E5A-E405-7D6B-B2EB-3AD7725FBC66" value="true"/>
</engineerTo>
<adequatelyNormalized>NO</adequatelyNormalized>
<expectedVolumes>0</expectedVolumes>
<fwdEngineeringStrategyName>Single Table</fwdEngineeringStrategyName>
<growthPercent>0</growthPercent>
<growthType>Year</growthType>
<maxVolumes>9999999</maxVolumes>
<minVolumes>0</minVolumes>
<normalForm>Third</normalForm>
<attributes itemClass="oracle.dbtools.crest.model.design.logical.Attribute">
<Attribute name="postulante_id" id="22FF9322-E8BB-06BC-66DB-CAACDB1C5745">
<createdBy>pedro</createdBy>
<createdTime>2025-09-05 16:09:58 UTC</createdTime>
<ownerDesignName>MinTrab</ownerDesignName>
<engineerTo>
<item key="7B527E5A-E405-7D6B-B2EB-3AD7725FBC66" value="true"/>
</engineerTo>
<useDomainConstraints>false</useDomainConstraints>
<use>1</use>
<logicalDatatype>LOGDT019</logicalDatatype>
<dataTypePrecision>10</dataTypePrecision>
<ownDataTypeParameters>,10,</ownDataTypeParameters>
</Attribute>
<Attribute name="folio" id="5684017C-78CA-711F-602E-525E3F314095">
<createdBy>pedro</createdBy>
<createdTime>2025-09-05 16:14:11 UTC</createdTime>
<ownerDesignName>MinTrab</ownerDesignName>
<engineerTo>
<item key="7B527E5A-E405-7D6B-B2EB-3AD7725FBC66" value="true"/>
</engineerTo>
<useDomainConstraints>false</useDomainConstraints>
<use>1</use>
<logicalDatatype>LOGDT024</logicalDatatype>
<dataTypeSize>20</dataTypeSize>
<ownDataTypeParameters>20,,</ownDataTypeParameters>
</Attribute>
<Attribute name="nombres" id="F17113C2-54B9-BC08-A11E-11D53546C3E4">
<createdBy>pedro</createdBy>
<createdTime>2025-09-05 16:14:30 UTC</createdTime>
<ownerDesignName>MinTrab</ownerDesignName>
<engineerTo>
<item key="7B527E5A-E405-7D6B-B2EB-3AD7725FBC66" value="true"/>
</engineerTo>
<useDomainConstraints>false</useDomainConstraints>
<use>1</use>
<logicalDatatype>LOGDT024</logicalDatatype>
<dataTypeSize>80</dataTypeSize>
<ownDataTypeParameters>80,,</ownDataTypeParameters>
</Attribute>
<Attribute name="apellidos" id="D304FB28-9D85-821A-5095-525B78FA7A35">
<createdBy>pedro</createdBy>
<createdTime>2025-09-05 16:14:50 UTC</createdTime>
<ownerDesignName>MinTrab</ownerDesignName>
<engineerTo>
<item key="7B527E5A-E405-7D6B-B2EB-3AD7725FBC66" value="true"/>
</engineerTo>
<useDomainConstraints>false</useDomainConstraints>
<use>1</use>
<logicalDatatype>LOGDT024</logicalDatatype>
<dataTypeSize>80</dataTypeSize>
<ownDataTypeParameters>80,,</ownDataTypeParameters>
</Attribute>
<Attribute name="email" id="655EEFD9-7441-0AF8-C609-BCA64E0AC500">
<createdBy>pedro</createdBy>
<createdTime>2025-09-05 16:15:19 UTC</createdTime>
<ownerDesignName>MinTrab</ownerDesignName>
<engineerTo>
<item key="7B527E5A-E405-7D6B-B2EB-3AD7725FBC66" value="true"/>
</engineerTo>
<useDomainConstraints>false</useDomainConstraints>
<use>1</use>
<logicalDatatype>LOGDT024</logicalDatatype>
<dataTypeSize>120</dataTypeSize>
<ownDataTypeParameters>120,,</ownDataTypeParameters>
</Attribute>
<Attribute name="sitio_web" id="3EE75D23-644E-4B74-911E-3A72E1BC3A27">
<createdBy>pedro</createdBy>
<createdTime>2025-09-05 16:15:41 UTC</createdTime>
<ownerDesignName>MinTrab</ownerDesignName>
<engineerTo>
<item key="7B527E5A-E405-7D6B-B2EB-3AD7725FBC66" value="true"/>
</engineerTo>
<useDomainConstraints>false</useDomainConstraints>
<use>1</use>
<logicalDatatype>LOGDT024</logicalDatatype>
<dataTypeSize>260</dataTypeSize>
<ownDataTypeParameters>260,,</ownDataTypeParameters>
</Attribute>
<Attribute name="nacionalidad" id="2A42BEC2-2A28-3E97-825A-F2901F0A31F7">
<createdBy>pedro</createdBy>
<createdTime>2025-09-05 16:16:23 UTC</createdTime>
<ownerDesignName>MinTrab</ownerDesignName>
<engineerTo>
<item key="7B527E5A-E405-7D6B-B2EB-3AD7725FBC66" value="true"/>
</engineerTo>
<useDomainConstraints>false</useDomainConstraints>
<use>1</use>
<logicalDatatype>LOGDT024</logicalDatatype>
<dataTypeSize>80</dataTypeSize>
<ownDataTypeParameters>80,,</ownDataTypeParameters>
</Attribute>
<Attribute name="grado_academico" id="2B421B53-BD16-F8A8-18ED-CF5FDE2E1CFF">
<createdBy>pedro</createdBy>
<createdTime>2025-09-05 16:16:52 UTC</createdTime>
<ownerDesignName>MinTrab</ownerDesignName>
<engineerTo>
<item key="7B527E5A-E405-7D6B-B2EB-3AD7725FBC66" value="true"/>
</engineerTo>
<useDomainConstraints>false</useDomainConstraints>
<use>1</use>
<logicalDatatype>LOGDT024</logicalDatatype>
<dataTypeSize>20</dataTypeSize>
<ownDataTypeParameters>20,,</ownDataTypeParameters>
</Attribute>
<Attribute name="dir_calle" id="B247A513-AAB4-C838-1FFC-BBFBF37501B5">
<createdBy>pedro</createdBy>
<createdTime>2025-09-05 16:18:20 UTC</createdTime>
<ownerDesignName>MinTrab</ownerDesignName>
<engineerTo>
<item key="7B527E5A-E405-7D6B-B2EB-3AD7725FBC66" value="true"/>
</engineerTo>
<useDomainConstraints>false</useDomainConstraints>
<use>1</use>
<logicalDatatype>LOGDT024</logicalDatatype>
<dataTypeSize>120</dataTypeSize>
<ownDataTypeParameters>120,,</ownDataTypeParameters>
</Attribute>
<Attribute name="rut" id="5139664B-1C45-BCB4-BD30-B53EEC7DAF75">
<createdBy>pedro</createdBy>
<createdTime>2025-09-05 16:20:49 UTC</createdTime>
<ownerDesignName>MinTrab</ownerDesignName>
<engineerTo>
<item key="7B527E5A-E405-7D6B-B2EB-3AD7725FBC66" value="true"/>
</engineerTo>
<nullsAllowed>true</nullsAllowed>
<useDomainConstraints>false</useDomainConstraints>
<use>1</use>
<logicalDatatype>LOGDT024</logicalDatatype>
<dataTypeSize>12</dataTypeSize>
<ownDataTypeParameters>12,,</ownDataTypeParameters>
</Attribute>
<Attribute name="postulacion_id" id="8720010B-7304-03CF-F760-F6D3D7A045A5">
<createdBy>pedro</createdBy>
<createdTime>2025-09-05 16:55:15 UTC</createdTime>
<generatorID>2FCF8B8E-36C5-A319-C598-FB41F2D36889</generatorID>
<ownerDesignName>MinTrab</ownerDesignName>
<engineerTo>
<item key="7B527E5A-E405-7D6B-B2EB-3AD7725FBC66" value="true"/>
</engineerTo>
<referedAttribute>1FFE4120-63C7-BC1C-8A61-C5584A4A3E0E</referedAttribute>
<useDomainConstraints>false</useDomainConstraints>
<use>1</use>
<logicalDatatype>LOGDT019</logicalDatatype>
<dataTypePrecision>10</dataTypePrecision>
<ownDataTypeParameters>,10,</ownDataTypeParameters>
</Attribute>
<Attribute name="ciudad_id" id="454C5288-6D4E-C946-226B-47140E6BFC21">
<createdBy>pedro</createdBy>
<createdTime>2025-09-05 17:24:58 UTC</createdTime>
<generatorID>657E3F8C-B6A6-7CE1-97FD-EC9AD7025D03</generatorID>
<ownerDesignName>MinTrab</ownerDesignName>
<engineerTo>
<item key="7B527E5A-E405-7D6B-B2EB-3AD7725FBC66" value="true"/>
</engineerTo>
<referedAttribute>79A1BD85-5116-9735-C8FE-DB170913C31C</referedAttribute>
<useDomainConstraints>false</useDomainConstraints>
<use>1</use>
<logicalDatatype>LOGDT019</logicalDatatype>
<dataTypePrecision>10</dataTypePrecision>
<ownDataTypeParameters>,10,</ownDataTypeParameters>
</Attribute>
<Attribute name="grado_academico1" id="022306E4-85E1-8D7D-5927-EA59BAD1F186">
<createdBy>pedro</createdBy>
<createdTime>2025-09-05 17:27:07 UTC</createdTime>
<generatorID>ED43B817-BA76-0E50-2F63-4166A228D84C</generatorID>
<ownerDesignName>MinTrab</ownerDesignName>
<engineerTo>
<item key="7B527E5A-E405-7D6B-B2EB-3AD7725FBC66" value="true"/>
</engineerTo>
<referedAttribute>2A2A5031-A980-0ABF-0C79-2811859B743A</referedAttribute>
<useDomainConstraints>false</useDomainConstraints>
<use>1</use>
<logicalDatatype>LOGDT024</logicalDatatype>
<dataTypeSize>20</dataTypeSize>
<ownDataTypeParameters>20,,</ownDataTypeParameters>
</Attribute>
</attributes>
<identifiers itemClass="oracle.dbtools.crest.model.design.logical.CandidateKey">
<identifier id="7405D5BE-46D1-2FBF-F01A-98CFF2480DEC" name="POSTULANTE PK">
<createdBy>pedro</createdBy>
<createdTime>2025-09-05 16:14:08 UTC</createdTime>
<ownerDesignName>MinTrab</ownerDesignName>
<engineerTo>
<item key="7B527E5A-E405-7D6B-B2EB-3AD7725FBC66" value="true"/>
</engineerTo>
<pk>true</pk>
<usedAttributes>
<attributeRef>22FF9322-E8BB-06BC-66DB-CAACDB1C5745</attributeRef>
</usedAttributes>
</identifier>
</identifiers>
</Entity>