<?xml version = '1.0' encoding = 'UTF-8'?>
<Arc class="oracle.dbtools.crest.model.design.logical.Arc" directorySegmentName="seg_0" id="04E9AD9D-6652-6B71-3166-CC831778146F" name="Arc_2">
<createdBy>pedro</createdBy>
<createdTime>2025-09-05 17:33:41 UTC</createdTime>
<ownerDesignName>MinTrab</ownerDesignName>
<engineerTo>
<item key="7B527E5A-E405-7D6B-B2EB-3AD7725FBC66" value="true"/>
</engineerTo>
<entity>DB85F1B8-159D-153F-BABF-F494813E9BDB</entity>
<relations>
<relationID>B8349AF1-E748-01CC-02CF-F97D11C3AE21</relationID>
<relationID>50C7D32A-25F1-371C-93A5-D213AD911AF5</relationID>
</relations>
</Arc>