<?xml version = '1.0' encoding = 'UTF-8'?>
<Diagram class="oracle.dbtools.crest.swingui.logical.DPVLogical" name="Logical" id="B7661E5C-72B4-799C-A81F-68305295BACD">
<createdBy>pedro</createdBy>
<modifiedBy>pedro</modifiedBy>
<createdTime>2025-09-11 21:56:08 UTC</createdTime>
<autoRoute>false</autoRoute>
<boxInbox>false</boxInbox>
<showLegend>false</showLegend>
<showLabels>true</showLabels>
<showRelAttributes>false</showRelAttributes>
<gridEnabled>false</gridEnabled>
<showGrid>false</showGrid>
<diagramColor>-1</diagramColor>
<display>false</display>
<notation>1</notation>
<objectViews>
<OView class="oracle.dbtools.crest.swingui.logical.TVEntity" oid="1B59BEB7-0CEA-D077-A75E-CD64CA1145A9" otype="Entity" vid="60ADC583-E157-1E1E-D138-6D11FCF1FE1D">
<hideElementsInCurrentOnly>false</hideElementsInCurrentOnly>
<bounds x="903" y="651" width="199" height="116"/>
</OView>
<OView class="oracle.dbtools.crest.swingui.logical.TVEntity" oid="1B67391E-5343-04BC-290C-23CCB2FB3EBA" otype="Entity" vid="F44B42B8-BEE5-E4A8-23C5-B4C9CBF751AE">
<hideElementsInCurrentOnly>false</hideElementsInCurrentOnly>
<bounds x="264" y="195" width="185" height="88"/>
</OView>
<OView class="oracle.dbtools.crest.swingui.logical.TVEntity" oid="1C23BDF5-FF2B-F1D5-B81A-82332F5AD1F3" otype="Entity" vid="7CA17340-2210-DF81-1C87-7638D3D24099">
<hideElementsInCurrentOnly>false</hideElementsInCurrentOnly>
<bounds x="1244" y="162" width="196" height="88"/>
</OView>
<OView class="oracle.dbtools.crest.swingui.logical.TVEntity" oid="2959A2CF-70AD-5A47-5E1E-02C9E600DFBB" otype="Entity" vid="2A404E32-75EE-05BA-C1D6-EC1B9966D6CD">
<hideElementsInCurrentOnly>false</hideElementsInCurrentOnly>
<bounds x="258" y="14" width="178" height="88"/>
</OView>
<OView class="oracle.dbtools.crest.swingui.logical.TVEntity" oid="51BA9873-4257-BCCB-1450-BC0BFD34EE0D" otype="Entity" vid="E8269B9C-50B7-2814-8DC4-7BB3B6BFDCC4">
<hideElementsInCurrentOnly>false</hideElementsInCurrentOnly>
<bounds x="264" y="486" width="189" height="88"/>
</OView>
<OView class="oracle.dbtools.crest.swingui.logical.TVEntity" oid="7171BC75-CB11-3CAA-BCDA-958174E46D79" otype="Entity" vid="7ABF0164-986B-5D5A-BA2E-312474AB0C9F">
<hideElementsInCurrentOnly>false</hideElementsInCurrentOnly>
<bounds x="620" y="445" width="523" height="130"/>
</OView>
<OView class="oracle.dbtools.crest.swingui.logical.TVEntity" oid="7EDA55A1-F83E-1C7E-8EDB-15A048BDF0C1" otype="Entity" vid="5B195273-B56F-537E-E2BE-7C440EF91001">
<hideElementsInCurrentOnly>false</hideElementsInCurrentOnly>
<bounds x="619" y="653" width="253" height="130"/>
</OView>
<OView class="oracle.dbtools.crest.swingui.logical.TVEntity" oid="9AB0CD3B-C4B8-A2E8-484F-5776DA0C3C49" otype="Entity" vid="2D148C0D-BB58-3EDF-F4C0-A4F0729DEF19">
<hideElementsInCurrentOnly>false</hideElementsInCurrentOnly>
<bounds x="1241" y="338" width="197" height="88"/>
</OView>
<OView class="oracle.dbtools.crest.swingui.logical.TVEntity" oid="CD046D4D-89F0-E627-E046-8A70CDC23698" otype="Entity" vid="1101FFA7-0ED2-A736-7EFE-4F08ED2683C1">
<hideElementsInCurrentOnly>false</hideElementsInCurrentOnly>
<bounds x="1248" y="32" width="191" height="88"/>
</OView>
<OView class="oracle.dbtools.crest.swingui.logical.TVEntity" oid="CED67368-F7E3-9A4E-8269-A778E4F9AC0D" otype="Entity" vid="8538BA91-528A-4E5D-5370-AD5FBCD74C51">
<hideElementsInCurrentOnly>false</hideElementsInCurrentOnly>
<bounds x="619" y="223" width="210" height="144"/>
</OView>
<OView class="oracle.dbtools.crest.swingui.logical.TVEntity" oid="E11482E7-0914-03DB-1D6F-E4CECA5799CF" otype="Entity" vid="081C3C35-C99D-5DA9-42C4-17B05895D075">
<hideElementsInCurrentOnly>false</hideElementsInCurrentOnly>
<bounds x="922" y="224" width="211" height="158"/>
</OView>
<OView class="oracle.dbtools.crest.swingui.logical.TVEntity" oid="F05B3EF9-7C49-58CD-FEF8-B240148F8BEF" otype="Entity" vid="B070D5DF-B23B-7885-4382-FED641E22D9F">
<hideElementsInCurrentOnly>false</hideElementsInCurrentOnly>
<bounds x="241" y="297" width="226" height="88"/>
</OView>
<OView class="oracle.dbtools.crest.swingui.logical.TVEntity" oid="FDFE1C4F-CBB2-EF0C-277A-FEED7A0E922D" otype="Entity" vid="82A05AFB-9E5A-9D05-7111-0A9E6A543CF5">
<hideElementsInCurrentOnly>false</hideElementsInCurrentOnly>
<bounds x="617" y="58" width="514" height="102"/>
</OView>
</objectViews>
<connectors>
<Connector class="oracle.dbtools.crest.swingui.logical.TVRelation" oid="37005D8E-7F0C-3A29-4657-8B55F1162688" otype="Relation" vid_source="7CA17340-2210-DF81-1C87-7638D3D24099" vid_target="081C3C35-C99D-5DA9-42C4-17B05895D075">
<hideElementsInCurrentOnly>false</hideElementsInCurrentOnly>
<backgroundColor>-16777216</backgroundColor>
<lineWidth>1</lineWidth>
<sourceLabel class="oracle.dbtools.crest.model.design.Label">
<site>0</site>
<labelBounds x="1199" y="220" width="39" height="17"/>
<noBackgroundColor>true</noBackgroundColor>
<noForegroundColor>true</noForegroundColor>
</sourceLabel>
<targetLabel class="oracle.dbtools.crest.model.design.Label">
<site>2</site>
<labelBounds x="1143" y="240" width="45" height="19"/>
<noBackgroundColor>true</noBackgroundColor>
<noForegroundColor>true</noForegroundColor>
</targetLabel>
<points>
<point x="1244" y="237"/>
<point x="1133" y="237"/>
</points>
</Connector>
<Connector class="oracle.dbtools.crest.swingui.logical.TVRelation" oid="4B008031-C242-4CAE-4123-A15CE0303486" otype="Relation" vid_source="2A404E32-75EE-05BA-C1D6-EC1B9966D6CD" vid_target="8538BA91-528A-4E5D-5370-AD5FBCD74C51">
<hideElementsInCurrentOnly>false</hideElementsInCurrentOnly>
<backgroundColor>-16777216</backgroundColor>
<lineWidth>1</lineWidth>
<sourceLabel class="oracle.dbtools.crest.model.design.Label">
<site>0</site>
<labelBounds x="416" y="138" width="66" height="30"/>
<noBackgroundColor>true</noBackgroundColor>
<noForegroundColor>true</noForegroundColor>
</sourceLabel>
<targetLabel class="oracle.dbtools.crest.model.design.Label">
<site>2</site>
<labelBounds x="574" y="228" width="39" height="30"/>
<noBackgroundColor>true</noBackgroundColor>
<noForegroundColor>true</noForegroundColor>
</targetLabel>
<points>
<point x="416" y="102"/>
<point x="619" y="228"/>
</points>
</Connector>
<Connector class="oracle.dbtools.crest.swingui.logical.TVRelation" oid="4DA875B2-F29A-6279-ACCB-464F30DC7ED0" otype="Relation" vid_source="081C3C35-C99D-5DA9-42C4-17B05895D075" vid_target="7ABF0164-986B-5D5A-BA2E-312474AB0C9F">
<hideElementsInCurrentOnly>false</hideElementsInCurrentOnly>
<backgroundColor>-16777216</backgroundColor>
<lineWidth>1</lineWidth>
<sourceLabel class="oracle.dbtools.crest.model.design.Label">
<site>0</site>
<labelBounds x="1027" y="426" width="51" height="30"/>
<noBackgroundColor>true</noBackgroundColor>
<noForegroundColor>true</noForegroundColor>
</sourceLabel>
<targetLabel class="oracle.dbtools.crest.model.design.Label">
<site>2</site>
<labelBounds x="1027" y="409" width="49" height="30"/>
<noBackgroundColor>true</noBackgroundColor>
<noForegroundColor>true</noForegroundColor>
</targetLabel>
<points>
<point x="1027" y="382"/>
<point x="1027" y="445"/>
</points>
</Connector>
<Connector class="oracle.dbtools.crest.swingui.logical.TVInheritanceRelation" oid="6F42998A-5440-E58C-AC8F-69772B67A69F" otype="Hierarchy relation" vid_source="82A05AFB-9E5A-9D05-7111-0A9E6A543CF5" vid_target="081C3C35-C99D-5DA9-42C4-17B05895D075">
<hideElementsInCurrentOnly>false</hideElementsInCurrentOnly>
<backgroundColor>-65536</backgroundColor>
<lineWidth>1</lineWidth>
<points>
<point x="1026" y="160"/>
<point x="1026" y="224"/>
</points>
</Connector>
<Connector class="oracle.dbtools.crest.swingui.logical.TVRelation" oid="7AE57255-2486-BBB1-B7F4-8ECE534A133E" otype="Relation" vid_source="7ABF0164-986B-5D5A-BA2E-312474AB0C9F" vid_target="5B195273-B56F-537E-E2BE-7C440EF91001">
<hideElementsInCurrentOnly>false</hideElementsInCurrentOnly>
<backgroundColor>-16777216</backgroundColor>
<lineWidth>1</lineWidth>
<sourceLabel class="oracle.dbtools.crest.model.design.Label">
<site>0</site>
<labelBounds x="678" y="619" width="44" height="30"/>
<noBackgroundColor>true</noBackgroundColor>
<noForegroundColor>true</noForegroundColor>
</sourceLabel>
<targetLabel class="oracle.dbtools.crest.model.design.Label">
<site>2</site>
<labelBounds x="678" y="617" width="63" height="30"/>
<noBackgroundColor>true</noBackgroundColor>
<noForegroundColor>true</noForegroundColor>
</targetLabel>
<points>
<point x="678" y="575"/>
<point x="678" y="653"/>
</points>
</Connector>
<Connector class="oracle.dbtools.crest.swingui.logical.TVRelation" oid="7D02AE34-E6ED-7124-0002-C3FD6BF25EC1" otype="Relation" vid_source="7ABF0164-986B-5D5A-BA2E-312474AB0C9F" vid_target="7ABF0164-986B-5D5A-BA2E-312474AB0C9F">
<hideElementsInCurrentOnly>false</hideElementsInCurrentOnly>
<backgroundColor>-16777216</backgroundColor>
<lineWidth>1</lineWidth>
<sourceLabel class="oracle.dbtools.crest.model.design.Label">
<site>0</site>
<labelBounds x="1168" y="506" width="44" height="30"/>
<noBackgroundColor>true</noBackgroundColor>
<noForegroundColor>true</noForegroundColor>
</sourceLabel>
<targetLabel class="oracle.dbtools.crest.model.design.Label">
<site>2</site>
<labelBounds x="1086" y="590" width="56" height="30"/>
<noBackgroundColor>true</noBackgroundColor>
<noForegroundColor>true</noForegroundColor>
</targetLabel>
<points>
<point x="1143" y="521"/>
<point x="1168" y="521"/>
<point x="1169" y="604"/>
<point x="1086" y="603"/>
<point x="1086" y="575"/>
</points>
</Connector>
<Connector class="oracle.dbtools.crest.swingui.logical.TVRelation" oid="9D4D82A5-9817-9EB6-419E-AA4187136586" otype="Relation" vid_source="8538BA91-528A-4E5D-5370-AD5FBCD74C51" vid_target="7ABF0164-986B-5D5A-BA2E-312474AB0C9F">
<hideElementsInCurrentOnly>false</hideElementsInCurrentOnly>
<backgroundColor>-16777216</backgroundColor>
<lineWidth>1</lineWidth>
<sourceLabel class="oracle.dbtools.crest.model.design.Label">
<site>0</site>
<labelBounds x="724" y="411" width="47" height="30"/>
<noBackgroundColor>true</noBackgroundColor>
<noForegroundColor>true</noForegroundColor>
</sourceLabel>
<targetLabel class="oracle.dbtools.crest.model.design.Label">
<site>2</site>
<labelBounds x="724" y="393" width="72" height="30"/>
<noBackgroundColor>true</noBackgroundColor>
<noForegroundColor>true</noForegroundColor>
</targetLabel>
<points>
<point x="724" y="367"/>
<point x="724" y="445"/>
</points>
</Connector>
<Connector class="oracle.dbtools.crest.swingui.logical.TVRelation" oid="A845FF52-96F8-E7DC-C300-2AA38AF092C8" otype="Relation" vid_source="2D148C0D-BB58-3EDF-F4C0-A4F0729DEF19" vid_target="081C3C35-C99D-5DA9-42C4-17B05895D075">
<hideElementsInCurrentOnly>false</hideElementsInCurrentOnly>
<backgroundColor>-16777216</backgroundColor>
<lineWidth>1</lineWidth>
<sourceLabel class="oracle.dbtools.crest.model.design.Label">
<site>0</site>
<labelBounds x="1210" y="330" width="25" height="30"/>
<noBackgroundColor>true</noBackgroundColor>
<noForegroundColor>true</noForegroundColor>
</sourceLabel>
<targetLabel class="oracle.dbtools.crest.model.design.Label">
<site>2</site>
<labelBounds x="1143" y="363" width="25" height="30"/>
<noBackgroundColor>true</noBackgroundColor>
<noForegroundColor>true</noForegroundColor>
</targetLabel>
<points>
<point x="1241" y="360"/>
<point x="1133" y="360"/>
</points>
</Connector>
<Connector class="oracle.dbtools.crest.swingui.logical.TVRelation" oid="B52EC56C-2D1E-4311-EFFC-98F2AA7A4710" otype="Relation" vid_source="1101FFA7-0ED2-A736-7EFE-4F08ED2683C1" vid_target="7CA17340-2210-DF81-1C87-7638D3D24099">
<hideElementsInCurrentOnly>false</hideElementsInCurrentOnly>
<backgroundColor>-16777216</backgroundColor>
<lineWidth>1</lineWidth>
<sourceLabel class="oracle.dbtools.crest.model.design.Label">
<site>0</site>
<labelBounds x="1343" y="156" width="39" height="30"/>
<noBackgroundColor>true</noBackgroundColor>
<noForegroundColor>true</noForegroundColor>
</sourceLabel>
<targetLabel class="oracle.dbtools.crest.model.design.Label">
<site>2</site>
<labelBounds x="1343" y="118" width="63" height="30"/>
<noBackgroundColor>true</noBackgroundColor>
<noForegroundColor>true</noForegroundColor>
</targetLabel>
<points>
<point x="1343" y="120"/>
<point x="1343" y="162"/>
</points>
</Connector>
<Connector class="oracle.dbtools.crest.swingui.logical.TVRelation" oid="C482C5FE-672E-BD88-69CE-83605994D92F" otype="Relation" vid_source="B070D5DF-B23B-7885-4382-FED641E22D9F" vid_target="8538BA91-528A-4E5D-5370-AD5FBCD74C51">
<hideElementsInCurrentOnly>false</hideElementsInCurrentOnly>
<backgroundColor>-16777216</backgroundColor>
<lineWidth>1</lineWidth>
<sourceLabel class="oracle.dbtools.crest.model.design.Label">
<site>0</site>
<labelBounds x="477" y="302" width="39" height="30"/>
<noBackgroundColor>true</noBackgroundColor>
<noForegroundColor>true</noForegroundColor>
</sourceLabel>
<targetLabel class="oracle.dbtools.crest.model.design.Label">
<site>2</site>
<labelBounds x="574" y="335" width="39" height="30"/>
<noBackgroundColor>true</noBackgroundColor>
<noForegroundColor>true</noForegroundColor>
</targetLabel>
<points>
<point x="467" y="332"/>
<point x="619" y="332"/>
</points>
</Connector>
<Connector class="oracle.dbtools.crest.swingui.logical.TVRelation" oid="D6C18B7C-BE8D-7CCD-BB55-DC0EDD4E7CAB" otype="Relation" vid_source="E8269B9C-50B7-2814-8DC4-7BB3B6BFDCC4" vid_target="8538BA91-528A-4E5D-5370-AD5FBCD74C51">
<hideElementsInCurrentOnly>false</hideElementsInCurrentOnly>
<backgroundColor>-16777216</backgroundColor>
<lineWidth>1</lineWidth>
<sourceLabel class="oracle.dbtools.crest.model.design.Label">
<site>0</site>
<labelBounds x="426" y="450" width="39" height="30"/>
<noBackgroundColor>true</noBackgroundColor>
<noForegroundColor>true</noForegroundColor>
</sourceLabel>
<targetLabel class="oracle.dbtools.crest.model.design.Label">
<site>2</site>
<labelBounds x="550" y="362" width="63" height="24"/>
<noBackgroundColor>true</noBackgroundColor>
<noForegroundColor>true</noForegroundColor>
</targetLabel>
<points>
<point x="426" y="486"/>
<point x="619" y="362"/>
</points>
</Connector>
<Connector class="oracle.dbtools.crest.swingui.logical.TVInheritanceRelation" oid="DD42E047-46C8-33C3-AA66-29D218F7A557" otype="Hierarchy relation" vid_source="82A05AFB-9E5A-9D05-7111-0A9E6A543CF5" vid_target="8538BA91-528A-4E5D-5370-AD5FBCD74C51">
<hideElementsInCurrentOnly>false</hideElementsInCurrentOnly>
<backgroundColor>-65536</backgroundColor>
<lineWidth>1</lineWidth>
<points>
<point x="724" y="160"/>
<point x="724" y="223"/>
</points>
</Connector>
<Connector class="oracle.dbtools.crest.swingui.logical.TVRelation" oid="E583D849-F9D9-AB2B-E169-233D35A40022" otype="Relation" vid_source="8538BA91-528A-4E5D-5370-AD5FBCD74C51" vid_target="8538BA91-528A-4E5D-5370-AD5FBCD74C51">
<hideElementsInCurrentOnly>false</hideElementsInCurrentOnly>
<backgroundColor>-16777216</backgroundColor>
<lineWidth>1</lineWidth>
<sourceLabel class="oracle.dbtools.crest.model.design.Label">
<site>0</site>
<labelBounds x="854" y="292" width="58" height="30"/>
<noBackgroundColor>true</noBackgroundColor>
<noForegroundColor>true</noForegroundColor>
</sourceLabel>
<targetLabel class="oracle.dbtools.crest.model.design.Label">
<site>2</site>
<labelBounds x="742" y="379" width="70" height="30"/>
<noBackgroundColor>true</noBackgroundColor>
<noForegroundColor>true</noForegroundColor>
</targetLabel>
<points>
<point x="829" y="307"/>
<point x="854" y="307"/>
<point x="854" y="392"/>
<point x="742" y="392"/>
<point x="742" y="367"/>
</points>
</Connector>
<Connector class="oracle.dbtools.crest.swingui.logical.TVRelation" oid="E6A9C929-E882-AB1D-07B9-81DE0D72C77C" otype="Relation" vid_source="7ABF0164-986B-5D5A-BA2E-312474AB0C9F" vid_target="60ADC583-E157-1E1E-D138-6D11FCF1FE1D">
<hideElementsInCurrentOnly>false</hideElementsInCurrentOnly>
<backgroundColor>-16777216</backgroundColor>
<lineWidth>1</lineWidth>
<sourceLabel class="oracle.dbtools.crest.model.design.Label">
<site>0</site>
<labelBounds x="956" y="635" width="51" height="30"/>
<noBackgroundColor>true</noBackgroundColor>
<noForegroundColor>true</noForegroundColor>
</sourceLabel>
<targetLabel class="oracle.dbtools.crest.model.design.Label">
<site>2</site>
<labelBounds x="956" y="614" width="39" height="31"/>
<noBackgroundColor>true</noBackgroundColor>
<noForegroundColor>true</noForegroundColor>
</targetLabel>
<points>
<point x="956" y="575"/>
<point x="956" y="651"/>
</points>
</Connector>
<Connector class="oracle.dbtools.crest.swingui.logical.TVRelation" oid="F2C28D50-08C2-3384-8809-83E730433073" otype="Relation" vid_source="F44B42B8-BEE5-E4A8-23C5-B4C9CBF751AE" vid_target="8538BA91-528A-4E5D-5370-AD5FBCD74C51">
<hideElementsInCurrentOnly>false</hideElementsInCurrentOnly>
<backgroundColor>-16777216</backgroundColor>
<lineWidth>1</lineWidth>
<sourceLabel class="oracle.dbtools.crest.model.design.Label">
<site>0</site>
<labelBounds x="459" y="223" width="63" height="30"/>
<noBackgroundColor>true</noBackgroundColor>
<noForegroundColor>true</noForegroundColor>
</sourceLabel>
<targetLabel class="oracle.dbtools.crest.model.design.Label">
<site>2</site>
<labelBounds x="574" y="256" width="39" height="30"/>
<noBackgroundColor>true</noBackgroundColor>
<noForegroundColor>true</noForegroundColor>
</targetLabel>
<points>
<point x="449" y="253"/>
<point x="619" y="253"/>
</points>
</Connector>
</connectors>
</Diagram>