<?xml version = '1.0' encoding = 'UTF-8'?>
<Entity class="oracle.dbtools.crest.model.design.logical.Entity" directorySegmentName="seg_0" id="A8B116BE-987A-1C40-B0E4-AB98628C29AF" name="VUELO">
<createdBy>pedro</createdBy>
<createdTime>2025-08-16 18:38:34 UTC</createdTime>
<ownerDesignName>BT&amp;Airways</ownerDesignName>
<engineerTo>
<item key="5955DDBF-08CB-A6EE-3FD0-93042A9AD531" value="true"/>
</engineerTo>
<adequatelyNormalized>NO</adequatelyNormalized>
<expectedVolumes>0</expectedVolumes>
<fwdEngineeringStrategyName>Single Table</fwdEngineeringStrategyName>
<growthPercent>0</growthPercent>
<growthType>Year</growthType>
<maxVolumes>9999999</maxVolumes>
<minVolumes>0</minVolumes>
<normalForm>Third</normalForm>
<attributes itemClass="oracle.dbtools.crest.model.design.logical.Attribute">
<Attribute name="id_vuelo" id="DEECB38C-E4EA-22F3-29A0-1357CF3D1465">
<createdBy>pedro</createdBy>
<createdTime>2025-08-16 18:41:50 UTC</createdTime>
<ownerDesignName>BT&amp;Airways</ownerDesignName>
<engineerTo>
<item key="5955DDBF-08CB-A6EE-3FD0-93042A9AD531" value="true"/>
</engineerTo>
<useDomainConstraints>false</useDomainConstraints>
<use>1</use>
<logicalDatatype>LOGDT019</logicalDatatype>
<ownDataTypeParameters>,,</ownDataTypeParameters>
</Attribute>
<Attribute name="nro_vuelo" id="11898A30-4AE0-ADEF-0670-6F65E7CCC62F">
<createdBy>pedro</createdBy>
<createdTime>2025-08-16 18:40:54 UTC</createdTime>
<ownerDesignName>BT&amp;Airways</ownerDesignName>
<engineerTo>
<item key="5955DDBF-08CB-A6EE-3FD0-93042A9AD531" value="true"/>
</engineerTo>
<nullsAllowed>true</nullsAllowed>
<useDomainConstraints>false</useDomainConstraints>
<use>1</use>
<logicalDatatype>LOGDT024</logicalDatatype>
<ownDataTypeParameters>,,</ownDataTypeParameters>
</Attribute>
<Attribute name="f_despegue" id="1AF47F0E-1542-AD08-A088-B8D36B1B1F78">
<createdBy>pedro</createdBy>
<createdTime>2025-08-16 18:38:57 UTC</createdTime>
<ownerDesignName>BT&amp;Airways</ownerDesignName>
<engineerTo>
<item key="5955DDBF-08CB-A6EE-3FD0-93042A9AD531" value="true"/>
</engineerTo>
<nullsAllowed>true</nullsAllowed>
<useDomainConstraints>false</useDomainConstraints>
<use>1</use>
<logicalDatatype>LOGDT007</logicalDatatype>
<ownDataTypeParameters>,,</ownDataTypeParameters>
</Attribute>
<Attribute name="h_despegue" id="FD268678-44E3-B4BC-202B-BE3607621CBF">
<createdBy>pedro</createdBy>
<createdTime>2025-08-16 18:41:12 UTC</createdTime>
<ownerDesignName>BT&amp;Airways</ownerDesignName>
<engineerTo>
<item key="5955DDBF-08CB-A6EE-3FD0-93042A9AD531" value="true"/>
</engineerTo>
<useDomainConstraints>false</useDomainConstraints>
<use>1</use>
<logicalDatatype>LOGDT008</logicalDatatype>
<ownDataTypeParameters>,,</ownDataTypeParameters>
</Attribute>
<Attribute name="f_llegada" id="CFA1FDD6-DDE6-FE0F-1324-4AB52C858801">
<createdBy>pedro</createdBy>
<createdTime>2025-08-16 18:40:35 UTC</createdTime>
<ownerDesignName>BT&amp;Airways</ownerDesignName>
<engineerTo>
<item key="5955DDBF-08CB-A6EE-3FD0-93042A9AD531" value="true"/>
</engineerTo>
<nullsAllowed>true</nullsAllowed>
<useDomainConstraints>false</useDomainConstraints>
<use>1</use>
<logicalDatatype>LOGDT007</logicalDatatype>
<ownDataTypeParameters>,,</ownDataTypeParameters>
</Attribute>
</attributes>
<identifiers itemClass="oracle.dbtools.crest.model.design.logical.CandidateKey">
<identifier id="9E5C775B-4A04-7DB9-00AB-BE29269F8C93" name="VUELO PK">
<createdBy>pedro</createdBy>
<createdTime>2025-08-16 18:42:08 UTC</createdTime>
<ownerDesignName>BT&amp;Airways</ownerDesignName>
<engineerTo>
<item key="5955DDBF-08CB-A6EE-3FD0-93042A9AD531" value="true"/>
</engineerTo>
<pk>true</pk>
<usedAttributes>
<attributeRef>DEECB38C-E4EA-22F3-29A0-1357CF3D1465</attributeRef>
</usedAttributes>
</identifier>
</identifiers>
</Entity>