<?xml version = '1.0' encoding = 'UTF-8'?>
<Entity class="oracle.dbtools.crest.model.design.logical.Entity" directorySegmentName="seg_0" id="F92ACB6D-1328-9B3A-029F-593F4B745412" name="PASAJERO">
<createdBy>pedro</createdBy>
<createdTime>2025-08-16 18:42:13 UTC</createdTime>
<ownerDesignName>BT&amp;Airways</ownerDesignName>
<engineerTo>
<item key="5955DDBF-08CB-A6EE-3FD0-93042A9AD531" value="true"/>
</engineerTo>
<adequatelyNormalized>NO</adequatelyNormalized>
<expectedVolumes>0</expectedVolumes>
<fwdEngineeringStrategyName>Single Table</fwdEngineeringStrategyName>
<growthPercent>0</growthPercent>
<growthType>Year</growthType>
<maxVolumes>9999999</maxVolumes>
<minVolumes>0</minVolumes>
<normalForm>Third</normalForm>
<attributes itemClass="oracle.dbtools.crest.model.design.logical.Attribute">
<Attribute name="id_pasajero" id="9C6703C8-3C7C-AF31-664F-781DD912D1A4">
<createdBy>pedro</createdBy>
<createdTime>2025-08-16 18:42:22 UTC</createdTime>
<ownerDesignName>BT&amp;Airways</ownerDesignName>
<engineerTo>
<item key="5955DDBF-08CB-A6EE-3FD0-93042A9AD531" value="true"/>
</engineerTo>
<useDomainConstraints>false</useDomainConstraints>
<use>1</use>
<logicalDatatype>LOGDT019</logicalDatatype>
<ownDataTypeParameters>,,</ownDataTypeParameters>
</Attribute>
<Attribute name="rut_pasaporte" id="420F8DB5-6FDA-8770-3200-121BAE14D29F">
<createdBy>pedro</createdBy>
<createdTime>2025-08-16 18:42:33 UTC</createdTime>
<ownerDesignName>BT&amp;Airways</ownerDesignName>
<engineerTo>
<item key="5955DDBF-08CB-A6EE-3FD0-93042A9AD531" value="true"/>
</engineerTo>
<useDomainConstraints>false</useDomainConstraints>
<use>1</use>
<logicalDatatype>LOGDT024</logicalDatatype>
<ownDataTypeParameters>,,</ownDataTypeParameters>
</Attribute>
<Attribute name="nombre_completo" id="9C1477F1-9091-6CCE-0FDB-9651334BD8E2">
<createdBy>pedro</createdBy>
<createdTime>2025-08-16 18:42:45 UTC</createdTime>
<ownerDesignName>BT&amp;Airways</ownerDesignName>
<engineerTo>
<item key="5955DDBF-08CB-A6EE-3FD0-93042A9AD531" value="true"/>
</engineerTo>
<useDomainConstraints>false</useDomainConstraints>
<use>1</use>
<logicalDatatype>LOGDT024</logicalDatatype>
<ownDataTypeParameters>,,</ownDataTypeParameters>
</Attribute>
<Attribute name="f_nacimiento" id="EC9E00B7-7B1E-270A-BD88-207CF1E0EBF3">
<createdBy>pedro</createdBy>
<createdTime>2025-08-16 18:43:01 UTC</createdTime>
<ownerDesignName>BT&amp;Airways</ownerDesignName>
<engineerTo>
<item key="5955DDBF-08CB-A6EE-3FD0-93042A9AD531" value="true"/>
</engineerTo>
<useDomainConstraints>false</useDomainConstraints>
<use>1</use>
<logicalDatatype>LOGDT007</logicalDatatype>
<ownDataTypeParameters>,,</ownDataTypeParameters>
</Attribute>
<Attribute name="nacionalidad" id="9E255BC1-46ED-CA34-F8B0-CE46289670FB">
<createdBy>pedro</createdBy>
<createdTime>2025-08-16 18:43:11 UTC</createdTime>
<ownerDesignName>BT&amp;Airways</ownerDesignName>
<engineerTo>
<item key="5955DDBF-08CB-A6EE-3FD0-93042A9AD531" value="true"/>
</engineerTo>
<useDomainConstraints>false</useDomainConstraints>
<use>1</use>
<logicalDatatype>LOGDT024</logicalDatatype>
<ownDataTypeParameters>,,</ownDataTypeParameters>
</Attribute>
<Attribute name="telefono" id="5D84BDD7-7A48-2FF2-CB35-0616B19C9C86">
<createdBy>pedro</createdBy>
<createdTime>2025-08-16 18:43:16 UTC</createdTime>
<ownerDesignName>BT&amp;Airways</ownerDesignName>
<engineerTo>
<item key="5955DDBF-08CB-A6EE-3FD0-93042A9AD531" value="true"/>
</engineerTo>
<nullsAllowed>true</nullsAllowed>
<useDomainConstraints>false</useDomainConstraints>
<use>1</use>
<logicalDatatype>LOGDT019</logicalDatatype>
<ownDataTypeParameters>,,</ownDataTypeParameters>
</Attribute>
<Attribute name="correo" id="981537AF-60D7-FA42-9281-D14C42487631">
<createdBy>pedro</createdBy>
<createdTime>2025-08-16 18:43:38 UTC</createdTime>
<ownerDesignName>BT&amp;Airways</ownerDesignName>
<engineerTo>
<item key="5955DDBF-08CB-A6EE-3FD0-93042A9AD531" value="true"/>
</engineerTo>
<nullsAllowed>true</nullsAllowed>
<useDomainConstraints>false</useDomainConstraints>
<use>1</use>
<logicalDatatype>LOGDT024</logicalDatatype>
<ownDataTypeParameters>,,</ownDataTypeParameters>
</Attribute>
</attributes>
<identifiers itemClass="oracle.dbtools.crest.model.design.logical.CandidateKey">
<identifier id="E3F497E2-058A-EBE6-EADE-A955E284D344" name="PASAJERO PK">
<createdBy>pedro</createdBy>
<createdTime>2025-08-16 18:42:31 UTC</createdTime>
<ownerDesignName>BT&amp;Airways</ownerDesignName>
<engineerTo>
<item key="5955DDBF-08CB-A6EE-3FD0-93042A9AD531" value="true"/>
</engineerTo>
<pk>true</pk>
<usedAttributes>
<attributeRef>9C6703C8-3C7C-AF31-664F-781DD912D1A4</attributeRef>
</usedAttributes>
</identifier>
</identifiers>
</Entity>