<?xml version = '1.0' encoding = 'UTF-8'?>
<FKIndexAssociation class="oracle.dbtools.crest.model.design.relational.FKIndexAssociation" directorySegmentName="seg_0" id="0782A0B7-DA64-8FCB-3279-DBCEF924EF3A" containerWithKeyObject="B7AFD83F-B2C9-C018-7102-CEDC20559A5B" localFKIndex="AB103746-CA5A-CD3C-AE9B-737960F379B8" name="FK_ATENCION_MEDICA_MEDICO">
<createdBy>pedro</createdBy>
<createdTime>2025-09-12 00:26:00 UTC</createdTime>
<generatorID>684D309E-0F3D-8CAD-150A-1F837B828AB4</generatorID>
<ownerDesignName>Sumativa2</ownerDesignName>
<referredTableLongName>MEDICO</referredTableLongName>
<deleteRule>NO ACTION</deleteRule>
<referredTableID>240542B9-AF51-7577-EEA2-44A57ED68009</referredTableID>
<keyObject>5EA268FF-A9C0-6C35-D421-2D9E335D300C</keyObject>
<referredKeyID>5EA268FF-A9C0-6C35-D421-2D9E335D300C</referredKeyID>
<mandatory>true</mandatory>
<refColNames>id_medico</refColNames>
<transferable>true</transferable>
<rely>false</rely>
<columnDependencyConstraintGenerateInDDL>true</columnDependencyConstraintGenerateInDDL>
</FKIndexAssociation>