<?xml version = '1.0' encoding = 'UTF-8'?>
<FKIndexAssociation class="oracle.dbtools.crest.model.design.relational.FKIndexAssociation" directorySegmentName="seg_0" id="10EB2340-0FA0-E4DA-0E81-1A10091E09E4" containerWithKeyObject="240542B9-AF51-7577-EEA2-44A57ED68009" localFKIndex="A97AE995-AEC2-AD95-859E-E04E309461E9" name="FK_MEDICO_PERSONA">
<createdBy>pedro</createdBy>
<createdTime>2025-09-12 00:25:15 UTC</createdTime>
<generatorID>DD42E047-46C8-33C3-AA66-29D218F7A557</generatorID>
<ownerDesignName>Sumativa2</ownerDesignName>
<referredTableLongName>PERSONA</referredTableLongName>
<deleteRule>NO ACTION</deleteRule>
<referredTableID>588E99D6-CC85-DC21-C1ED-754C2A8389E3</referredTableID>
<keyObject>0D042948-8DB5-0187-EC39-CAA8930639D7</keyObject>
<referredKeyID>0D042948-8DB5-0187-EC39-CAA8930639D7</referredKeyID>
<mandatory>true</mandatory>
<refColNames>rut</refColNames>
<transferable>true</transferable>
<rely>false</rely>
<columnDependencyConstraintGenerateInDDL>true</columnDependencyConstraintGenerateInDDL>
</FKIndexAssociation>