<?xml version = '1.0' encoding = 'UTF-8'?>
<FKIndexAssociation class="oracle.dbtools.crest.model.design.relational.FKIndexAssociation" directorySegmentName="seg_0" id="23A2A424-E547-8C37-A4B7-C2FF02F2F9AE" containerWithKeyObject="240542B9-AF51-7577-EEA2-44A57ED68009" localFKIndex="54FCD4D7-2FF3-5A2A-8EFF-5132A89ADD40" name="FK_MEDICO_ESPECIALIDAD">
<createdBy>pedro</createdBy>
<createdTime>2025-09-12 00:25:48 UTC</createdTime>
<generatorID>67598AE5-05D1-1C2C-B5C5-8EEE10D4CA56</generatorID>
<ownerDesignName>Sumativa2</ownerDesignName>
<referredTableLongName>ESPECIALIDAD</referredTableLongName>
<deleteRule>NO ACTION</deleteRule>
<referredTableID>74C8AB91-A6EA-6631-2278-20F1DCCFB48B</referredTableID>
<keyObject>4A87B2F7-D88E-CBD4-E839-229A76024CAA</keyObject>
<referredKeyID>4A87B2F7-D88E-CBD4-E839-229A76024CAA</referredKeyID>
<mandatory>true</mandatory>
<refColNames>id_especialidad</refColNames>
<transferable>true</transferable>
<rely>false</rely>
<columnDependencyConstraintGenerateInDDL>true</columnDependencyConstraintGenerateInDDL>
</FKIndexAssociation>