<?xml version = '1.0' encoding = 'UTF-8'?>
<FKIndexAssociation class="oracle.dbtools.crest.model.design.relational.FKIndexAssociation" directorySegmentName="seg_0" id="291AA6AD-5CCF-B998-C056-291930D272E7" containerWithKeyObject="EA035234-0A65-A668-AB30-82A7904312C3" localFKIndex="EB754171-7A72-6B94-F03B-65DCEEA4D95C" name="FK_EXAMEN_ATENCION_MEDICA">
<createdBy>pedro</createdBy>
<createdTime>2025-09-12 00:25:15 UTC</createdTime>
<generatorID>7AE57255-2486-BBB1-B7F4-8ECE534A133E</generatorID>
<ownerDesignName>Sumativa2</ownerDesignName>
<referredTableLongName>ATENCION_MEDICA</referredTableLongName>
<deleteRule>NO ACTION</deleteRule>
<referredTableID>B7AFD83F-B2C9-C018-7102-CEDC20559A5B</referredTableID>
<keyObject>0C363960-494C-243C-91F5-154FB649920F</keyObject>
<referredKeyID>0C363960-494C-243C-91F5-154FB649920F</referredKeyID>
<mandatory>true</mandatory>
<refColNames>id_atencion</refColNames>
<transferable>true</transferable>
<rely>false</rely>
<columnDependencyConstraintGenerateInDDL>true</columnDependencyConstraintGenerateInDDL>
</FKIndexAssociation>