<?xml version = '1.0' encoding = 'UTF-8'?>
<FKIndexAssociation class="oracle.dbtools.crest.model.design.relational.FKIndexAssociation" directorySegmentName="seg_0" id="8C722125-ED86-E6DD-0D7A-88A2BE5F2C32" containerWithKeyObject="D4F062B0-1CF0-A505-12C6-019C274066A0" localFKIndex="608CCA48-23F6-3951-0BB9-1E2EF05F3443" name="FK_COMUNA_REGION">
<createdBy>pedro</createdBy>
<createdTime>2025-09-12 00:29:15 UTC</createdTime>
<generatorID>E6EB4050-6010-8060-5304-0615E7473D90</generatorID>
<ownerDesignName>Sumativa2</ownerDesignName>
<referredTableLongName>REGION</referredTableLongName>
<deleteRule>NO ACTION</deleteRule>
<referredTableID>928D25D0-B974-0582-E223-CA14D46DDE67</referredTableID>
<keyObject>8C8BDDD6-7E86-E821-6491-660527AD1DD4</keyObject>
<referredKeyID>8C8BDDD6-7E86-E821-6491-660527AD1DD4</referredKeyID>
<mandatory>true</mandatory>
<refColNames>id_region</refColNames>
<transferable>true</transferable>
<rely>false</rely>
<columnDependencyConstraintGenerateInDDL>true</columnDependencyConstraintGenerateInDDL>
</FKIndexAssociation>