<?xml version = '1.0' encoding = 'UTF-8'?>
<FKIndexAssociation class="oracle.dbtools.crest.model.design.relational.FKIndexAssociation" directorySegmentName="seg_0" id="A219AF90-FFB9-24B6-B5BA-C884CCD135D0" containerWithKeyObject="240542B9-AF51-7577-EEA2-44A57ED68009" localFKIndex="3C93DD11-38F2-CE25-CB19-D7ED17A25770" name="FK_MEDICO_SALUD">
<createdBy>pedro</createdBy>
<createdTime>2025-09-12 00:25:15 UTC</createdTime>
<generatorID>F2C28D50-08C2-3384-8809-83E730433073</generatorID>
<ownerDesignName>Sumativa2</ownerDesignName>
<referredTableLongName>SALUD</referredTableLongName>
<deleteRule>NO ACTION</deleteRule>
<referredTableID>86ECF54A-CC93-5520-A04C-247AB390722A</referredTableID>
<keyObject>4337948D-8F1E-74C7-4680-2B262335BB79</keyObject>
<referredKeyID>4337948D-8F1E-74C7-4680-2B262335BB79</referredKeyID>
<mandatory>true</mandatory>
<refColNames>id_salud</refColNames>
<transferable>true</transferable>
<rely>false</rely>
<columnDependencyConstraintGenerateInDDL>true</columnDependencyConstraintGenerateInDDL>
</FKIndexAssociation>