<?xml version = '1.0' encoding = 'UTF-8'?>
<FKIndexAssociation class="oracle.dbtools.crest.model.design.relational.FKIndexAssociation" directorySegmentName="seg_0" id="B4B94E1A-D2F4-96DC-72C0-B354DB04D3EB" containerWithKeyObject="99BC4364-1024-831F-780F-D65C01DFE8C5" localFKIndex="E504FA5D-27CB-00D7-E4EF-6872905F071D" name="FK_PACIENTE_COMUNA">
<createdBy>pedro</createdBy>
<createdTime>2025-09-12 00:28:13 UTC</createdTime>
<generatorID>41D36147-7823-4F6A-B6C0-0729A621C300</generatorID>
<ownerDesignName>Sumativa2</ownerDesignName>
<referredTableLongName>COMUNA</referredTableLongName>
<deleteRule>NO ACTION</deleteRule>
<referredTableID>D4F062B0-1CF0-A505-12C6-019C274066A0</referredTableID>
<keyObject>1C05F38C-AC46-0026-9438-F91E56864E0C</keyObject>
<referredKeyID>1C05F38C-AC46-0026-9438-F91E56864E0C</referredKeyID>
<mandatory>true</mandatory>
<refColNames>id_comuna</refColNames>
<transferable>true</transferable>
<rely>false</rely>
<columnDependencyConstraintGenerateInDDL>true</columnDependencyConstraintGenerateInDDL>
</FKIndexAssociation>