<?xml version = '1.0' encoding = 'UTF-8'?>
<FKIndexAssociation class="oracle.dbtools.crest.model.design.relational.FKIndexAssociation" directorySegmentName="seg_0" id="BC586890-AEED-626C-FEE6-B3C11F221019" containerWithKeyObject="240542B9-AF51-7577-EEA2-44A57ED68009" localFKIndex="91DE6FE1-0858-C38A-5A6B-193177879A80" name="FK_MEDICO_UNIDAD">
<createdBy>pedro</createdBy>
<createdTime>2025-09-12 00:25:54 UTC</createdTime>
<generatorID>6BD93C5D-7065-04CF-B6AE-DEB74913DCB4</generatorID>
<ownerDesignName>Sumativa2</ownerDesignName>
<referredTableLongName>UNIDAD</referredTableLongName>
<deleteRule>NO ACTION</deleteRule>
<referredTableID>922FBDBE-1095-E958-F71C-C3484AEC8D8E</referredTableID>
<keyObject>9DB22E60-2C32-6865-1E04-E65E2CEDA50C</keyObject>
<referredKeyID>9DB22E60-2C32-6865-1E04-E65E2CEDA50C</referredKeyID>
<mandatory>true</mandatory>
<refColNames>id_unidad</refColNames>
<transferable>true</transferable>
<rely>false</rely>
<columnDependencyConstraintGenerateInDDL>true</columnDependencyConstraintGenerateInDDL>
</FKIndexAssociation>