<?xml version = '1.0' encoding = 'UTF-8'?>
<FKIndexAssociation class="oracle.dbtools.crest.model.design.relational.FKIndexAssociation" directorySegmentName="seg_0" id="C4BAE11D-2338-555A-93CF-9D168FAF1887" containerWithKeyObject="99BC4364-1024-831F-780F-D65C01DFE8C5" localFKIndex="FEF79184-F7E1-6C2D-32E7-AACFD93D700A" name="FK_PACIENTE_PERSONA">
<createdBy>pedro</createdBy>
<createdTime>2025-09-12 00:25:15 UTC</createdTime>
<generatorID>6F42998A-5440-E58C-AC8F-69772B67A69F</generatorID>
<ownerDesignName>Sumativa2</ownerDesignName>
<referredTableLongName>PERSONA</referredTableLongName>
<deleteRule>NO ACTION</deleteRule>
<referredTableID>588E99D6-CC85-DC21-C1ED-754C2A8389E3</referredTableID>
<keyObject>0D042948-8DB5-0187-EC39-CAA8930639D7</keyObject>
<referredKeyID>0D042948-8DB5-0187-EC39-CAA8930639D7</referredKeyID>
<mandatory>true</mandatory>
<refColNames>rut</refColNames>
<transferable>true</transferable>
<rely>false</rely>
<columnDependencyConstraintGenerateInDDL>true</columnDependencyConstraintGenerateInDDL>
</FKIndexAssociation>