<?xml version = '1.0' encoding = 'UTF-8'?>
<FKIndexAssociation class="oracle.dbtools.crest.model.design.relational.FKIndexAssociation" directorySegmentName="seg_0" id="C83CF6E4-BC20-A425-DE72-A7A3228724D1" containerWithKeyObject="B7AFD83F-B2C9-C018-7102-CEDC20559A5B" localFKIndex="D894D16A-0272-F348-0BFA-4A369682394F" name="FK_ATENCION_MEDICA_DERIVACION">
<createdBy>pedro</createdBy>
<createdTime>2025-09-12 00:27:02 UTC</createdTime>
<generatorID>EA7F7663-0967-8E83-BB38-B4275FBEC22B</generatorID>
<ownerDesignName>Sumativa2</ownerDesignName>
<referredTableLongName>ATENCION_MEDICA</referredTableLongName>
<deleteRule>NO ACTION</deleteRule>
<referredTableID>B7AFD83F-B2C9-C018-7102-CEDC20559A5B</referredTableID>
<keyObject>0C363960-494C-243C-91F5-154FB649920F</keyObject>
<referredKeyID>0C363960-494C-243C-91F5-154FB649920F</referredKeyID>
<mandatory>false</mandatory>
<refColNames>id_atencion</refColNames>
<transferable>true</transferable>
<rely>false</rely>
<columnDependencyConstraintGenerateInDDL>true</columnDependencyConstraintGenerateInDDL>
</FKIndexAssociation>