<?xml version = '1.0' encoding = 'UTF-8'?>
<FKIndexAssociation class="oracle.dbtools.crest.model.design.relational.FKIndexAssociation" directorySegmentName="seg_0" id="C88F727B-5FDA-FC21-686D-C363D5DB29D5" containerWithKeyObject="99BC4364-1024-831F-780F-D65C01DFE8C5" localFKIndex="785170D8-A361-B953-6C31-8A80932A4D57" name="FK_PACIENTE_TIPO_USUARIO">
<createdBy>pedro</createdBy>
<createdTime>2025-09-12 00:28:06 UTC</createdTime>
<generatorID>6D1E2049-8D8C-CA72-53C4-3360B37A9196</generatorID>
<ownerDesignName>Sumativa2</ownerDesignName>
<referredTableLongName>TIPO_USUARIO</referredTableLongName>
<deleteRule>NO ACTION</deleteRule>
<referredTableID>19F048A7-BA83-2630-0167-F338F707EC85</referredTableID>
<keyObject>85256189-FDEC-B148-8942-AE41CDE7475E</keyObject>
<referredKeyID>85256189-FDEC-B148-8942-AE41CDE7475E</referredKeyID>
<mandatory>true</mandatory>
<refColNames>id_usuario</refColNames>
<transferable>true</transferable>
<rely>false</rely>
<columnDependencyConstraintGenerateInDDL>true</columnDependencyConstraintGenerateInDDL>
</FKIndexAssociation>