<?xml version = '1.0' encoding = 'UTF-8'?>
<FKIndexAssociation class="oracle.dbtools.crest.model.design.relational.FKIndexAssociation" directorySegmentName="seg_0" id="CF7CF572-B3F7-EB48-33CB-E8FD6295305A" containerWithKeyObject="240542B9-AF51-7577-EEA2-44A57ED68009" localFKIndex="E380418C-6D59-A961-292D-89C94334CD6C" name="FK_MEDICO_AFP">
<createdBy>pedro</createdBy>
<createdTime>2025-09-12 00:25:34 UTC</createdTime>
<generatorID>F9E3A530-C465-8316-347F-617CA2C0C353</generatorID>
<ownerDesignName>Sumativa2</ownerDesignName>
<referredTableLongName>AFP</referredTableLongName>
<deleteRule>NO ACTION</deleteRule>
<referredTableID>C22D5AC8-5D79-8D65-5E30-A080C7A5C890</referredTableID>
<keyObject>34AEC38D-9BBD-3E6D-2D21-93ED770E8F34</keyObject>
<referredKeyID>34AEC38D-9BBD-3E6D-2D21-93ED770E8F34</referredKeyID>
<mandatory>true</mandatory>
<refColNames>id_afp</refColNames>
<transferable>true</transferable>
<rely>false</rely>
<columnDependencyConstraintGenerateInDDL>true</columnDependencyConstraintGenerateInDDL>
</FKIndexAssociation>