<?xml version = '1.0' encoding = 'UTF-8'?>
<FKIndexAssociation class="oracle.dbtools.crest.model.design.relational.FKIndexAssociation" directorySegmentName="seg_0" id="EB6E0646-E605-10FA-9E2E-737E88270A5C" containerWithKeyObject="8F3ED148-2E5E-9F71-067C-71119D1AD66D" localFKIndex="BD1897C3-3D0F-24BC-2F47-E9D22D5939CF" name="FK_PAGO_ATENCION_MEDICA">
<createdBy>pedro</createdBy>
<createdTime>2025-09-12 00:26:11 UTC</createdTime>
<generatorID>EA7F7663-0967-8E83-BB38-B4275FBEC22B</generatorID>
<ownerDesignName>Sumativa2</ownerDesignName>
<referredTableLongName>ATENCION_MEDICA</referredTableLongName>
<deleteRule>NO ACTION</deleteRule>
<referredTableID>B7AFD83F-B2C9-C018-7102-CEDC20559A5B</referredTableID>
<keyObject>0C363960-494C-243C-91F5-154FB649920F</keyObject>
<referredKeyID>0C363960-494C-243C-91F5-154FB649920F</referredKeyID>
<mandatory>true</mandatory>
<refColNames>id_atencion</refColNames>
<transferable>true</transferable>
<rely>false</rely>
<columnDependencyConstraintGenerateInDDL>true</columnDependencyConstraintGenerateInDDL>
</FKIndexAssociation>