<?xml version = '1.0' encoding = 'UTF-8'?>
<FKIndexAssociation class="oracle.dbtools.crest.model.design.relational.FKIndexAssociation" directorySegmentName="seg_0" id="FB3AD1EC-F4C2-0DAA-B791-FDDF94584A63" containerWithKeyObject="B7AFD83F-B2C9-C018-7102-CEDC20559A5B" localFKIndex="990E61F4-FB19-5AEE-D608-F04144DE2416" name="FK_ATENCION_MEDICA_PACIENTE">
<createdBy>pedro</createdBy>
<createdTime>2025-09-12 15:00:35 UTC</createdTime>
<generatorID>684D309E-0F3D-8CAD-150A-1F837B828AB4</generatorID>
<ownerDesignName>Sumativa2</ownerDesignName>
<referredTableLongName>PACIENTE</referredTableLongName>
<deleteRule>NO ACTION</deleteRule>
<referredTableID>99BC4364-1024-831F-780F-D65C01DFE8C5</referredTableID>
<keyObject>1E34D4E8-A603-3BD1-EEA3-E7E1136A172F</keyObject>
<referredKeyID>1E34D4E8-A603-3BD1-EEA3-E7E1136A172F</referredKeyID>
<mandatory>true</mandatory>
<refColNames>id_paciente</refColNames>
<transferable>true</transferable>
<rely>false</rely>
<columnDependencyConstraintGenerateInDDL>true</columnDependencyConstraintGenerateInDDL>
</FKIndexAssociation>