<?xml version = '1.0' encoding = 'UTF-8'?>
<Relation class="oracle.dbtools.crest.model.design.logical.InheritanceRelation" name="Hierarchy_1" directorySegmentName="seg_0" id="50C7D32A-25F1-371C-93A5-D213AD911AF5">
<createdBy>pedro</createdBy>
<createdTime>2025-09-05 17:14:57 UTC</createdTime>
<ownerDesignName>MinTrab</ownerDesignName>
<engineerTo>
<item key="7B527E5A-E405-7D6B-B2EB-3AD7725FBC66" value="true"/>
</engineerTo>
<arc>04E9AD9D-6652-6B71-3166-CC831778146F</arc>
<identifying>false</identifying>
<nameOnSource>Super Type</nameOnSource>
<nameOnTarget>Sub Type</nameOnTarget>
<optionalSource>true</optionalSource>
<optionalTarget>true</optionalTarget>
<sourceEntity>DB85F1B8-159D-153F-BABF-F494813E9BDB</sourceEntity>
<targetEntity>ACEF4F65-921B-EA38-C835-5A5C4E20E83F</targetEntity>
<transferable>true</transferable>
<deleteRule>NO ACTION</deleteRule>
</Relation>