<?xml version = '1.0' encoding = 'UTF-8'?>
<Relation class="oracle.dbtools.crest.model.design.logical.InheritanceRelation" name="Hierarchy_2" directorySegmentName="seg_0" id="B8349AF1-E748-01CC-02CF-F97D11C3AE21">
<createdBy>pedro</createdBy>
<createdTime>2025-09-05 17:16:56 UTC</createdTime>
<ownerDesignName>MinTrab</ownerDesignName>
<engineerTo>
<item key="7B527E5A-E405-7D6B-B2EB-3AD7725FBC66" value="true"/>
</engineerTo>
<arc>04E9AD9D-6652-6B71-3166-CC831778146F</arc>
<identifying>false</identifying>
<nameOnSource>Super Type</nameOnSource>
<nameOnTarget>Sub Type</nameOnTarget>
<optionalSource>true</optionalSource>
<optionalTarget>true</optionalTarget>
<sourceEntity>DB85F1B8-159D-153F-BABF-F494813E9BDB</sourceEntity>
<targetEntity>8E70DE4B-2EB5-0AF9-1B5C-666544EAA8C2</targetEntity>
<transferable>true</transferable>
<deleteRule>NO ACTION</deleteRule>
</Relation>