<?xml version = '1.0' encoding = 'UTF-8'?>
<relationalModel class="oracle.dbtools.crest.model.design.relational.RelationalDesign" name="Relational_1" id="5955DDBF-08CB-A6EE-3FD0-93042A9AD531" mainViewID="F21FCD29-BE5A-C58F-A1AD-A1BA4FFA6DE7">
<createdBy>pedro</createdBy>
<createdTime>2025-08-16 18:35:24 UTC</createdTime>
<ownerDesignName>BT&amp;Airways</ownerDesignName>
<shouldBeOpen>false</shouldBeOpen>
<selectedRDBMSSite>32076570-2523-435C-2E92-BF29817DFF70</selectedRDBMSSite>
</relationalModel>