<?xml version = '1.0' encoding = 'UTF-8'?>
<Relation class="oracle.dbtools.crest.model.design.logical.Relation" name="Relation_12" directorySegmentName="seg_0" id="002EF467-B9BD-AAC5-4425-60790B58F573">
<createdBy>pedro</createdBy>
<createdTime>2025-09-05 17:26:37 UTC</createdTime>
<ownerDesignName>MinTrab</ownerDesignName>
<engineerTo>
<item key="7B527E5A-E405-7D6B-B2EB-3AD7725FBC66" value="true"/>
</engineerTo>
<sourcePk>D0358042-C078-C9F2-A88E-9427389A2D1C</sourcePk>
<identifying>false</identifying>
<nameOnSource>pertenece</nameOnSource>
<nameOnTarget>tiene</nameOnTarget>
<optionalSource>true</optionalSource>
<optionalTarget>false</optionalTarget>
<sourceCardinality>1</sourceCardinality>
<sourceEntity>D769A73A-95C5-DD26-71F0-3844A017A53A</sourceEntity>
<targetCardinalityString>*</targetCardinalityString>
<targetEntity>8E70DE4B-2EB5-0AF9-1B5C-666544EAA8C2</targetEntity>
<transferable>true</transferable>
<deleteRule>NO ACTION</deleteRule>
</Relation>