<?xml version = '1.0' encoding = 'UTF-8'?>
<Relation class="oracle.dbtools.crest.model.design.logical.Relation" name="Relation_10" directorySegmentName="seg_0" id="07BF9613-8D22-F941-F955-226EEF694340">
<createdBy>pedro</createdBy>
<createdTime>2025-09-05 17:24:26 UTC</createdTime>
<ownerDesignName>MinTrab</ownerDesignName>
<engineerTo>
<item key="7B527E5A-E405-7D6B-B2EB-3AD7725FBC66" value="true"/>
</engineerTo>
<sourcePk>332F7C48-5DB2-B68A-4890-A72E76E6E8C0</sourcePk>
<identifying>false</identifying>
<nameOnSource>tiene</nameOnSource>
<nameOnTarget>pertenece</nameOnTarget>
<optionalSource>true</optionalSource>
<optionalTarget>false</optionalTarget>
<sourceCardinality>1</sourceCardinality>
<sourceEntity>BF23ECED-3DE9-04CA-3F17-77E45311A552</sourceEntity>
<targetCardinalityString>*</targetCardinalityString>
<targetEntity>04A1C1B4-43A5-BCE8-6564-23963E94995B</targetEntity>
<transferable>true</transferable>
<deleteRule>NO ACTION</deleteRule>
</Relation>