<?xml version = '1.0' encoding = 'UTF-8'?>
<Relation class="oracle.dbtools.crest.model.design.logical.Relation" name="Relation_3" directorySegmentName="seg_0" id="2FCF8B8E-36C5-A319-C598-FB41F2D36889">
<createdBy>pedro</createdBy>
<createdTime>2025-09-05 16:54:49 UTC</createdTime>
<ownerDesignName>MinTrab</ownerDesignName>
<engineerTo>
<item key="7B527E5A-E405-7D6B-B2EB-3AD7725FBC66" value="true"/>
</engineerTo>
<sourcePk>7405D5BE-46D1-2FBF-F01A-98CFF2480DEC</sourcePk>
<targetPk>EF444AA6-EF88-D162-5372-8261CB4E55B6</targetPk>
<identifying>false</identifying>
<nameOnSource>hace</nameOnSource>
<nameOnTarget>es hecha</nameOnTarget>
<optionalSource>false</optionalSource>
<optionalTarget>true</optionalTarget>
<sourceCardinality>1</sourceCardinality>
<sourceEntity>F070D338-1EFE-77C1-56EC-55B185E0C438</sourceEntity>
<targetCardinalityString>1</targetCardinalityString>
<targetEntity>DB85F1B8-159D-153F-BABF-F494813E9BDB</targetEntity>
<transferable>true</transferable>
<deleteRule>NO ACTION</deleteRule>
</Relation>