<?xml version = '1.0' encoding = 'UTF-8'?>
<Relation class="oracle.dbtools.crest.model.design.logical.Relation" name="Relation_6" directorySegmentName="seg_0" id="31AB76F0-BCE0-A506-5385-2967E19E2FFF">
<createdBy>pedro</createdBy>
<createdTime>2025-09-05 17:07:30 UTC</createdTime>
<ownerDesignName>MinTrab</ownerDesignName>
<engineerTo>
<item key="7B527E5A-E405-7D6B-B2EB-3AD7725FBC66" value="true"/>
</engineerTo>
<sourcePk>7405D5BE-46D1-2FBF-F01A-98CFF2480DEC</sourcePk>
<identifying>false</identifying>
<nameOnSource>tiene</nameOnSource>
<nameOnTarget>pertenece</nameOnTarget>
<optionalSource>false</optionalSource>
<optionalTarget>true</optionalTarget>
<sourceCardinality>1</sourceCardinality>
<sourceEntity>F070D338-1EFE-77C1-56EC-55B185E0C438</sourceEntity>
<targetCardinalityString>*</targetCardinalityString>
<targetEntity>F038B82A-CF31-C26D-9E3E-D0E865B4294B</targetEntity>
<transferable>true</transferable>
<deleteRule>NO ACTION</deleteRule>
</Relation>