<?xml version = '1.0' encoding = 'UTF-8'?>
<Relation class="oracle.dbtools.crest.model.design.logical.Relation" name="Relation_7" directorySegmentName="seg_0" id="5C5BBA1B-6431-1669-BCDF-CEDB61968A97">
<createdBy>pedro</createdBy>
<createdTime>2025-09-05 17:08:14 UTC</createdTime>
<ownerDesignName>MinTrab</ownerDesignName>
<engineerTo>
<item key="7B527E5A-E405-7D6B-B2EB-3AD7725FBC66" value="true"/>
</engineerTo>
<sourcePk>D00A48F5-812A-20FD-DAF9-A68202D1D31A</sourcePk>
<identifying>false</identifying>
<optionalSource>true</optionalSource>
<optionalTarget>false</optionalTarget>
<sourceCardinality>1</sourceCardinality>
<sourceEntity>9E2D369D-C891-B9F5-C3E0-D5E0C6517316</sourceEntity>
<targetCardinalityString>*</targetCardinalityString>
<targetEntity>F038B82A-CF31-C26D-9E3E-D0E865B4294B</targetEntity>
<transferable>true</transferable>
<deleteRule>NO ACTION</deleteRule>
</Relation>