<?xml version = '1.0' encoding = 'UTF-8'?>
<Relation class="oracle.dbtools.crest.model.design.logical.Relation" name="Relation_8" directorySegmentName="seg_0" id="707AE97C-99F1-EC13-C408-E97E2C20737E">
<createdBy>pedro</createdBy>
<createdTime>2025-09-05 17:21:03 UTC</createdTime>
<ownerDesignName>MinTrab</ownerDesignName>
<engineerTo>
<item key="7B527E5A-E405-7D6B-B2EB-3AD7725FBC66" value="true"/>
</engineerTo>
<sourcePk>9DACE211-F594-ACB5-2C53-3EF03B3744AA</sourcePk>
<identifying>false</identifying>
<nameOnSource>tiene</nameOnSource>
<nameOnTarget>pertenece</nameOnTarget>
<optionalSource>true</optionalSource>
<optionalTarget>false</optionalTarget>
<sourceCardinality>1</sourceCardinality>
<sourceEntity>0CC113CD-888D-75AD-1799-1AEBFE87D8C6</sourceEntity>
<targetCardinalityString>*</targetCardinalityString>
<targetEntity>F2E2517F-DF22-785E-A20D-C27A4999B3B2</targetEntity>
<transferable>true</transferable>
<deleteRule>NO ACTION</deleteRule>
</Relation>