<?xml version = '1.0' encoding = 'UTF-8'?>
<Relation class="oracle.dbtools.crest.model.design.logical.Relation" name="Relation_4" directorySegmentName="seg_0" id="B9082E5D-95A6-20CC-FBF3-2BC9BEBA082C">
<createdBy>pedro</createdBy>
<createdTime>2025-09-05 16:56:57 UTC</createdTime>
<ownerDesignName>MinTrab</ownerDesignName>
<engineerTo>
<item key="7B527E5A-E405-7D6B-B2EB-3AD7725FBC66" value="true"/>
</engineerTo>
<sourcePk>8F5C6055-8B3F-5C39-8417-55D7BC0CB1DE</sourcePk>
<identifying>false</identifying>
<nameOnSource>tiene</nameOnSource>
<nameOnTarget>pertenece</nameOnTarget>
<optionalSource>false</optionalSource>
<optionalTarget>true</optionalTarget>
<sourceCardinality>1</sourceCardinality>
<sourceEntity>04A1C1B4-43A5-BCE8-6564-23963E94995B</sourceEntity>
<targetCardinalityString>*</targetCardinalityString>
<targetEntity>DB85F1B8-159D-153F-BABF-F494813E9BDB</targetEntity>
<transferable>true</transferable>
<deleteRule>NO ACTION</deleteRule>
</Relation>