<?xml version = '1.0' encoding = 'UTF-8'?>
<Relation class="oracle.dbtools.crest.model.design.logical.Relation" name="Relation_13" directorySegmentName="seg_0" id="ED43B817-BA76-0E50-2F63-4166A228D84C">
<createdBy>pedro</createdBy>
<createdTime>2025-09-05 17:27:07 UTC</createdTime>
<ownerDesignName>MinTrab</ownerDesignName>
<engineerTo>
<item key="7B527E5A-E405-7D6B-B2EB-3AD7725FBC66" value="true"/>
</engineerTo>
<sourcePk>329F31BC-06F4-FFA3-BC27-3E2A42AC3BB4</sourcePk>
<identifying>false</identifying>
<nameOnSource>tiene</nameOnSource>
<nameOnTarget>pertenece</nameOnTarget>
<optionalSource>true</optionalSource>
<optionalTarget>false</optionalTarget>
<sourceCardinality>1</sourceCardinality>
<sourceEntity>A7EC15F2-46E9-7B59-56CD-1A692FBE67CD</sourceEntity>
<targetCardinalityString>*</targetCardinalityString>
<targetEntity>F070D338-1EFE-77C1-56EC-55B185E0C438</targetEntity>
<transferable>true</transferable>
<deleteRule>NO ACTION</deleteRule>
</Relation>