<?xml version = '1.0' encoding = 'UTF-8'?>
<Relation class="oracle.dbtools.crest.model.design.logical.Relation" name="Relation_9" directorySegmentName="seg_0" id="F5BD1893-BE98-C736-D612-46160A8DCC5C">
<createdBy>pedro</createdBy>
<createdTime>2025-09-05 17:21:19 UTC</createdTime>
<ownerDesignName>MinTrab</ownerDesignName>
<engineerTo>
<item key="7B527E5A-E405-7D6B-B2EB-3AD7725FBC66" value="true"/>
</engineerTo>
<sourcePk>7AC54BA3-ACBA-DE78-4E96-A9872280D4E4</sourcePk>
<identifying>false</identifying>
<nameOnSource>tiene</nameOnSource>
<nameOnTarget>pertenece</nameOnTarget>
<optionalSource>true</optionalSource>
<optionalTarget>false</optionalTarget>
<sourceCardinality>1</sourceCardinality>
<sourceEntity>F2E2517F-DF22-785E-A20D-C27A4999B3B2</sourceEntity>
<targetCardinalityString>*</targetCardinalityString>
<targetEntity>BF23ECED-3DE9-04CA-3F17-77E45311A552</targetEntity>
<transferable>true</transferable>
<deleteRule>NO ACTION</deleteRule>
</Relation>