<?xml version = '1.0' encoding = 'UTF-8'?>
<RMDeletedMap class="oracle.dbtools.crest.model.xtdmapping.RMDeletedMap">
<mappings itemClass="oracle.dbtools.crest.model.xtdmapping.XtdMapping">
<delm id="4DA875B2-464F30DC7ED005D0324C-D38C9FD5FA8C" delID="05D0324C-9B93-2EC4-A490-D38C9FD5FA8C" inhType="3" oDP="0D922B53-E4C0-AED2-F06C-02223FD58992" oID="4DA875B2-F29A-6279-ACCB-464F30DC7ED0" oType="3" rSEnt="E11482E7-0914-03DB-1D6F-E4CECA5799CF" rTEnt="7171BC75-CB11-3CAA-BCDA-958174E46D79" tDP="57EDCA66-0BAB-C4ED-C0EC-25508BE0B2FC" tID="05D0324C-9B93-2EC4-A490-D38C9FD5FA8C" tType="8">
</delm>
<delm id="5ECCA238-A7E1AD5E784A43D8A041-73F63EDFCFDC" delID="43D8A041-D301-77EB-351A-73F63EDFCFDC" inhType="3" oCont="E11482E7-0914-03DB-1D6F-E4CECA5799CF" oDP="0D922B53-E4C0-AED2-F06C-02223FD58992" oID="5ECCA238-1988-282A-D442-A7E1AD5E784A" oType="2" tCont="99BC4364-1024-831F-780F-D65C01DFE8C5" tDP="57EDCA66-0BAB-C4ED-C0EC-25508BE0B2FC" tID="43D8A041-D301-77EB-351A-73F63EDFCFDC" tType="6">
</delm>
<delm id="A73A80FE-8244720B1CD01B617B58-C9A5FEA9C473" delID="1B617B58-BF9A-015A-66AA-C9A5FEA9C473" inhType="3" oCont="CED67368-F7E3-9A4E-8269-A778E4F9AC0D" oDP="0D922B53-E4C0-AED2-F06C-02223FD58992" oID="A73A80FE-5CD4-D1EC-4408-8244720B1CD0" oType="2" tCont="240542B9-AF51-7577-EEA2-44A57ED68009" tDP="57EDCA66-0BAB-C4ED-C0EC-25508BE0B2FC" tID="1B617B58-BF9A-015A-66AA-C9A5FEA9C473" tType="6">
</delm>
<delm id="E583D849-233D35A40022969A1B46-4F1ADCEA43D5" delID="969A1B46-ACDA-976E-0157-4F1ADCEA43D5" inhType="3" oDP="0D922B53-E4C0-AED2-F06C-02223FD58992" oID="E583D849-F9D9-AB2B-E169-233D35A40022" oType="3" rSEnt="CED67368-F7E3-9A4E-8269-A778E4F9AC0D" rTEnt="CED67368-F7E3-9A4E-8269-A778E4F9AC0D" tDP="57EDCA66-0BAB-C4ED-C0EC-25508BE0B2FC" tID="969A1B46-ACDA-976E-0157-4F1ADCEA43D5" tType="8">
</delm>
</mappings>
</RMDeletedMap>