<?xml version = '1.0' encoding = 'UTF-8'?>
<Relation class="oracle.dbtools.crest.model.design.logical.Relation" name="Relation_6" directorySegmentName="seg_0" id="05D718DD-5336-1065-CB8C-41724FAB4C83">
<createdBy>pedro</createdBy>
<createdTime>2025-10-02 16:15:14 UTC</createdTime>
<ownerDesignName>Cristalería Andina S.A.</ownerDesignName>
<engineerTo>
<item key="69531EB3-E8DD-8C61-12EA-0BB9077E1461" value="true"/>
</engineerTo>
<sourcePk>37740456-E0D2-BFFF-3F27-E20D1ABB07E4</sourcePk>
<identifying>false</identifying>
<optionalSource>true</optionalSource>
<optionalTarget>false</optionalTarget>
<sourceCardinality>1</sourceCardinality>
<sourceEntity>2111D25C-7A88-9811-02AE-106C2BD86F7F</sourceEntity>
<targetCardinalityString>*</targetCardinalityString>
<targetEntity>2B5A93CA-E0F8-86A3-266A-FD2AF5183458</targetEntity>
<transferable>true</transferable>
<deleteRule>NO ACTION</deleteRule>
</Relation>