<?xml version = '1.0' encoding = 'UTF-8'?>
<Relation class="oracle.dbtools.crest.model.design.logical.Relation" name="Relation_9" directorySegmentName="seg_0" id="3E4E238A-0CD5-1F04-B1E0-1393B10B02AA">
<createdBy>pedro</createdBy>
<createdTime>2025-10-02 16:16:31 UTC</createdTime>
<ownerDesignName>Cristalería Andina S.A.</ownerDesignName>
<engineerTo>
<item key="69531EB3-E8DD-8C61-12EA-0BB9077E1461" value="true"/>
</engineerTo>
<targetPk>F70F6394-158C-FF19-9F3C-A423F207B203</targetPk>
<identifying>false</identifying>
<optionalSource>true</optionalSource>
<optionalTarget>true</optionalTarget>
<sourceCardinality>1</sourceCardinality>
<sourceEntity>2B5A93CA-E0F8-86A3-266A-FD2AF5183458</sourceEntity>
<targetCardinalityString>*</targetCardinalityString>
<targetEntity>2B5A93CA-E0F8-86A3-266A-FD2AF5183458</targetEntity>
<transferable>true</transferable>
<deleteRule>NO ACTION</deleteRule>
</Relation>