<?xml version = '1.0' encoding = 'UTF-8'?>
<Relation class="oracle.dbtools.crest.model.design.logical.Relation" name="Relation_12" directorySegmentName="seg_0" id="43402A0B-C170-CF37-0EAD-5BEBAC1EF147">
<createdBy>pedro</createdBy>
<createdTime>2025-10-02 16:26:41 UTC</createdTime>
<ownerDesignName>Cristalería Andina S.A.</ownerDesignName>
<engineerTo>
<item key="69531EB3-E8DD-8C61-12EA-0BB9077E1461" value="true"/>
</engineerTo>
<sourcePk>0B712E7E-61DB-A5B1-69DB-D2B6A3555FFC</sourcePk>
<targetPk>45B01F2F-84CE-9E62-164C-ACFD982D3533</targetPk>
<identifying>false</identifying>
<optionalSource>true</optionalSource>
<optionalTarget>false</optionalTarget>
<sourceCardinality>*</sourceCardinality>
<sourceEntity>38560802-A8C7-E1F2-5126-B49374AA0C79</sourceEntity>
<targetCardinalityString>1</targetCardinalityString>
<targetEntity>C58A123A-F6BA-08A3-8202-30C229D2E0EE</targetEntity>
<transferable>true</transferable>
<deleteRule>NO ACTION</deleteRule>
</Relation>