<?xml version = '1.0' encoding = 'UTF-8'?>
<Relation class="oracle.dbtools.crest.model.design.logical.Relation" name="Relation_16" directorySegmentName="seg_0" id="4AFEC2C0-ED8C-0F4F-85EA-8FC413AF8513">
<createdBy>pedro</createdBy>
<createdTime>2025-10-02 17:36:52 UTC</createdTime>
<ownerDesignName>Cristalería Andina S.A.</ownerDesignName>
<engineerTo>
<item key="69531EB3-E8DD-8C61-12EA-0BB9077E1461" value="true"/>
</engineerTo>
<sourcePk>F70F6394-158C-FF19-9F3C-A423F207B203</sourcePk>
<identifying>false</identifying>
<optionalSource>true</optionalSource>
<optionalTarget>false</optionalTarget>
<sourceCardinality>1</sourceCardinality>
<sourceEntity>2B5A93CA-E0F8-86A3-266A-FD2AF5183458</sourceEntity>
<targetCardinalityString>*</targetCardinalityString>
<targetEntity>38560802-A8C7-E1F2-5126-B49374AA0C79</targetEntity>
<transferable>true</transferable>
<deleteRule>NO ACTION</deleteRule>
</Relation>