<?xml version = '1.0' encoding = 'UTF-8'?>
<Relation class="oracle.dbtools.crest.model.design.logical.Relation" name="Relation_3" directorySegmentName="seg_0" id="56D6B69D-10BC-E377-055D-5E78B928EDF6">
<createdBy>pedro</createdBy>
<createdTime>2025-10-02 16:07:52 UTC</createdTime>
<ownerDesignName>Cristalería Andina S.A.</ownerDesignName>
<engineerTo>
<item key="69531EB3-E8DD-8C61-12EA-0BB9077E1461" value="true"/>
</engineerTo>
<sourcePk>8BEE8798-0E03-1F10-4134-DE25303C2ED3</sourcePk>
<identifying>false</identifying>
<optionalSource>true</optionalSource>
<optionalTarget>false</optionalTarget>
<sourceCardinality>1</sourceCardinality>
<sourceEntity>A9074A1F-8AE4-64B9-9F56-CE8450C0BE0D</sourceEntity>
<targetCardinalityString>*</targetCardinalityString>
<targetEntity>2111D25C-7A88-9811-02AE-106C2BD86F7F</targetEntity>
<transferable>true</transferable>
<deleteRule>NO ACTION</deleteRule>
</Relation>