<?xml version = '1.0' encoding = 'UTF-8'?>
<Relation class="oracle.dbtools.crest.model.design.logical.Relation" name="Relation_8" directorySegmentName="seg_0" id="5CB0A01B-E2F2-59BA-DDF4-76800FAC1A9C">
<createdBy>pedro</createdBy>
<createdTime>2025-10-02 16:16:16 UTC</createdTime>
<ownerDesignName>Cristalería Andina S.A.</ownerDesignName>
<engineerTo>
<item key="69531EB3-E8DD-8C61-12EA-0BB9077E1461" value="true"/>
</engineerTo>
<sourcePk>C73DFCD4-488E-7011-51D0-DB49FC32568C</sourcePk>
<identifying>false</identifying>
<optionalSource>true</optionalSource>
<optionalTarget>false</optionalTarget>
<sourceCardinality>1</sourceCardinality>
<sourceEntity>4B601B7E-9C6B-FC8C-645C-3A85D488B988</sourceEntity>
<targetCardinalityString>*</targetCardinalityString>
<targetEntity>2B5A93CA-E0F8-86A3-266A-FD2AF5183458</targetEntity>
<transferable>true</transferable>
<deleteRule>NO ACTION</deleteRule>
</Relation>