<?xml version = '1.0' encoding = 'UTF-8'?>
<Relation class="oracle.dbtools.crest.model.design.logical.Relation" name="Relation_13" directorySegmentName="seg_0" id="660A95CD-7AA6-5C51-486F-C073488D7069">
<createdBy>pedro</createdBy>
<createdTime>2025-10-02 16:29:33 UTC</createdTime>
<ownerDesignName>Cristalería Andina S.A.</ownerDesignName>
<engineerTo>
<item key="69531EB3-E8DD-8C61-12EA-0BB9077E1461" value="true"/>
</engineerTo>
<sourcePk>F70F6394-158C-FF19-9F3C-A423F207B203</sourcePk>
<identifying>false</identifying>
<optionalSource>false</optionalSource>
<optionalTarget>false</optionalTarget>
<sourceCardinality>1</sourceCardinality>
<sourceEntity>F6EF8196-0F2F-C74E-AE87-F32D6B39D0BD</sourceEntity>
<targetCardinalityString>*</targetCardinalityString>
<targetEntity>6F545165-CEC4-E3A0-B7F1-584AE8BEF934</targetEntity>
<transferable>true</transferable>
<deleteRule>NO ACTION</deleteRule>
</Relation>