<?xml version = '1.0' encoding = 'UTF-8'?>
<Relation class="oracle.dbtools.crest.model.design.logical.Relation" name="Relation_5" directorySegmentName="seg_0" id="786294F0-7740-B144-5EE3-398A6326E8D2">
<createdBy>pedro</createdBy>
<createdTime>2025-10-02 16:13:52 UTC</createdTime>
<ownerDesignName>Cristalería Andina S.A.</ownerDesignName>
<engineerTo>
<item key="69531EB3-E8DD-8C61-12EA-0BB9077E1461" value="true"/>
</engineerTo>
<sourcePk>520B521A-34E6-0A78-295C-3A0413245C8C</sourcePk>
<identifying>false</identifying>
<optionalSource>false</optionalSource>
<optionalTarget>false</optionalTarget>
<sourceCardinality>1</sourceCardinality>
<sourceEntity>9B97E927-8552-857C-3766-0D90516BD1D4</sourceEntity>
<targetCardinalityString>*</targetCardinalityString>
<targetEntity>94418F13-D6B2-4FFC-3377-C352BFD0C5C7</targetEntity>
<transferable>true</transferable>
<deleteRule>NO ACTION</deleteRule>
</Relation>