<?xml version = '1.0' encoding = 'UTF-8'?>
<Relation class="oracle.dbtools.crest.model.design.logical.Relation" name="Relation_7" directorySegmentName="seg_0" id="84091D95-39EB-1459-1C2A-E87A0BE3AB09">
<createdBy>pedro</createdBy>
<createdTime>2025-10-02 16:16:08 UTC</createdTime>
<ownerDesignName>Cristalería Andina S.A.</ownerDesignName>
<engineerTo>
<item key="69531EB3-E8DD-8C61-12EA-0BB9077E1461" value="true"/>
</engineerTo>
<sourcePk>F0261A6A-55BF-8537-AD37-09FF6DD36F07</sourcePk>
<identifying>false</identifying>
<optionalSource>true</optionalSource>
<optionalTarget>false</optionalTarget>
<sourceCardinality>1</sourceCardinality>
<sourceEntity>AEC38F47-2E21-A078-7613-67D00D497D20</sourceEntity>
<targetCardinalityString>*</targetCardinalityString>
<targetEntity>2B5A93CA-E0F8-86A3-266A-FD2AF5183458</targetEntity>
<transferable>true</transferable>
<deleteRule>NO ACTION</deleteRule>
</Relation>