<?xml version = '1.0' encoding = 'UTF-8'?>
<Relation class="oracle.dbtools.crest.model.design.logical.Relation" name="Relation_14" directorySegmentName="seg_0" id="8F62D42C-4D98-2662-75F2-5D8BBD7C982F">
<createdBy>pedro</createdBy>
<createdTime>2025-10-02 16:30:06 UTC</createdTime>
<ownerDesignName>Cristalería Andina S.A.</ownerDesignName>
<engineerTo>
<item key="69531EB3-E8DD-8C61-12EA-0BB9077E1461" value="true"/>
</engineerTo>
<sourcePk>9D68F766-E123-BDAA-9134-BA6FC92B2B91</sourcePk>
<identifying>false</identifying>
<optionalSource>true</optionalSource>
<optionalTarget>false</optionalTarget>
<sourceCardinality>1</sourceCardinality>
<sourceEntity>94418F13-D6B2-4FFC-3377-C352BFD0C5C7</sourceEntity>
<targetCardinalityString>*</targetCardinalityString>
<targetEntity>6F545165-CEC4-E3A0-B7F1-584AE8BEF934</targetEntity>
<transferable>true</transferable>
<deleteRule>NO ACTION</deleteRule>
</Relation>