<?xml version = '1.0' encoding = 'UTF-8'?>
<Relation class="oracle.dbtools.crest.model.design.logical.Relation" name="Relation_2" directorySegmentName="seg_0" id="F061DE04-FD35-FEB5-C031-8BFDDC502A49">
<createdBy>pedro</createdBy>
<createdTime>2025-10-02 16:06:55 UTC</createdTime>
<ownerDesignName>Cristalería Andina S.A.</ownerDesignName>
<engineerTo>
<item key="69531EB3-E8DD-8C61-12EA-0BB9077E1461" value="true"/>
</engineerTo>
<sourcePk>3D3377EA-6932-9981-4929-22C766683C19</sourcePk>
<identifying>false</identifying>
<optionalSource>false</optionalSource>
<optionalTarget>false</optionalTarget>
<sourceCardinality>1</sourceCardinality>
<sourceEntity>47EC7F3A-1122-AE94-51F1-8F374E546A38</sourceEntity>
<targetCardinalityString>*</targetCardinalityString>
<targetEntity>A9074A1F-8AE4-64B9-9F56-CE8450C0BE0D</targetEntity>
<transferable>true</transferable>
<deleteRule>NO ACTION</deleteRule>
</Relation>