<?xml version = '1.0' encoding = 'UTF-8'?>
<Table class="oracle.dbtools.crest.model.design.relational.Table" directorySegmentName="seg_0" id="19F048A7-BA83-2630-0167-F338F707EC85" name="TIPO_USUARIO">
<createdBy>pedro</createdBy>
<createdTime>2025-09-12 00:25:15 UTC</createdTime>
<generatorID>9AB0CD3B-C4B8-A2E8-484F-5776DA0C3C49</generatorID>
<ownerDesignName>Sumativa2</ownerDesignName>
<allowColumnReorder>false</allowColumnReorder>
<existDependencyGenerateInDDl>true</existDependencyGenerateInDDl>
<parsed>true</parsed>
<columns itemClass="oracle.dbtools.crest.model.design.relational.Column">
<Column name="id_usuario" id="F18F2C3E-43E7-CD0C-6223-AD3C9CCF41C9">
<createdBy>pedro</createdBy>
<createdTime>2025-09-12 00:25:15 UTC</createdTime>
<generatorID>B0CB0146-CC77-7F8A-ECA8-D0C7D203FC84</generatorID>
<ownerDesignName>Sumativa2</ownerDesignName>
<useDomainConstraints>false</useDomainConstraints>
<use>1</use>
<logicalDatatype>LOGDT019</logicalDatatype>
<dataTypePrecision>6</dataTypePrecision>
<ownDataTypeParameters>,6,</ownDataTypeParameters>
<autoIncrementCycle>false</autoIncrementCycle>
</Column>
<Column name="nombre" id="42950F3A-ACB7-D24D-A3DF-2FE561FC0D5E">
<createdBy>pedro</createdBy>
<createdTime>2025-09-12 00:25:15 UTC</createdTime>
<generatorID>742EDC45-16E2-5A61-61FE-F251ED14D6B0</generatorID>
<ownerDesignName>Sumativa2</ownerDesignName>
<constraintName>CK_USUARIO_NOMBRE</constraintName>
<useDomainConstraints>false</useDomainConstraints>
<use>1</use>
<logicalDatatype>LOGDT024</logicalDatatype>
<dataTypeSize>15</dataTypeSize>
<listOfValues>
<valueDef value="&quot;estudiante&quot;" description=""/>
<valueDef value="&quot;externo&quot;" description=""/>
<valueDef value="&quot;funcionario&quot;" description=""/>
</listOfValues>
<ownDataTypeParameters>15,,</ownDataTypeParameters>
<autoIncrementCycle>false</autoIncrementCycle>
</Column>
</columns>
<indexes itemClass="oracle.dbtools.crest.model.design.relational.Index">
<ind_PK_UK id="85256189-FDEC-B148-8942-AE41CDE7475E" name="PK_TIPO_USUARIO">
<createdBy>pedro</createdBy>
<createdTime>2025-09-12 00:25:15 UTC</createdTime>
<generatorID>6D1E2049-8D8C-CA72-53C4-3360B37A9196</generatorID>
<ownerDesignName>Sumativa2</ownerDesignName>
<pk>true</pk>
<indexState>Primary Constraint</indexState>
<isSurrogateKey>false</isSurrogateKey>
<indexColumnUsage>
<colUsage columnID="F18F2C3E-43E7-CD0C-6223-AD3C9CCF41C9"/>
</indexColumnUsage>
</ind_PK_UK>
<ind_PK_UK id="49925E39-DAD8-3D45-AC2B-02EE038438A0" name="UK_TIPO_USUARIO_nombre">
<createdBy>pedro</createdBy>
<createdTime>2025-09-12 00:25:15 UTC</createdTime>
<generatorID>904AEB22-4BD6-4AFA-CC57-77B368D9BF2E</generatorID>
<ownerDesignName>Sumativa2</ownerDesignName>
<indexState>Unique Constraint</indexState>
<isSurrogateKey>false</isSurrogateKey>
<indexColumnUsage>
<colUsage columnID="42950F3A-ACB7-D24D-A3DF-2FE561FC0D5E"/>
</indexColumnUsage>
</ind_PK_UK>
</indexes>
</Table>