<?xml version = '1.0' encoding = 'UTF-8'?>
<Table class="oracle.dbtools.crest.model.design.relational.Table" directorySegmentName="seg_0" id="240542B9-AF51-7577-EEA2-44A57ED68009" name="MEDICO">
<createdBy>pedro</createdBy>
<createdTime>2025-09-12 00:25:15 UTC</createdTime>
<generatorID>CED67368-F7E3-9A4E-8269-A778E4F9AC0D</generatorID>
<ownerDesignName>Sumativa2</ownerDesignName>
<allowColumnReorder>false</allowColumnReorder>
<existDependencyGenerateInDDl>true</existDependencyGenerateInDDl>
<parsed>true</parsed>
<columns itemClass="oracle.dbtools.crest.model.design.relational.Column">
<Column name="rut" id="56E6BBCF-72D6-B8EA-9255-A5E2CD59812A">
<createdBy>pedro</createdBy>
<createdTime>2025-09-12 00:25:15 UTC</createdTime>
<generatorID>ED99B3CB-4AC1-3750-E004-25697D882013</generatorID>
<ownerDesignName>Sumativa2</ownerDesignName>
<useDomainConstraints>false</useDomainConstraints>
<use>1</use>
<logicalDatatype>LOGDT024</logicalDatatype>
<dataTypeSize>12</dataTypeSize>
<ownDataTypeParameters>,,</ownDataTypeParameters>
<autoIncrementCycle>false</autoIncrementCycle>
<associations>
<colAssociation fkAssociation="10EB2340-0FA0-E4DA-0E81-1A10091E09E4" referredColumn="C62A2A00-14CE-F9BC-5795-251875B47FE3"/>
</associations>
</Column>
<Column name="id_medico" id="95321FB6-3243-F69A-9F2D-91C3C61F4DA6">
<createdBy>pedro</createdBy>
<createdTime>2025-09-12 00:25:15 UTC</createdTime>
<generatorID>2E6EC36C-14D3-4C2A-06BA-115DC085A65C</generatorID>
<ownerDesignName>Sumativa2</ownerDesignName>
<useDomainConstraints>false</useDomainConstraints>
<use>1</use>
<logicalDatatype>LOGDT019</logicalDatatype>
<dataTypePrecision>6</dataTypePrecision>
<ownDataTypeParameters>,6,</ownDataTypeParameters>
<autoIncrementCycle>false</autoIncrementCycle>
</Column>
<Column name="f_ingreso" id="89D3E847-E2B3-3475-790E-A8729071CEB3">
<createdBy>pedro</createdBy>
<createdTime>2025-09-12 00:25:15 UTC</createdTime>
<generatorID>8E080A2F-8CF2-107D-2565-5060A2C9FCE8</generatorID>
<ownerDesignName>Sumativa2</ownerDesignName>
<useDomainConstraints>false</useDomainConstraints>
<use>1</use>
<logicalDatatype>LOGDT007</logicalDatatype>
<ownDataTypeParameters>,,</ownDataTypeParameters>
<autoIncrementCycle>false</autoIncrementCycle>
</Column>
<Column name="id_especialidad" id="6893CEE7-D61B-F592-6D0F-EA4F0FF8CB67">
<createdBy>pedro</createdBy>
<createdTime>2025-09-12 00:25:15 UTC</createdTime>
<generatorID>45AC5A13-6DDA-EC3E-5074-6A4232477F6E</generatorID>
<ownerDesignName>Sumativa2</ownerDesignName>
<useDomainConstraints>false</useDomainConstraints>
<use>1</use>
<logicalDatatype>LOGDT019</logicalDatatype>
<ownDataTypeParameters>,,</ownDataTypeParameters>
<previousColumn>false</previousColumn>
<autoIncrementCycle>false</autoIncrementCycle>
</Column>
<Column name="id_afp" id="BDAF4DF2-3599-2792-2B77-8578C820CBD9">
<createdBy>pedro</createdBy>
<createdTime>2025-09-12 00:25:15 UTC</createdTime>
<generatorID>F871E25A-1ABA-D460-87E8-F1A3BFE388E9</generatorID>
<ownerDesignName>Sumativa2</ownerDesignName>
<useDomainConstraints>false</useDomainConstraints>
<use>1</use>
<logicalDatatype>LOGDT019</logicalDatatype>
<ownDataTypeParameters>,,</ownDataTypeParameters>
<previousColumn>false</previousColumn>
<autoIncrementCycle>false</autoIncrementCycle>
</Column>
<Column name="SALUD_id_salud" id="98E3CC3B-6138-CF91-8FDD-7DDB79F61E32">
<createdBy>pedro</createdBy>
<createdTime>2025-09-12 00:25:15 UTC</createdTime>
<generatorID>991C049E-931C-02A6-517B-0D38C2AAA47F</generatorID>
<ownerDesignName>Sumativa2</ownerDesignName>
<useDomainConstraints>false</useDomainConstraints>
<use>1</use>
<logicalDatatype>LOGDT019</logicalDatatype>
<dataTypePrecision>6</dataTypePrecision>
<ownDataTypeParameters>,,</ownDataTypeParameters>
<previousColumn>false</previousColumn>
<autoIncrementCycle>false</autoIncrementCycle>
<associations>
<colAssociation fkAssociation="A219AF90-FFB9-24B6-B5BA-C884CCD135D0" referredColumn="9405EBEB-2C07-9D63-14EB-11AEEC0EEEFE"/>
</associations>
</Column>
<Column name="MEDICO_id_medico" id="E7DF2B81-73A1-D192-991C-0EC09B07D97F">
<createdBy>pedro</createdBy>
<createdTime>2025-09-12 00:25:15 UTC</createdTime>
<generatorID>341516D9-0760-2AF2-A957-03E7A828A2B4</generatorID>
<ownerDesignName>Sumativa2</ownerDesignName>
<useDomainConstraints>false</useDomainConstraints>
<use>1</use>
<logicalDatatype>LOGDT019</logicalDatatype>
<dataTypePrecision>6</dataTypePrecision>
<ownDataTypeParameters>,6,</ownDataTypeParameters>
<previousColumn>false</previousColumn>
<autoIncrementCycle>false</autoIncrementCycle>
</Column>
<Column name="AFP_id_afp" id="6CC9E0BA-2BCF-5C1A-2CF8-52B43B8D6904">
<createdBy>pedro</createdBy>
<createdTime>2025-09-12 00:25:34 UTC</createdTime>
<ownerDesignName>Sumativa2</ownerDesignName>
<useDomainConstraints>false</useDomainConstraints>
<use>1</use>
<logicalDatatype>LOGDT019</logicalDatatype>
<dataTypePrecision>6</dataTypePrecision>
<ownDataTypeParameters>,,</ownDataTypeParameters>
<previousColumn>false</previousColumn>
<autoIncrementCycle>false</autoIncrementCycle>
<associations>
<colAssociation fkAssociation="CF7CF572-B3F7-EB48-33CB-E8FD6295305A" referredColumn="39C6555C-9F9C-EFEC-F642-014B7878EB02"/>
</associations>
</Column>
<Column name="ESPECIALIDAD_id_especialidad" id="0DBE69E4-A06D-1D3E-4BAE-E3B64E3B4156">
<createdBy>pedro</createdBy>
<createdTime>2025-09-12 00:25:48 UTC</createdTime>
<ownerDesignName>Sumativa2</ownerDesignName>
<useDomainConstraints>false</useDomainConstraints>
<use>1</use>
<logicalDatatype>LOGDT019</logicalDatatype>
<dataTypePrecision>6</dataTypePrecision>
<ownDataTypeParameters>,,</ownDataTypeParameters>
<previousColumn>false</previousColumn>
<autoIncrementCycle>false</autoIncrementCycle>
<associations>
<colAssociation fkAssociation="23A2A424-E547-8C37-A4B7-C2FF02F2F9AE" referredColumn="458D78DB-AC6D-6097-208E-D770C1C8726C"/>
</associations>
</Column>
<Column name="UNIDAD_id_unidad" id="02F8763B-06BD-F266-397E-8C25EE6AC090">
<createdBy>pedro</createdBy>
<createdTime>2025-09-12 00:25:54 UTC</createdTime>
<ownerDesignName>Sumativa2</ownerDesignName>
<useDomainConstraints>false</useDomainConstraints>
<use>1</use>
<logicalDatatype>LOGDT019</logicalDatatype>
<dataTypePrecision>6</dataTypePrecision>
<ownDataTypeParameters>,,</ownDataTypeParameters>
<previousColumn>false</previousColumn>
<autoIncrementCycle>false</autoIncrementCycle>
<associations>
<colAssociation fkAssociation="BC586890-AEED-626C-FEE6-B3C11F221019" referredColumn="F6752372-1004-7EAF-71B9-40E9DCD35BEF"/>
</associations>
</Column>
</columns>
<indexes itemClass="oracle.dbtools.crest.model.design.relational.Index">
<ind_PK_UK id="5EA268FF-A9C0-6C35-D421-2D9E335D300C" name="PK_MEDICO">
<createdBy>pedro</createdBy>
<createdTime>2025-09-12 00:25:15 UTC</createdTime>
<generatorID>684D309E-0F3D-8CAD-150A-1F837B828AB4</generatorID>
<ownerDesignName>Sumativa2</ownerDesignName>
<pk>true</pk>
<indexState>Primary Constraint</indexState>
<isSurrogateKey>false</isSurrogateKey>
<indexColumnUsage>
<colUsage columnID="95321FB6-3243-F69A-9F2D-91C3C61F4DA6"/>
</indexColumnUsage>
</ind_PK_UK>
<ind_PK_UK id="A97AE995-AEC2-AD95-859E-E04E309461E9" name="FK_MEDICO_PERSONA">
<createdBy>pedro</createdBy>
<createdTime>2025-09-12 00:25:15 UTC</createdTime>
<generatorID>DD42E047-46C8-33C3-AA66-29D218F7A557</generatorID>
<ownerDesignName>Sumativa2</ownerDesignName>
<indexState>Foreign Key</indexState>
<isSurrogateKey>false</isSurrogateKey>
<indexColumnUsage>
<colUsage columnID="56E6BBCF-72D6-B8EA-9255-A5E2CD59812A"/>
</indexColumnUsage>
</ind_PK_UK>
<ind_PK_UK id="3C93DD11-38F2-CE25-CB19-D7ED17A25770" name="FK_MEDICO_SALUD">
<createdBy>pedro</createdBy>
<createdTime>2025-09-12 00:25:15 UTC</createdTime>
<generatorID>F2C28D50-08C2-3384-8809-83E730433073</generatorID>
<ownerDesignName>Sumativa2</ownerDesignName>
<indexState>Foreign Key</indexState>
<isSurrogateKey>false</isSurrogateKey>
<indexColumnUsage>
<colUsage columnID="98E3CC3B-6138-CF91-8FDD-7DDB79F61E32"/>
</indexColumnUsage>
</ind_PK_UK>
<ind_PK_UK id="E380418C-6D59-A961-292D-89C94334CD6C" name="FK_MEDICO_AFP">
<createdBy>pedro</createdBy>
<createdTime>2025-09-12 00:25:34 UTC</createdTime>
<generatorID>F9E3A530-C465-8316-347F-617CA2C0C353</generatorID>
<ownerDesignName>Sumativa2</ownerDesignName>
<indexState>Foreign Key</indexState>
<isSurrogateKey>false</isSurrogateKey>
<indexColumnUsage>
<colUsage columnID="6CC9E0BA-2BCF-5C1A-2CF8-52B43B8D6904"/>
</indexColumnUsage>
</ind_PK_UK>
<ind_PK_UK id="54FCD4D7-2FF3-5A2A-8EFF-5132A89ADD40" name="FK_MEDICO_ESPECIALIDAD">
<createdBy>pedro</createdBy>
<createdTime>2025-09-12 00:25:48 UTC</createdTime>
<generatorID>67598AE5-05D1-1C2C-B5C5-8EEE10D4CA56</generatorID>
<ownerDesignName>Sumativa2</ownerDesignName>
<indexState>Foreign Key</indexState>
<isSurrogateKey>false</isSurrogateKey>
<indexColumnUsage>
<colUsage columnID="0DBE69E4-A06D-1D3E-4BAE-E3B64E3B4156"/>
</indexColumnUsage>
</ind_PK_UK>
<ind_PK_UK id="91DE6FE1-0858-C38A-5A6B-193177879A80" name="FK_MEDICO_UNIDAD">
<createdBy>pedro</createdBy>
<createdTime>2025-09-12 00:25:54 UTC</createdTime>
<generatorID>6BD93C5D-7065-04CF-B6AE-DEB74913DCB4</generatorID>
<ownerDesignName>Sumativa2</ownerDesignName>
<indexState>Foreign Key</indexState>
<isSurrogateKey>false</isSurrogateKey>
<indexColumnUsage>
<colUsage columnID="02F8763B-06BD-F266-397E-8C25EE6AC090"/>
</indexColumnUsage>
</ind_PK_UK>
</indexes>
</Table>