<?xml version = '1.0' encoding = 'UTF-8'?>
<Table class="oracle.dbtools.crest.model.design.relational.Table" directorySegmentName="seg_0" id="74C8AB91-A6EA-6631-2278-20F1DCCFB48B" name="ESPECIALIDAD">
<createdBy>pedro</createdBy>
<createdTime>2025-09-12 00:25:15 UTC</createdTime>
<generatorID>F05B3EF9-7C49-58CD-FEF8-B240148F8BEF</generatorID>
<ownerDesignName>Sumativa2</ownerDesignName>
<allowColumnReorder>false</allowColumnReorder>
<existDependencyGenerateInDDl>true</existDependencyGenerateInDDl>
<parsed>true</parsed>
<columns itemClass="oracle.dbtools.crest.model.design.relational.Column">
<Column name="id_especialidad" id="458D78DB-AC6D-6097-208E-D770C1C8726C">
<createdBy>pedro</createdBy>
<createdTime>2025-09-12 00:25:15 UTC</createdTime>
<generatorID>BFBE0EC2-4726-AAF6-2A89-8288EA15094A</generatorID>
<ownerDesignName>Sumativa2</ownerDesignName>
<useDomainConstraints>false</useDomainConstraints>
<use>1</use>
<logicalDatatype>LOGDT019</logicalDatatype>
<dataTypePrecision>6</dataTypePrecision>
<ownDataTypeParameters>,6,</ownDataTypeParameters>
<autoIncrementCycle>false</autoIncrementCycle>
</Column>
<Column name="nombre" id="1428C8E0-9082-6C83-4C68-FE033C3E0302">
<createdBy>pedro</createdBy>
<createdTime>2025-09-12 00:25:15 UTC</createdTime>
<generatorID>7BB00229-E771-D414-4550-907B4F4E6531</generatorID>
<ownerDesignName>Sumativa2</ownerDesignName>
<useDomainConstraints>false</useDomainConstraints>
<use>1</use>
<logicalDatatype>LOGDT024</logicalDatatype>
<dataTypeSize>25</dataTypeSize>
<ownDataTypeParameters>25,,</ownDataTypeParameters>
<autoIncrementCycle>false</autoIncrementCycle>
</Column>
</columns>
<indexes itemClass="oracle.dbtools.crest.model.design.relational.Index">
<ind_PK_UK id="4A87B2F7-D88E-CBD4-E839-229A76024CAA" name="PK_ESPECIALIDAD">
<createdBy>pedro</createdBy>
<createdTime>2025-09-12 00:25:15 UTC</createdTime>
<generatorID>67598AE5-05D1-1C2C-B5C5-8EEE10D4CA56</generatorID>
<ownerDesignName>Sumativa2</ownerDesignName>
<pk>true</pk>
<indexState>Primary Constraint</indexState>
<isSurrogateKey>false</isSurrogateKey>
<indexColumnUsage>
<colUsage columnID="458D78DB-AC6D-6097-208E-D770C1C8726C"/>
</indexColumnUsage>
</ind_PK_UK>
<ind_PK_UK id="0B80E046-9656-A6F7-1E2F-9A1346B7C17B" name="UK_ESPECIALIDAD_nombre">
<createdBy>pedro</createdBy>
<createdTime>2025-09-12 00:25:15 UTC</createdTime>
<generatorID>6ED5DF72-4B1C-AD85-F3C5-95FDA549BCE6</generatorID>
<ownerDesignName>Sumativa2</ownerDesignName>
<indexState>Unique Constraint</indexState>
<isSurrogateKey>false</isSurrogateKey>
<indexColumnUsage>
<colUsage columnID="1428C8E0-9082-6C83-4C68-FE033C3E0302"/>
</indexColumnUsage>
</ind_PK_UK>
</indexes>
</Table>