<?xml version = '1.0' encoding = 'UTF-8'?>
<Table class="oracle.dbtools.crest.model.design.relational.Table" directorySegmentName="seg_0" id="8F3ED148-2E5E-9F71-067C-71119D1AD66D" name="PAGO_ATENCION">
<createdBy>pedro</createdBy>
<createdTime>2025-09-12 00:25:15 UTC</createdTime>
<generatorID>1B59BEB7-0CEA-D077-A75E-CD64CA1145A9</generatorID>
<ownerDesignName>Sumativa2</ownerDesignName>
<allowColumnReorder>false</allowColumnReorder>
<existDependencyGenerateInDDl>true</existDependencyGenerateInDDl>
<parsed>true</parsed>
<columns itemClass="oracle.dbtools.crest.model.design.relational.Column">
<Column name="id_pago" id="7C700FE4-D588-B8A1-601B-5EEFA4B59F8D">
<createdBy>pedro</createdBy>
<createdTime>2025-09-12 00:25:15 UTC</createdTime>
<generatorID>F168C017-FB7E-40CA-AEC4-31038BF23E7A</generatorID>
<ownerDesignName>Sumativa2</ownerDesignName>
<useDomainConstraints>false</useDomainConstraints>
<use>1</use>
<logicalDatatype>LOGDT019</logicalDatatype>
<dataTypePrecision>6</dataTypePrecision>
<ownDataTypeParameters>,6,</ownDataTypeParameters>
<autoIncrementCycle>false</autoIncrementCycle>
</Column>
<Column name="tipo_pago" id="7D821D69-FD57-B42D-7603-DA933D194C38">
<createdBy>pedro</createdBy>
<createdTime>2025-09-12 00:25:15 UTC</createdTime>
<generatorID>14F695F6-82DF-62B9-6AA9-B27CBCB72108</generatorID>
<ownerDesignName>Sumativa2</ownerDesignName>
<constraintName>CK_PAGO_TIPO</constraintName>
<useDomainConstraints>false</useDomainConstraints>
<use>1</use>
<logicalDatatype>LOGDT024</logicalDatatype>
<dataTypeSize>12</dataTypeSize>
<listOfValues>
<valueDef value="&quot;convenio&quot;" description=""/>
<valueDef value="&quot;efectivo&quot;" description=""/>
<valueDef value="&quot;tarjerta&quot;" description=""/>
</listOfValues>
<ownDataTypeParameters>12,,</ownDataTypeParameters>
<autoIncrementCycle>false</autoIncrementCycle>
</Column>
<Column name="monto" id="02C06563-6684-E2B2-B01C-552906E7A21B">
<createdBy>pedro</createdBy>
<createdTime>2025-09-12 00:25:15 UTC</createdTime>
<generatorID>714AFBB9-9666-2490-32EF-703716E5B833</generatorID>
<ownerDesignName>Sumativa2</ownerDesignName>
<useDomainConstraints>false</useDomainConstraints>
<use>1</use>
<logicalDatatype>LOGDT019</logicalDatatype>
<dataTypePrecision>12</dataTypePrecision>
<ownDataTypeParameters>,12,</ownDataTypeParameters>
<autoIncrementCycle>false</autoIncrementCycle>
</Column>
<Column name="f_pago" id="42D74A04-A7E2-C255-B3CC-9598DD3213D7">
<createdBy>pedro</createdBy>
<createdTime>2025-09-12 00:25:15 UTC</createdTime>
<generatorID>D9633C75-082C-3D0E-8FCE-C442648964B6</generatorID>
<ownerDesignName>Sumativa2</ownerDesignName>
<useDomainConstraints>false</useDomainConstraints>
<use>1</use>
<logicalDatatype>LOGDT007</logicalDatatype>
<ownDataTypeParameters>,,</ownDataTypeParameters>
<autoIncrementCycle>false</autoIncrementCycle>
</Column>
<Column name="id_atencion" id="097F6843-2ECF-9C25-536B-E697261F8683">
<createdBy>pedro</createdBy>
<createdTime>2025-09-12 00:25:15 UTC</createdTime>
<generatorID>526725DF-008F-26A4-0340-2B42E9DB48E5</generatorID>
<ownerDesignName>Sumativa2</ownerDesignName>
<useDomainConstraints>false</useDomainConstraints>
<use>1</use>
<logicalDatatype>LOGDT019</logicalDatatype>
<ownDataTypeParameters>,,</ownDataTypeParameters>
<previousColumn>false</previousColumn>
<autoIncrementCycle>false</autoIncrementCycle>
</Column>
<Column name="ATENCION_MEDICA_id_atencion" id="F46547F2-FDE2-F454-5970-F6FC3508AEF7">
<createdBy>pedro</createdBy>
<createdTime>2025-09-12 00:26:11 UTC</createdTime>
<ownerDesignName>Sumativa2</ownerDesignName>
<useDomainConstraints>false</useDomainConstraints>
<use>1</use>
<logicalDatatype>LOGDT019</logicalDatatype>
<ownDataTypeParameters>,,</ownDataTypeParameters>
<previousColumn>false</previousColumn>
<autoIncrementCycle>false</autoIncrementCycle>
<associations>
<colAssociation fkAssociation="EB6E0646-E605-10FA-9E2E-737E88270A5C" referredColumn="D753D186-C3D0-6FFD-5B6B-9AA961C0C18F"/>
</associations>
</Column>
</columns>
<indexes itemClass="oracle.dbtools.crest.model.design.relational.Index">
<ind_PK_UK id="149C23A7-F385-491D-C20A-3CBB8E0BA006" name="PK_PAGO_ATENCION">
<createdBy>pedro</createdBy>
<createdTime>2025-09-12 00:25:15 UTC</createdTime>
<generatorID>5CC2A272-76CE-DA96-6D16-2EB4A3D361DA</generatorID>
<ownerDesignName>Sumativa2</ownerDesignName>
<pk>true</pk>
<indexState>Primary Constraint</indexState>
<isSurrogateKey>false</isSurrogateKey>
<indexColumnUsage>
<colUsage columnID="7C700FE4-D588-B8A1-601B-5EEFA4B59F8D"/>
</indexColumnUsage>
</ind_PK_UK>
<ind_PK_UK id="BD1897C3-3D0F-24BC-2F47-E9D22D5939CF" name="FK_PAGO_ATENCION_MEDICA">
<createdBy>pedro</createdBy>
<createdTime>2025-09-12 00:26:11 UTC</createdTime>
<generatorID>EA7F7663-0967-8E83-BB38-B4275FBEC22B</generatorID>
<ownerDesignName>Sumativa2</ownerDesignName>
<indexState>Foreign Key</indexState>
<isSurrogateKey>false</isSurrogateKey>
<indexColumnUsage>
<colUsage columnID="F46547F2-FDE2-F454-5970-F6FC3508AEF7"/>
</indexColumnUsage>
</ind_PK_UK>
</indexes>
</Table>