<?xml version = '1.0' encoding = 'UTF-8'?>
<Table class="oracle.dbtools.crest.model.design.relational.Table" directorySegmentName="seg_0" id="922FBDBE-1095-E958-F71C-C3484AEC8D8E" name="UNIDAD">
<createdBy>pedro</createdBy>
<createdTime>2025-09-12 00:25:15 UTC</createdTime>
<generatorID>51BA9873-4257-BCCB-1450-BC0BFD34EE0D</generatorID>
<ownerDesignName>Sumativa2</ownerDesignName>
<allowColumnReorder>false</allowColumnReorder>
<existDependencyGenerateInDDl>true</existDependencyGenerateInDDl>
<parsed>true</parsed>
<columns itemClass="oracle.dbtools.crest.model.design.relational.Column">
<Column name="id_unidad" id="F6752372-1004-7EAF-71B9-40E9DCD35BEF">
<createdBy>pedro</createdBy>
<createdTime>2025-09-12 00:25:15 UTC</createdTime>
<generatorID>13ED3245-843D-4ACE-A0AE-A466708E470B</generatorID>
<ownerDesignName>Sumativa2</ownerDesignName>
<useDomainConstraints>false</useDomainConstraints>
<use>1</use>
<logicalDatatype>LOGDT019</logicalDatatype>
<dataTypePrecision>6</dataTypePrecision>
<ownDataTypeParameters>,6,</ownDataTypeParameters>
<autoIncrementCycle>false</autoIncrementCycle>
</Column>
<Column name="nombre" id="38E1AABF-7C30-C789-56FC-6DD7069AC426">
<createdBy>pedro</createdBy>
<createdTime>2025-09-12 00:25:15 UTC</createdTime>
<generatorID>8A379012-4AB3-FD82-9B9A-A29A36F33B5B</generatorID>
<ownerDesignName>Sumativa2</ownerDesignName>
<constraintName>CK_UNIDAD_NOMBRE</constraintName>
<useDomainConstraints>false</useDomainConstraints>
<use>1</use>
<logicalDatatype>LOGDT024</logicalDatatype>
<dataTypeSize>25</dataTypeSize>
<listOfValues>
<valueDef value="&quot;laboratorio clinico&quot;" description=""/>
<valueDef value="&quot;medicina general&quot;" description=""/>
<valueDef value="&quot;salud mental&quot;" description=""/>
</listOfValues>
<ownDataTypeParameters>25,,</ownDataTypeParameters>
<autoIncrementCycle>false</autoIncrementCycle>
</Column>
</columns>
<indexes itemClass="oracle.dbtools.crest.model.design.relational.Index">
<ind_PK_UK id="9DB22E60-2C32-6865-1E04-E65E2CEDA50C" name="PK_UNIDAD">
<createdBy>pedro</createdBy>
<createdTime>2025-09-12 00:25:15 UTC</createdTime>
<generatorID>6BD93C5D-7065-04CF-B6AE-DEB74913DCB4</generatorID>
<ownerDesignName>Sumativa2</ownerDesignName>
<pk>true</pk>
<indexState>Primary Constraint</indexState>
<isSurrogateKey>false</isSurrogateKey>
<indexColumnUsage>
<colUsage columnID="F6752372-1004-7EAF-71B9-40E9DCD35BEF"/>
</indexColumnUsage>
</ind_PK_UK>
<ind_PK_UK id="AD94256B-9E77-045F-AF3A-9C2E8ED5C2FF" name="UK_UNIDAD_NOMBRE">
<createdBy>pedro</createdBy>
<createdTime>2025-09-12 00:35:57 UTC</createdTime>
<ownerDesignName>Sumativa2</ownerDesignName>
<indexState>Unique Constraint</indexState>
<isSurrogateKey>false</isSurrogateKey>
<indexColumnUsage>
<colUsage columnID="38E1AABF-7C30-C789-56FC-6DD7069AC426"/>
</indexColumnUsage>
</ind_PK_UK>
</indexes>
</Table>