<?xml version = '1.0' encoding = 'UTF-8'?>
<Table class="oracle.dbtools.crest.model.design.relational.Table" directorySegmentName="seg_0" id="928D25D0-B974-0582-E223-CA14D46DDE67" name="REGION">
<createdBy>pedro</createdBy>
<createdTime>2025-09-12 00:25:15 UTC</createdTime>
<generatorID>CD046D4D-89F0-E627-E046-8A70CDC23698</generatorID>
<ownerDesignName>Sumativa2</ownerDesignName>
<allowColumnReorder>false</allowColumnReorder>
<existDependencyGenerateInDDl>true</existDependencyGenerateInDDl>
<parsed>true</parsed>
<columns itemClass="oracle.dbtools.crest.model.design.relational.Column">
<Column name="id_region" id="D1D8CB70-5473-0736-04B9-488D50E52893">
<createdBy>pedro</createdBy>
<createdTime>2025-09-12 00:25:15 UTC</createdTime>
<generatorID>860F124E-A57D-F8CD-8857-D2ECFC6766E5</generatorID>
<ownerDesignName>Sumativa2</ownerDesignName>
<useDomainConstraints>false</useDomainConstraints>
<use>1</use>
<logicalDatatype>LOGDT019</logicalDatatype>
<dataTypePrecision>6</dataTypePrecision>
<ownDataTypeParameters>,6,</ownDataTypeParameters>
<autoIncrementCycle>false</autoIncrementCycle>
</Column>
<Column name="nombre" id="D2930F1C-C629-3DC9-BEB6-5D1E18DE4968">
<createdBy>pedro</createdBy>
<createdTime>2025-09-12 00:25:15 UTC</createdTime>
<generatorID>CE56A511-0F0D-2FE8-EE23-C24CCB2FA92C</generatorID>
<ownerDesignName>Sumativa2</ownerDesignName>
<useDomainConstraints>false</useDomainConstraints>
<use>1</use>
<logicalDatatype>LOGDT024</logicalDatatype>
<dataTypeSize>75</dataTypeSize>
<ownDataTypeParameters>75,,</ownDataTypeParameters>
<autoIncrementCycle>false</autoIncrementCycle>
</Column>
</columns>
<indexes itemClass="oracle.dbtools.crest.model.design.relational.Index">
<ind_PK_UK id="8C8BDDD6-7E86-E821-6491-660527AD1DD4" name="PK_REGION">
<createdBy>pedro</createdBy>
<createdTime>2025-09-12 00:25:15 UTC</createdTime>
<generatorID>E6EB4050-6010-8060-5304-0615E7473D90</generatorID>
<ownerDesignName>Sumativa2</ownerDesignName>
<pk>true</pk>
<indexState>Primary Constraint</indexState>
<isSurrogateKey>false</isSurrogateKey>
<indexColumnUsage>
<colUsage columnID="D1D8CB70-5473-0736-04B9-488D50E52893"/>
</indexColumnUsage>
</ind_PK_UK>
<ind_PK_UK id="3BAEAB83-6020-3DBC-9008-745FC3A1C5B0" name="UK_REGION_nombre">
<createdBy>pedro</createdBy>
<createdTime>2025-09-12 00:25:15 UTC</createdTime>
<generatorID>5FB67DB9-A1BE-A2AE-C823-251634745B6D</generatorID>
<ownerDesignName>Sumativa2</ownerDesignName>
<indexState>Unique Constraint</indexState>
<isSurrogateKey>false</isSurrogateKey>
<indexColumnUsage>
<colUsage columnID="D2930F1C-C629-3DC9-BEB6-5D1E18DE4968"/>
</indexColumnUsage>
</ind_PK_UK>
</indexes>
</Table>