<?xml version = '1.0' encoding = 'UTF-8'?>
<Table class="oracle.dbtools.crest.model.design.relational.Table" directorySegmentName="seg_0" id="99BC4364-1024-831F-780F-D65C01DFE8C5" name="PACIENTE">
<createdBy>pedro</createdBy>
<createdTime>2025-09-12 00:25:15 UTC</createdTime>
<generatorID>E11482E7-0914-03DB-1D6F-E4CECA5799CF</generatorID>
<ownerDesignName>Sumativa2</ownerDesignName>
<allowColumnReorder>false</allowColumnReorder>
<existDependencyGenerateInDDl>true</existDependencyGenerateInDDl>
<parsed>true</parsed>
<columns itemClass="oracle.dbtools.crest.model.design.relational.Column">
<Column name="rut" id="F94CF9A9-1E54-B65D-2F2D-7DA3114F7618">
<createdBy>pedro</createdBy>
<createdTime>2025-09-12 00:25:15 UTC</createdTime>
<generatorID>ED99B3CB-4AC1-3750-E004-25697D882013</generatorID>
<ownerDesignName>Sumativa2</ownerDesignName>
<useDomainConstraints>false</useDomainConstraints>
<use>1</use>
<logicalDatatype>LOGDT024</logicalDatatype>
<dataTypeSize>12</dataTypeSize>
<ownDataTypeParameters>,,</ownDataTypeParameters>
<autoIncrementCycle>false</autoIncrementCycle>
<associations>
<colAssociation fkAssociation="C4BAE11D-2338-555A-93CF-9D168FAF1887" referredColumn="C62A2A00-14CE-F9BC-5795-251875B47FE3"/>
</associations>
</Column>
<Column name="id_paciente" id="BFE5E4D9-0C65-A198-B3C0-4EBB4D674E63">
<createdBy>pedro</createdBy>
<createdTime>2025-09-12 00:25:15 UTC</createdTime>
<generatorID>7C79B4DD-456D-88C6-CCA3-943F50736D6D</generatorID>
<ownerDesignName>Sumativa2</ownerDesignName>
<useDomainConstraints>false</useDomainConstraints>
<use>1</use>
<logicalDatatype>LOGDT019</logicalDatatype>
<dataTypePrecision>12</dataTypePrecision>
<ownDataTypeParameters>,12,</ownDataTypeParameters>
<autoIncrementCycle>false</autoIncrementCycle>
</Column>
<Column name="f_nacimiento" id="0E734087-0139-80B1-1951-7B16EE2E8A47">
<createdBy>pedro</createdBy>
<createdTime>2025-09-12 00:25:15 UTC</createdTime>
<generatorID>4C330C6E-625D-D36B-D0ED-6E79C6B01BC9</generatorID>
<ownerDesignName>Sumativa2</ownerDesignName>
<useDomainConstraints>false</useDomainConstraints>
<use>1</use>
<logicalDatatype>LOGDT007</logicalDatatype>
<ownDataTypeParameters>,,</ownDataTypeParameters>
<autoIncrementCycle>false</autoIncrementCycle>
</Column>
<Column name="direccion" id="B2B1E6DE-67C2-F446-D403-A07C7B278F27">
<createdBy>pedro</createdBy>
<createdTime>2025-09-12 00:25:15 UTC</createdTime>
<generatorID>7D7455AA-4A78-87F8-2C61-6D81B4721E31</generatorID>
<ownerDesignName>Sumativa2</ownerDesignName>
<useDomainConstraints>false</useDomainConstraints>
<use>1</use>
<logicalDatatype>LOGDT024</logicalDatatype>
<dataTypeSize>100</dataTypeSize>
<ownDataTypeParameters>100,,</ownDataTypeParameters>
<autoIncrementCycle>false</autoIncrementCycle>
</Column>
<Column name="id_comuna" id="ACBB94EC-5492-8961-864F-487625E6AE5A">
<createdBy>pedro</createdBy>
<createdTime>2025-09-12 00:25:15 UTC</createdTime>
<generatorID>CC716F1A-92C3-9FDB-6A9D-4511DB9B3EE3</generatorID>
<ownerDesignName>Sumativa2</ownerDesignName>
<useDomainConstraints>false</useDomainConstraints>
<use>1</use>
<logicalDatatype>LOGDT019</logicalDatatype>
<ownDataTypeParameters>,,</ownDataTypeParameters>
<previousColumn>false</previousColumn>
<autoIncrementCycle>false</autoIncrementCycle>
</Column>
<Column name="sexo" id="54D55D2E-71D6-51B9-D41D-7463AA6CDC91">
<createdBy>pedro</createdBy>
<createdTime>2025-09-12 00:25:15 UTC</createdTime>
<generatorID>D363659D-0CC4-BE26-5825-639F2F379FA7</generatorID>
<ownerDesignName>Sumativa2</ownerDesignName>
<useDomainConstraints>false</useDomainConstraints>
<use>1</use>
<logicalDatatype>LOGDT025</logicalDatatype>
<dataTypeSize>1</dataTypeSize>
<ownDataTypeParameters>1,,</ownDataTypeParameters>
<autoIncrementCycle>false</autoIncrementCycle>
</Column>
<Column name="telefono" id="D19E30FE-6F76-C675-429F-46FF0A6C48F3">
<createdBy>pedro</createdBy>
<createdTime>2025-09-12 00:25:15 UTC</createdTime>
<generatorID>963FEA2B-B606-8442-B281-5C72BB98EFD5</generatorID>
<ownerDesignName>Sumativa2</ownerDesignName>
<nullsAllowed>true</nullsAllowed>
<useDomainConstraints>false</useDomainConstraints>
<use>1</use>
<logicalDatatype>LOGDT019</logicalDatatype>
<dataTypePrecision>12</dataTypePrecision>
<ownDataTypeParameters>,12,</ownDataTypeParameters>
<autoIncrementCycle>false</autoIncrementCycle>
</Column>
<Column name="correo" id="B5D173F4-9256-19AE-79D4-CB4952FAEEA7">
<createdBy>pedro</createdBy>
<createdTime>2025-09-12 00:25:15 UTC</createdTime>
<generatorID>A48CE17F-E252-828A-64DE-57387A8CE8F3</generatorID>
<ownerDesignName>Sumativa2</ownerDesignName>
<nullsAllowed>true</nullsAllowed>
<useDomainConstraints>false</useDomainConstraints>
<use>1</use>
<logicalDatatype>LOGDT024</logicalDatatype>
<dataTypeSize>100</dataTypeSize>
<ownDataTypeParameters>100,,</ownDataTypeParameters>
<autoIncrementCycle>false</autoIncrementCycle>
</Column>
<Column name="id_usuario" id="211D9958-530D-686B-CF75-E1A8A3BE5723">
<createdBy>pedro</createdBy>
<createdTime>2025-09-12 00:25:15 UTC</createdTime>
<generatorID>4CA370B9-71B2-5D94-1F59-DBB228AA898F</generatorID>
<ownerDesignName>Sumativa2</ownerDesignName>
<useDomainConstraints>false</useDomainConstraints>
<use>1</use>
<logicalDatatype>LOGDT019</logicalDatatype>
<ownDataTypeParameters>,,</ownDataTypeParameters>
<previousColumn>false</previousColumn>
<autoIncrementCycle>false</autoIncrementCycle>
</Column>
<Column name="TIPO_USUARIO_id_usuario" id="3C0FC635-A5EB-013F-CCBD-13517BAE2F76">
<createdBy>pedro</createdBy>
<createdTime>2025-09-12 00:28:06 UTC</createdTime>
<ownerDesignName>Sumativa2</ownerDesignName>
<useDomainConstraints>false</useDomainConstraints>
<use>1</use>
<logicalDatatype>LOGDT019</logicalDatatype>
<dataTypePrecision>6</dataTypePrecision>
<ownDataTypeParameters>,,</ownDataTypeParameters>
<previousColumn>false</previousColumn>
<autoIncrementCycle>false</autoIncrementCycle>
<associations>
<colAssociation fkAssociation="C88F727B-5FDA-FC21-686D-C363D5DB29D5" referredColumn="F18F2C3E-43E7-CD0C-6223-AD3C9CCF41C9"/>
</associations>
</Column>
<Column name="COMUNA_id_comuna" id="F7FE534E-B220-DFE7-2A48-E4A25FA28F9F">
<createdBy>pedro</createdBy>
<createdTime>2025-09-12 00:28:13 UTC</createdTime>
<ownerDesignName>Sumativa2</ownerDesignName>
<useDomainConstraints>false</useDomainConstraints>
<use>1</use>
<logicalDatatype>LOGDT019</logicalDatatype>
<dataTypePrecision>6</dataTypePrecision>
<ownDataTypeParameters>,,</ownDataTypeParameters>
<previousColumn>false</previousColumn>
<autoIncrementCycle>false</autoIncrementCycle>
<associations>
<colAssociation fkAssociation="B4B94E1A-D2F4-96DC-72C0-B354DB04D3EB" referredColumn="3ACD1AC1-0A1E-E652-350E-1BBE09A71269"/>
</associations>
</Column>
</columns>
<indexes itemClass="oracle.dbtools.crest.model.design.relational.Index">
<ind_PK_UK id="1E34D4E8-A603-3BD1-EEA3-E7E1136A172F" name="PK_PACIENTE">
<createdBy>pedro</createdBy>
<createdTime>2025-09-12 00:25:15 UTC</createdTime>
<generatorID>684D309E-0F3D-8CAD-150A-1F837B828AB4</generatorID>
<ownerDesignName>Sumativa2</ownerDesignName>
<pk>true</pk>
<indexState>Primary Constraint</indexState>
<isSurrogateKey>false</isSurrogateKey>
<indexColumnUsage>
<colUsage columnID="BFE5E4D9-0C65-A198-B3C0-4EBB4D674E63"/>
</indexColumnUsage>
</ind_PK_UK>
<ind_PK_UK id="FEF79184-F7E1-6C2D-32E7-AACFD93D700A" name="FK_PACIENTE_PERSONA">
<createdBy>pedro</createdBy>
<createdTime>2025-09-12 00:25:15 UTC</createdTime>
<generatorID>6F42998A-5440-E58C-AC8F-69772B67A69F</generatorID>
<ownerDesignName>Sumativa2</ownerDesignName>
<indexState>Foreign Key</indexState>
<isSurrogateKey>false</isSurrogateKey>
<indexColumnUsage>
<colUsage columnID="F94CF9A9-1E54-B65D-2F2D-7DA3114F7618"/>
</indexColumnUsage>
</ind_PK_UK>
<ind_PK_UK id="785170D8-A361-B953-6C31-8A80932A4D57" name="FK_PACIENTE_TIPO_USUARIO">
<createdBy>pedro</createdBy>
<createdTime>2025-09-12 00:28:06 UTC</createdTime>
<generatorID>6D1E2049-8D8C-CA72-53C4-3360B37A9196</generatorID>
<ownerDesignName>Sumativa2</ownerDesignName>
<indexState>Foreign Key</indexState>
<isSurrogateKey>false</isSurrogateKey>
<indexColumnUsage>
<colUsage columnID="3C0FC635-A5EB-013F-CCBD-13517BAE2F76"/>
</indexColumnUsage>
</ind_PK_UK>
<ind_PK_UK id="E504FA5D-27CB-00D7-E4EF-6872905F071D" name="FK_PACIENTE_COMUNA">
<createdBy>pedro</createdBy>
<createdTime>2025-09-12 00:28:13 UTC</createdTime>
<generatorID>41D36147-7823-4F6A-B6C0-0729A621C300</generatorID>
<ownerDesignName>Sumativa2</ownerDesignName>
<indexState>Foreign Key</indexState>
<isSurrogateKey>false</isSurrogateKey>
<indexColumnUsage>
<colUsage columnID="F7FE534E-B220-DFE7-2A48-E4A25FA28F9F"/>
</indexColumnUsage>
</ind_PK_UK>
</indexes>
</Table>