<?xml version = '1.0' encoding = 'UTF-8'?>
<Table class="oracle.dbtools.crest.model.design.relational.Table" directorySegmentName="seg_0" id="B7AFD83F-B2C9-C018-7102-CEDC20559A5B" name="ATENCION_MEDICA">
<createdBy>pedro</createdBy>
<createdTime>2025-09-12 00:25:15 UTC</createdTime>
<generatorID>7171BC75-CB11-3CAA-BCDA-958174E46D79</generatorID>
<ownerDesignName>Sumativa2</ownerDesignName>
<allowColumnReorder>false</allowColumnReorder>
<existDependencyGenerateInDDl>true</existDependencyGenerateInDDl>
<parsed>true</parsed>
<columns itemClass="oracle.dbtools.crest.model.design.relational.Column">
<Column name="id_atencion" id="D753D186-C3D0-6FFD-5B6B-9AA961C0C18F">
<createdBy>pedro</createdBy>
<createdTime>2025-09-12 00:25:15 UTC</createdTime>
<generatorID>B36FA756-0D1D-EE83-9C00-BD859CAA81C0</generatorID>
<ownerDesignName>Sumativa2</ownerDesignName>
<useDomainConstraints>false</useDomainConstraints>
<use>1</use>
<logicalDatatype>LOGDT019</logicalDatatype>
<ownDataTypeParameters>,,</ownDataTypeParameters>
<autoIncrementCycle>false</autoIncrementCycle>
</Column>
<Column name="fecha_atencion" id="C681AEDA-9AFD-8AED-555D-93E423EA5519">
<createdBy>pedro</createdBy>
<createdTime>2025-09-12 00:25:15 UTC</createdTime>
<generatorID>9547B09F-F099-21E9-5122-37D406181098</generatorID>
<ownerDesignName>Sumativa2</ownerDesignName>
<useDomainConstraints>false</useDomainConstraints>
<use>1</use>
<logicalDatatype>LOGDT007</logicalDatatype>
<ownDataTypeParameters>,,</ownDataTypeParameters>
<autoIncrementCycle>false</autoIncrementCycle>
</Column>
<Column name="tipo_atencion" id="2727F34B-108F-B674-DDCC-FE85EF8EFCEC">
<createdBy>pedro</createdBy>
<createdTime>2025-09-12 00:25:15 UTC</createdTime>
<generatorID>46FD683D-3005-45D0-62A7-A160A6F7A8C8</generatorID>
<ownerDesignName>Sumativa2</ownerDesignName>
<useDomainConstraints>false</useDomainConstraints>
<use>1</use>
<logicalDatatype>LOGDT024</logicalDatatype>
<dataTypeSize>25</dataTypeSize>
<listOfValues>
<valueDef value="&quot;general&quot;" description=""/>
<valueDef value="&quot;preventiva&quot;" description=""/>
<valueDef value="&quot;urgencia&quot;" description=""/>
</listOfValues>
<ownDataTypeParameters>25,,</ownDataTypeParameters>
<autoIncrementCycle>false</autoIncrementCycle>
</Column>
<Column name="PACIENTE_id_paciente" id="E5DA50AE-628C-25D4-94CB-C4EE0BA875A1">
<createdBy>pedro</createdBy>
<createdTime>2025-09-12 00:25:15 UTC</createdTime>
<generatorID>A96E7298-BC0C-CD7D-7D27-1E573EA3ECFA</generatorID>
<ownerDesignName>Sumativa2</ownerDesignName>
<useDomainConstraints>false</useDomainConstraints>
<use>1</use>
<logicalDatatype>LOGDT019</logicalDatatype>
<dataTypePrecision>12</dataTypePrecision>
<ownDataTypeParameters>,,</ownDataTypeParameters>
<previousColumn>false</previousColumn>
<autoIncrementCycle>false</autoIncrementCycle>
<associations>
<colAssociation fkAssociation="FB3AD1EC-F4C2-0DAA-B791-FDDF94584A63" referredColumn="BFE5E4D9-0C65-A198-B3C0-4EBB4D674E63"/>
</associations>
</Column>
<Column name="id_medico" id="FC97CFFD-49EE-68FD-8DE4-252B52728F2B">
<createdBy>pedro</createdBy>
<createdTime>2025-09-12 00:25:15 UTC</createdTime>
<generatorID>BD3CE120-6844-6261-302B-2412463AE012</generatorID>
<ownerDesignName>Sumativa2</ownerDesignName>
<useDomainConstraints>false</useDomainConstraints>
<use>1</use>
<logicalDatatype>LOGDT019</logicalDatatype>
<ownDataTypeParameters>,,</ownDataTypeParameters>
<previousColumn>false</previousColumn>
<autoIncrementCycle>false</autoIncrementCycle>
</Column>
<Column name="id_derivacion" id="BCA14EAE-B7CA-8820-7D3A-9753E60410C6">
<createdBy>pedro</createdBy>
<createdTime>2025-09-12 00:25:15 UTC</createdTime>
<generatorID>E9777718-F2F6-D7CE-6361-408166009CA0</generatorID>
<ownerDesignName>Sumativa2</ownerDesignName>
<nullsAllowed>true</nullsAllowed>
<useDomainConstraints>false</useDomainConstraints>
<use>1</use>
<logicalDatatype>LOGDT019</logicalDatatype>
<ownDataTypeParameters>,,</ownDataTypeParameters>
<previousColumn>false</previousColumn>
<autoIncrementCycle>false</autoIncrementCycle>
</Column>
<Column name="ATENCION_MEDICA_id_atencion" id="DA052ABD-F790-5074-E528-FE504E3610DF">
<createdBy>pedro</createdBy>
<createdTime>2025-09-12 00:27:02 UTC</createdTime>
<ownerDesignName>Sumativa2</ownerDesignName>
<nullsAllowed>true</nullsAllowed>
<useDomainConstraints>false</useDomainConstraints>
<use>1</use>
<logicalDatatype>LOGDT019</logicalDatatype>
<ownDataTypeParameters>,,</ownDataTypeParameters>
<previousColumn>false</previousColumn>
<autoIncrementCycle>false</autoIncrementCycle>
<associations>
<colAssociation fkAssociation="C83CF6E4-BC20-A425-DE72-A7A3228724D1" referredColumn="D753D186-C3D0-6FFD-5B6B-9AA961C0C18F"/>
</associations>
</Column>
<Column name="MEDICO_id_medico" id="546FCE2E-463A-CC54-7133-C833968A6C27">
<createdBy>pedro</createdBy>
<createdTime>2025-09-12 00:32:29 UTC</createdTime>
<ownerDesignName>Sumativa2</ownerDesignName>
<useDomainConstraints>false</useDomainConstraints>
<use>1</use>
<logicalDatatype>LOGDT019</logicalDatatype>
<dataTypePrecision>6</dataTypePrecision>
<ownDataTypeParameters>,,</ownDataTypeParameters>
<previousColumn>false</previousColumn>
<autoIncrementCycle>false</autoIncrementCycle>
<associations>
<colAssociation fkAssociation="0782A0B7-DA64-8FCB-3279-DBCEF924EF3A" referredColumn="95321FB6-3243-F69A-9F2D-91C3C61F4DA6"/>
</associations>
</Column>
</columns>
<indexes itemClass="oracle.dbtools.crest.model.design.relational.Index">
<ind_PK_UK id="0C363960-494C-243C-91F5-154FB649920F" name="PK_ATENCION_MEDICA">
<createdBy>pedro</createdBy>
<createdTime>2025-09-12 00:25:15 UTC</createdTime>
<generatorID>EA7F7663-0967-8E83-BB38-B4275FBEC22B</generatorID>
<ownerDesignName>Sumativa2</ownerDesignName>
<pk>true</pk>
<indexState>Primary Constraint</indexState>
<isSurrogateKey>false</isSurrogateKey>
<indexColumnUsage>
<colUsage columnID="D753D186-C3D0-6FFD-5B6B-9AA961C0C18F"/>
</indexColumnUsage>
</ind_PK_UK>
<ind_PK_UK id="AB103746-CA5A-CD3C-AE9B-737960F379B8" name="FK_ATENCION_MEDICA_MEDICO">
<createdBy>pedro</createdBy>
<createdTime>2025-09-12 00:26:00 UTC</createdTime>
<generatorID>684D309E-0F3D-8CAD-150A-1F837B828AB4</generatorID>
<ownerDesignName>Sumativa2</ownerDesignName>
<indexState>Foreign Key</indexState>
<isSurrogateKey>false</isSurrogateKey>
<indexColumnUsage>
<colUsage columnID="546FCE2E-463A-CC54-7133-C833968A6C27"/>
</indexColumnUsage>
</ind_PK_UK>
<ind_PK_UK id="D894D16A-0272-F348-0BFA-4A369682394F" name="FK_ATENCION_MEDICA_DERIVACION">
<createdBy>pedro</createdBy>
<createdTime>2025-09-12 00:27:02 UTC</createdTime>
<generatorID>EA7F7663-0967-8E83-BB38-B4275FBEC22B</generatorID>
<ownerDesignName>Sumativa2</ownerDesignName>
<indexState>Foreign Key</indexState>
<isSurrogateKey>false</isSurrogateKey>
<indexColumnUsage>
<colUsage columnID="DA052ABD-F790-5074-E528-FE504E3610DF"/>
</indexColumnUsage>
</ind_PK_UK>
<ind_PK_UK id="990E61F4-FB19-5AEE-D608-F04144DE2416" name="FK_ATENCION_MEDICA_PACIENTE">
<createdBy>pedro</createdBy>
<createdTime>2025-09-12 15:00:35 UTC</createdTime>
<generatorID>684D309E-0F3D-8CAD-150A-1F837B828AB4</generatorID>
<ownerDesignName>Sumativa2</ownerDesignName>
<indexState>Foreign Key</indexState>
<isSurrogateKey>false</isSurrogateKey>
<indexColumnUsage>
<colUsage columnID="E5DA50AE-628C-25D4-94CB-C4EE0BA875A1"/>
</indexColumnUsage>
</ind_PK_UK>
</indexes>
</Table>