<?xml version = '1.0' encoding = 'UTF-8'?>
<Table class="oracle.dbtools.crest.model.design.relational.Table" directorySegmentName="seg_0" id="C22D5AC8-5D79-8D65-5E30-A080C7A5C890" name="AFP">
<createdBy>pedro</createdBy>
<createdTime>2025-09-12 00:25:15 UTC</createdTime>
<generatorID>2959A2CF-70AD-5A47-5E1E-02C9E600DFBB</generatorID>
<ownerDesignName>Sumativa2</ownerDesignName>
<allowColumnReorder>false</allowColumnReorder>
<existDependencyGenerateInDDl>true</existDependencyGenerateInDDl>
<parsed>true</parsed>
<columns itemClass="oracle.dbtools.crest.model.design.relational.Column">
<Column name="id_afp" id="39C6555C-9F9C-EFEC-F642-014B7878EB02">
<createdBy>pedro</createdBy>
<createdTime>2025-09-12 00:25:15 UTC</createdTime>
<generatorID>009797CC-EF4E-F117-5E81-03551531C2B2</generatorID>
<ownerDesignName>Sumativa2</ownerDesignName>
<useDomainConstraints>false</useDomainConstraints>
<use>1</use>
<logicalDatatype>LOGDT019</logicalDatatype>
<dataTypePrecision>6</dataTypePrecision>
<ownDataTypeParameters>,6,</ownDataTypeParameters>
<autoIncrementCycle>false</autoIncrementCycle>
</Column>
<Column name="nombre" id="286D44A6-312C-C63B-C5EB-F0BF5817EC9C">
<createdBy>pedro</createdBy>
<createdTime>2025-09-12 00:25:15 UTC</createdTime>
<generatorID>0B9A7445-20F4-6642-6B25-1594CA17174F</generatorID>
<ownerDesignName>Sumativa2</ownerDesignName>
<useDomainConstraints>false</useDomainConstraints>
<use>1</use>
<logicalDatatype>LOGDT024</logicalDatatype>
<dataTypeSize>25</dataTypeSize>
<ownDataTypeParameters>25,,</ownDataTypeParameters>
<autoIncrementCycle>false</autoIncrementCycle>
</Column>
</columns>
<indexes itemClass="oracle.dbtools.crest.model.design.relational.Index">
<ind_PK_UK id="34AEC38D-9BBD-3E6D-2D21-93ED770E8F34" name="PK_AFP">
<createdBy>pedro</createdBy>
<createdTime>2025-09-12 00:25:15 UTC</createdTime>
<generatorID>F9E3A530-C465-8316-347F-617CA2C0C353</generatorID>
<ownerDesignName>Sumativa2</ownerDesignName>
<pk>true</pk>
<indexState>Primary Constraint</indexState>
<isSurrogateKey>false</isSurrogateKey>
<indexColumnUsage>
<colUsage columnID="39C6555C-9F9C-EFEC-F642-014B7878EB02"/>
</indexColumnUsage>
</ind_PK_UK>
<ind_PK_UK id="0FAA3674-3CF8-CDB0-B1D4-ADB1C1B6A62D" name="UK_AFP_nombre">
<createdBy>pedro</createdBy>
<createdTime>2025-09-12 00:25:15 UTC</createdTime>
<generatorID>6EE88B82-3239-90F9-8231-91ED419E4603</generatorID>
<ownerDesignName>Sumativa2</ownerDesignName>
<indexState>Unique Constraint</indexState>
<isSurrogateKey>false</isSurrogateKey>
<indexColumnUsage>
<colUsage columnID="286D44A6-312C-C63B-C5EB-F0BF5817EC9C"/>
</indexColumnUsage>
</ind_PK_UK>
</indexes>
</Table>