<?xml version = '1.0' encoding = 'UTF-8'?>
<Table class="oracle.dbtools.crest.model.design.relational.Table" directorySegmentName="seg_0" id="D4F062B0-1CF0-A505-12C6-019C274066A0" name="COMUNA">
<createdBy>pedro</createdBy>
<createdTime>2025-09-12 00:25:15 UTC</createdTime>
<generatorID>1C23BDF5-FF2B-F1D5-B81A-82332F5AD1F3</generatorID>
<ownerDesignName>Sumativa2</ownerDesignName>
<allowColumnReorder>false</allowColumnReorder>
<existDependencyGenerateInDDl>true</existDependencyGenerateInDDl>
<parsed>true</parsed>
<columns itemClass="oracle.dbtools.crest.model.design.relational.Column">
<Column name="id_comuna" id="3ACD1AC1-0A1E-E652-350E-1BBE09A71269">
<createdBy>pedro</createdBy>
<createdTime>2025-09-12 00:25:15 UTC</createdTime>
<generatorID>632D764C-10A6-BBCD-C739-9B635BBB0923</generatorID>
<ownerDesignName>Sumativa2</ownerDesignName>
<useDomainConstraints>false</useDomainConstraints>
<use>1</use>
<logicalDatatype>LOGDT019</logicalDatatype>
<dataTypePrecision>6</dataTypePrecision>
<ownDataTypeParameters>,6,</ownDataTypeParameters>
<autoIncrementCycle>false</autoIncrementCycle>
</Column>
<Column name="nombre" id="9F84F86A-F425-9BFA-14DA-5C4BF4E0E3F1">
<createdBy>pedro</createdBy>
<createdTime>2025-09-12 00:25:15 UTC</createdTime>
<generatorID>C1905282-0CC4-6662-2ECB-6D09652C2225</generatorID>
<ownerDesignName>Sumativa2</ownerDesignName>
<useDomainConstraints>false</useDomainConstraints>
<use>1</use>
<logicalDatatype>LOGDT024</logicalDatatype>
<dataTypeSize>75</dataTypeSize>
<ownDataTypeParameters>75,,</ownDataTypeParameters>
<autoIncrementCycle>false</autoIncrementCycle>
</Column>
<Column name="id_region" id="5769C7A6-E601-8C50-D1A2-E17124A41A11">
<createdBy>pedro</createdBy>
<createdTime>2025-09-12 00:25:15 UTC</createdTime>
<generatorID>8CADCB47-EF4D-62F9-B455-7529D794DA2F</generatorID>
<ownerDesignName>Sumativa2</ownerDesignName>
<nullsAllowed>true</nullsAllowed>
<useDomainConstraints>false</useDomainConstraints>
<use>1</use>
<logicalDatatype>LOGDT019</logicalDatatype>
<ownDataTypeParameters>,,</ownDataTypeParameters>
<previousColumn>false</previousColumn>
<autoIncrementCycle>false</autoIncrementCycle>
</Column>
<Column name="REGION_id_region" id="66800E68-44B6-5544-FC50-A2A1F1429CFC">
<createdBy>pedro</createdBy>
<createdTime>2025-09-12 00:29:15 UTC</createdTime>
<ownerDesignName>Sumativa2</ownerDesignName>
<useDomainConstraints>false</useDomainConstraints>
<use>1</use>
<logicalDatatype>LOGDT019</logicalDatatype>
<dataTypePrecision>6</dataTypePrecision>
<ownDataTypeParameters>,,</ownDataTypeParameters>
<previousColumn>false</previousColumn>
<autoIncrementCycle>false</autoIncrementCycle>
<associations>
<colAssociation fkAssociation="8C722125-ED86-E6DD-0D7A-88A2BE5F2C32" referredColumn="D1D8CB70-5473-0736-04B9-488D50E52893"/>
</associations>
</Column>
</columns>
<indexes itemClass="oracle.dbtools.crest.model.design.relational.Index">
<ind_PK_UK id="1C05F38C-AC46-0026-9438-F91E56864E0C" name="PK_COMUNA">
<createdBy>pedro</createdBy>
<createdTime>2025-09-12 00:25:15 UTC</createdTime>
<generatorID>41D36147-7823-4F6A-B6C0-0729A621C300</generatorID>
<ownerDesignName>Sumativa2</ownerDesignName>
<pk>true</pk>
<indexState>Primary Constraint</indexState>
<isSurrogateKey>false</isSurrogateKey>
<indexColumnUsage>
<colUsage columnID="3ACD1AC1-0A1E-E652-350E-1BBE09A71269"/>
</indexColumnUsage>
</ind_PK_UK>
<ind_PK_UK id="608CCA48-23F6-3951-0BB9-1E2EF05F3443" name="FK_COMUNA_REGION">
<createdBy>pedro</createdBy>
<createdTime>2025-09-12 00:29:15 UTC</createdTime>
<generatorID>E6EB4050-6010-8060-5304-0615E7473D90</generatorID>
<ownerDesignName>Sumativa2</ownerDesignName>
<indexState>Foreign Key</indexState>
<isSurrogateKey>false</isSurrogateKey>
<indexColumnUsage>
<colUsage columnID="66800E68-44B6-5544-FC50-A2A1F1429CFC"/>
</indexColumnUsage>
</ind_PK_UK>
</indexes>
</Table>