<?xml version = '1.0' encoding = 'UTF-8'?>
<Table class="oracle.dbtools.crest.model.design.relational.Table" directorySegmentName="seg_0" id="352C9FB1-DFB7-5189-971E-62FFCC3FB059" name="SISTEMA_SALUD">
<createdBy>pedro</createdBy>
<createdTime>2025-10-02 16:43:23 UTC</createdTime>
<generatorID>4B601B7E-9C6B-FC8C-645C-3A85D488B988</generatorID>
<ownerDesignName>Cristalería Andina S.A.</ownerDesignName>
<allowColumnReorder>false</allowColumnReorder>
<existDependencyGenerateInDDl>true</existDependencyGenerateInDDl>
<parsed>true</parsed>
<columns itemClass="oracle.dbtools.crest.model.design.relational.Column">
<Column name="id_salud" id="3DB29307-CD44-8577-038A-C234E0C67963">
<createdBy>pedro</createdBy>
<createdTime>2025-10-02 16:43:23 UTC</createdTime>
<generatorID>8C43A0F0-1252-6EB0-A0C7-A520743BEEE2</generatorID>
<ownerDesignName>Cristalería Andina S.A.</ownerDesignName>
<useDomainConstraints>false</useDomainConstraints>
<use>1</use>
<logicalDatatype>LOGDT019</logicalDatatype>
<dataTypePrecision>3</dataTypePrecision>
<ownDataTypeParameters>,3,</ownDataTypeParameters>
<autoIncrementCycle>false</autoIncrementCycle>
</Column>
<Column name="nombre" id="5A0D8F8A-41EB-4141-44C6-9FBF2C7FAA64">
<createdBy>pedro</createdBy>
<createdTime>2025-10-02 16:43:23 UTC</createdTime>
<generatorID>CAE34E25-E995-FE51-AF5A-8BF148A0EDFC</generatorID>
<ownerDesignName>Cristalería Andina S.A.</ownerDesignName>
<useDomainConstraints>false</useDomainConstraints>
<use>1</use>
<logicalDatatype>LOGDT024</logicalDatatype>
<dataTypeSize>80</dataTypeSize>
<ownDataTypeParameters>80,,</ownDataTypeParameters>
<autoIncrementCycle>false</autoIncrementCycle>
</Column>
</columns>
<indexes itemClass="oracle.dbtools.crest.model.design.relational.Index">
<ind_PK_UK id="61C11E85-3B47-E7AD-E23E-F600641184EB" name="PK_SISTEMA_SALUD">
<createdBy>pedro</createdBy>
<createdTime>2025-10-02 16:43:23 UTC</createdTime>
<generatorID>C73DFCD4-488E-7011-51D0-DB49FC32568C</generatorID>
<ownerDesignName>Cristalería Andina S.A.</ownerDesignName>
<pk>true</pk>
<indexState>Primary Constraint</indexState>
<isSurrogateKey>false</isSurrogateKey>
<indexColumnUsage>
<colUsage columnID="3DB29307-CD44-8577-038A-C234E0C67963"/>
</indexColumnUsage>
</ind_PK_UK>
<ind_PK_UK id="2F83038E-4A1F-F5E8-631F-797CF3CCB084" name="UN_SISTEMA_SALUD_NOMBRE">
<createdBy>pedro</createdBy>
<createdTime>2025-10-02 16:43:23 UTC</createdTime>
<generatorID>CB465B2E-E542-C7FC-9328-9118FC28458A</generatorID>
<ownerDesignName>Cristalería Andina S.A.</ownerDesignName>
<indexState>Unique Constraint</indexState>
<isSurrogateKey>false</isSurrogateKey>
<indexColumnUsage>
<colUsage columnID="5A0D8F8A-41EB-4141-44C6-9FBF2C7FAA64"/>
</indexColumnUsage>
</ind_PK_UK>
</indexes>
</Table>