<?xml version = '1.0' encoding = 'UTF-8'?>
<Table class="oracle.dbtools.crest.model.design.relational.Table" directorySegmentName="seg_0" id="5D9EDDEA-774D-801B-1086-0988238253F3" name="COMUNA">
<createdBy>pedro</createdBy>
<createdTime>2025-10-02 16:43:23 UTC</createdTime>
<generatorID>A9074A1F-8AE4-64B9-9F56-CE8450C0BE0D</generatorID>
<ownerDesignName>Cristalería Andina S.A.</ownerDesignName>
<allowColumnReorder>false</allowColumnReorder>
<existDependencyGenerateInDDl>true</existDependencyGenerateInDDl>
<parsed>true</parsed>
<columns itemClass="oracle.dbtools.crest.model.design.relational.Column">
<Column name="id_comuna" id="4C72BDD1-E0C8-1A33-F155-9E2AFE5AA9B6">
<createdBy>pedro</createdBy>
<createdTime>2025-10-02 16:43:23 UTC</createdTime>
<generatorID>F97CAF49-50D3-50EE-6AA0-8F6EC4B54FE2</generatorID>
<ownerDesignName>Cristalería Andina S.A.</ownerDesignName>
<useDomainConstraints>false</useDomainConstraints>
<use>1</use>
<logicalDatatype>LOGDT019</logicalDatatype>
<dataTypePrecision>4</dataTypePrecision>
<ownDataTypeParameters>,4,</ownDataTypeParameters>
<autoIncrementColumn>true</autoIncrementColumn>
<autoIncrementStartWith>1050</autoIncrementStartWith>
<autoIncrementIncrementBy>5</autoIncrementIncrementBy>
<autoIncrementCycle>false</autoIncrementCycle>
</Column>
<Column name="nombre" id="2E9C7C2E-2C4D-7BD3-84E5-E834A1C0D5E7">
<createdBy>pedro</createdBy>
<createdTime>2025-10-02 16:43:23 UTC</createdTime>
<generatorID>D87B2177-2249-C5E5-BAEE-3CD71440773B</generatorID>
<ownerDesignName>Cristalería Andina S.A.</ownerDesignName>
<useDomainConstraints>false</useDomainConstraints>
<use>1</use>
<logicalDatatype>LOGDT024</logicalDatatype>
<dataTypeSize>120</dataTypeSize>
<ownDataTypeParameters>120,,</ownDataTypeParameters>
<autoIncrementCycle>false</autoIncrementCycle>
</Column>
<Column name="id_region" id="8BAB5A4F-61FE-5EAC-7859-9795DCF24D56">
<createdBy>pedro</createdBy>
<createdTime>2025-10-02 16:43:23 UTC</createdTime>
<generatorID>05CBA365-F2A7-C59D-B23F-61D0B81B89EE</generatorID>
<ownerDesignName>Cristalería Andina S.A.</ownerDesignName>
<useDomainConstraints>false</useDomainConstraints>
<use>1</use>
<logicalDatatype>LOGDT019</logicalDatatype>
<dataTypePrecision>3</dataTypePrecision>
<ownDataTypeParameters>,,</ownDataTypeParameters>
<previousColumn>false</previousColumn>
<autoIncrementCycle>false</autoIncrementCycle>
<associations>
<colAssociation fkAssociation="81BE8367-E88F-454A-6B8F-29B4E04C3CFB" referredColumn="CA16DBDA-9DC8-A868-DDB2-FFE4949C24F7"/>
</associations>
</Column>
</columns>
<indexes itemClass="oracle.dbtools.crest.model.design.relational.Index">
<ind_PK_UK id="EDA27E42-02D8-4FF8-6D71-288B6E4380D4" name="PK_COMUNA">
<createdBy>pedro</createdBy>
<createdTime>2025-10-02 16:43:23 UTC</createdTime>
<generatorID>8BEE8798-0E03-1F10-4134-DE25303C2ED3</generatorID>
<ownerDesignName>Cristalería Andina S.A.</ownerDesignName>
<pk>true</pk>
<indexState>Primary Constraint</indexState>
<isSurrogateKey>false</isSurrogateKey>
<indexColumnUsage>
<colUsage columnID="4C72BDD1-E0C8-1A33-F155-9E2AFE5AA9B6"/>
</indexColumnUsage>
</ind_PK_UK>
<ind_PK_UK id="37B70E1B-282E-B908-611A-0C909AF6A052" name="UN_COMUNA_NOMBRE">
<createdBy>pedro</createdBy>
<createdTime>2025-10-02 16:54:14 UTC</createdTime>
<ownerDesignName>Cristalería Andina S.A.</ownerDesignName>
<indexState>Unique Constraint</indexState>
<isSurrogateKey>false</isSurrogateKey>
<indexColumnUsage>
<colUsage columnID="2E9C7C2E-2C4D-7BD3-84E5-E834A1C0D5E7"/>
</indexColumnUsage>
</ind_PK_UK>
<ind_PK_UK id="AF9EB734-300D-B041-365E-6607825E8E02" name="FK_COMUNA_REGION">
<createdBy>pedro</createdBy>
<createdTime>2025-10-02 16:43:23 UTC</createdTime>
<generatorID>F061DE04-FD35-FEB5-C031-8BFDDC502A49</generatorID>
<ownerDesignName>Cristalería Andina S.A.</ownerDesignName>
<indexState>Foreign Key</indexState>
<isSurrogateKey>false</isSurrogateKey>
<indexColumnUsage>
<colUsage columnID="8BAB5A4F-61FE-5EAC-7859-9795DCF24D56"/>
</indexColumnUsage>
</ind_PK_UK>
</indexes>
</Table>