<?xml version = '1.0' encoding = 'UTF-8'?>
<Table class="oracle.dbtools.crest.model.design.relational.Table" directorySegmentName="seg_0" id="618B264C-59CF-4C7B-86F1-52A51BB1C83E" name="TIPO_MAQUINA">
<createdBy>pedro</createdBy>
<createdTime>2025-10-02 16:43:23 UTC</createdTime>
<generatorID>9B97E927-8552-857C-3766-0D90516BD1D4</generatorID>
<ownerDesignName>Cristalería Andina S.A.</ownerDesignName>
<allowColumnReorder>false</allowColumnReorder>
<existDependencyGenerateInDDl>true</existDependencyGenerateInDDl>
<parsed>true</parsed>
<columns itemClass="oracle.dbtools.crest.model.design.relational.Column">
<Column name="id_tipo_maquina" id="AC472781-4C40-A498-8E5D-B205E693F9B1">
<createdBy>pedro</createdBy>
<createdTime>2025-10-02 16:43:23 UTC</createdTime>
<generatorID>5F4A710A-ECEA-907A-A1FC-2CE9A588AB74</generatorID>
<ownerDesignName>Cristalería Andina S.A.</ownerDesignName>
<useDomainConstraints>false</useDomainConstraints>
<use>1</use>
<logicalDatatype>LOGDT019</logicalDatatype>
<dataTypePrecision>3</dataTypePrecision>
<ownDataTypeParameters>,3,</ownDataTypeParameters>
<autoIncrementCycle>false</autoIncrementCycle>
</Column>
<Column name="nombre" id="592E106F-8DD2-EB6E-2F3A-33087BB8C4F0">
<createdBy>pedro</createdBy>
<createdTime>2025-10-02 16:43:23 UTC</createdTime>
<generatorID>16C95152-6340-0E86-9C02-E71BE57A28BE</generatorID>
<ownerDesignName>Cristalería Andina S.A.</ownerDesignName>
<useDomainConstraints>false</useDomainConstraints>
<use>1</use>
<logicalDatatype>LOGDT024</logicalDatatype>
<dataTypeSize>80</dataTypeSize>
<ownDataTypeParameters>80,,</ownDataTypeParameters>
<autoIncrementCycle>false</autoIncrementCycle>
</Column>
</columns>
<indexes itemClass="oracle.dbtools.crest.model.design.relational.Index">
<ind_PK_UK id="589C662A-E82F-5CF8-02BE-3C5F919BF6D1" name="PK_TIPO_MAQUINA">
<createdBy>pedro</createdBy>
<createdTime>2025-10-02 16:43:23 UTC</createdTime>
<generatorID>520B521A-34E6-0A78-295C-3A0413245C8C</generatorID>
<ownerDesignName>Cristalería Andina S.A.</ownerDesignName>
<pk>true</pk>
<indexState>Primary Constraint</indexState>
<isSurrogateKey>false</isSurrogateKey>
<indexColumnUsage>
<colUsage columnID="AC472781-4C40-A498-8E5D-B205E693F9B1"/>
</indexColumnUsage>
</ind_PK_UK>
<ind_PK_UK id="F74B1A03-6DEA-644F-CACD-2324D5E4CE12" name="UN_TIPO_MAQUINA_NOMBRE">
<createdBy>pedro</createdBy>
<createdTime>2025-10-02 16:43:23 UTC</createdTime>
<generatorID>0131E550-2526-C00C-7D25-AEC5341C5856</generatorID>
<ownerDesignName>Cristalería Andina S.A.</ownerDesignName>
<indexState>Unique Constraint</indexState>
<isSurrogateKey>false</isSurrogateKey>
<indexColumnUsage>
<colUsage columnID="592E106F-8DD2-EB6E-2F3A-33087BB8C4F0"/>
</indexColumnUsage>
</ind_PK_UK>
</indexes>
</Table>