<?xml version = '1.0' encoding = 'UTF-8'?>
<Table class="oracle.dbtools.crest.model.design.relational.Table" directorySegmentName="seg_0" id="738298EE-6D62-D63E-E9EB-5C056F5D2B84" name="EMPLEADO">
<createdBy>pedro</createdBy>
<createdTime>2025-10-02 16:43:23 UTC</createdTime>
<generatorID>2B5A93CA-E0F8-86A3-266A-FD2AF5183458</generatorID>
<ownerDesignName>Cristalería Andina S.A.</ownerDesignName>
<allowColumnReorder>false</allowColumnReorder>
<existDependencyGenerateInDDl>true</existDependencyGenerateInDDl>
<parsed>true</parsed>
<columns itemClass="oracle.dbtools.crest.model.design.relational.Column">
<Column name="id_empleado" id="6D4F5079-F574-3BD2-043B-E263AC332AEF">
<createdBy>pedro</createdBy>
<createdTime>2025-10-02 16:43:23 UTC</createdTime>
<generatorID>E64BBA1B-81E6-9132-B23E-69C67C64C4AB</generatorID>
<ownerDesignName>Cristalería Andina S.A.</ownerDesignName>
<useDomainConstraints>false</useDomainConstraints>
<use>1</use>
<logicalDatatype>LOGDT019</logicalDatatype>
<dataTypePrecision>8</dataTypePrecision>
<ownDataTypeParameters>,8,</ownDataTypeParameters>
<autoIncrementCycle>false</autoIncrementCycle>
</Column>
<Column name="rut" id="CE29B74E-5BC7-444A-49BE-41E1672E9CB0">
<createdBy>pedro</createdBy>
<createdTime>2025-10-02 16:43:23 UTC</createdTime>
<generatorID>B1674B76-8A36-18ED-927A-254819452470</generatorID>
<ownerDesignName>Cristalería Andina S.A.</ownerDesignName>
<useDomainConstraints>false</useDomainConstraints>
<use>1</use>
<logicalDatatype>LOGDT024</logicalDatatype>
<dataTypeSize>12</dataTypeSize>
<ownDataTypeParameters>12,,</ownDataTypeParameters>
<autoIncrementCycle>false</autoIncrementCycle>
</Column>
<Column name="nombres" id="560650DC-551C-68A1-FA0A-90BF223DE020">
<createdBy>pedro</createdBy>
<createdTime>2025-10-02 16:43:23 UTC</createdTime>
<generatorID>C0AA67EF-E739-3161-AF6A-00FE9F6E3543</generatorID>
<ownerDesignName>Cristalería Andina S.A.</ownerDesignName>
<useDomainConstraints>false</useDomainConstraints>
<use>1</use>
<logicalDatatype>LOGDT024</logicalDatatype>
<dataTypeSize>120</dataTypeSize>
<ownDataTypeParameters>120,,</ownDataTypeParameters>
<autoIncrementCycle>false</autoIncrementCycle>
</Column>
<Column name="apellidos" id="318B87E1-B9BA-1C12-F144-9043D52053A2">
<createdBy>pedro</createdBy>
<createdTime>2025-10-02 16:43:23 UTC</createdTime>
<generatorID>7B639BAA-173C-E07F-42BE-1348EADF7F4A</generatorID>
<ownerDesignName>Cristalería Andina S.A.</ownerDesignName>
<useDomainConstraints>false</useDomainConstraints>
<use>1</use>
<logicalDatatype>LOGDT024</logicalDatatype>
<dataTypeSize>120</dataTypeSize>
<ownDataTypeParameters>120,,</ownDataTypeParameters>
<autoIncrementCycle>false</autoIncrementCycle>
</Column>
<Column name="fecha_contratacion" id="CA175126-96E0-D489-AB58-E4C0D5EBFF9F">
<createdBy>pedro</createdBy>
<createdTime>2025-10-02 16:43:23 UTC</createdTime>
<generatorID>53DB63AC-F181-2901-F9D6-105ADBA3EF07</generatorID>
<ownerDesignName>Cristalería Andina S.A.</ownerDesignName>
<useDomainConstraints>false</useDomainConstraints>
<use>1</use>
<logicalDatatype>LOGDT007</logicalDatatype>
<ownDataTypeParameters>,,</ownDataTypeParameters>
<autoIncrementCycle>false</autoIncrementCycle>
</Column>
<Column name="sueldo_base" id="E7E87462-0B56-C568-8B8E-81E88F3663A0">
<createdBy>pedro</createdBy>
<createdTime>2025-10-02 16:43:23 UTC</createdTime>
<generatorID>E054222A-27FE-4E86-7AA3-80D9B7F46E49</generatorID>
<ownerDesignName>Cristalería Andina S.A.</ownerDesignName>
<useDomainConstraints>false</useDomainConstraints>
<use>1</use>
<logicalDatatype>LOGDT019</logicalDatatype>
<dataTypePrecision>12</dataTypePrecision>
<ownDataTypeParameters>,12,</ownDataTypeParameters>
<autoIncrementCycle>false</autoIncrementCycle>
</Column>
<Column name="activo" id="9ABD8F85-2308-08E0-7F36-2E5A001B4923">
<createdBy>pedro</createdBy>
<createdTime>2025-10-02 16:43:23 UTC</createdTime>
<generatorID>505F4DAE-3495-A505-09A6-9087D5C59D20</generatorID>
<ownerDesignName>Cristalería Andina S.A.</ownerDesignName>
<constraintName>CK_EMPLEADO_ACTIVO</constraintName>
<useDomainConstraints>false</useDomainConstraints>
<use>1</use>
<logicalDatatype>LOGDT025</logicalDatatype>
<dataTypeSize>1</dataTypeSize>
<defaultValue>S</defaultValue>
<ownDataTypeParameters>1,,</ownDataTypeParameters>
<autoIncrementCycle>false</autoIncrementCycle>
</Column>
<Column name="id_planta" id="161D19FC-CD48-8D7C-FD17-22F035370628">
<createdBy>pedro</createdBy>
<createdTime>2025-10-02 16:43:23 UTC</createdTime>
<generatorID>DB7B0490-C71E-DF96-EE12-59CD69DF3E6D</generatorID>
<ownerDesignName>Cristalería Andina S.A.</ownerDesignName>
<useDomainConstraints>false</useDomainConstraints>
<use>1</use>
<logicalDatatype>LOGDT019</logicalDatatype>
<dataTypePrecision>3</dataTypePrecision>
<ownDataTypeParameters>,,</ownDataTypeParameters>
<previousColumn>false</previousColumn>
<autoIncrementCycle>false</autoIncrementCycle>
<associations>
<colAssociation fkAssociation="31105B54-1990-AA90-CEFD-CE515EBE58D0" referredColumn="2E6479EE-ADD3-BF04-BDFA-B2B44012F476"/>
</associations>
</Column>
<Column name="id_afp" id="B936A530-A600-72A0-1C38-7E733C101BC7">
<createdBy>pedro</createdBy>
<createdTime>2025-10-02 16:43:23 UTC</createdTime>
<generatorID>E8B786EB-8728-DDB1-4D43-018F04505673</generatorID>
<ownerDesignName>Cristalería Andina S.A.</ownerDesignName>
<useDomainConstraints>false</useDomainConstraints>
<use>1</use>
<logicalDatatype>LOGDT019</logicalDatatype>
<dataTypePrecision>3</dataTypePrecision>
<ownDataTypeParameters>,,</ownDataTypeParameters>
<previousColumn>false</previousColumn>
<autoIncrementCycle>false</autoIncrementCycle>
<associations>
<colAssociation fkAssociation="CA80DF10-EC97-0661-1D83-7FED628F5630" referredColumn="66144B2D-1184-4E22-16DF-E3E0EC883707"/>
</associations>
</Column>
<Column name="id_salud" id="130D5D2B-9BC8-2E5E-C713-A47D952DE8B1">
<createdBy>pedro</createdBy>
<createdTime>2025-10-02 16:43:23 UTC</createdTime>
<generatorID>8B26B300-1536-3CD9-72F3-56FD8C917F58</generatorID>
<ownerDesignName>Cristalería Andina S.A.</ownerDesignName>
<useDomainConstraints>false</useDomainConstraints>
<use>1</use>
<logicalDatatype>LOGDT019</logicalDatatype>
<dataTypePrecision>3</dataTypePrecision>
<ownDataTypeParameters>,,</ownDataTypeParameters>
<previousColumn>false</previousColumn>
<autoIncrementCycle>false</autoIncrementCycle>
<associations>
<colAssociation fkAssociation="57D93451-629F-DCB2-B38F-ACC30148BD60" referredColumn="3DB29307-CD44-8577-038A-C234E0C67963"/>
</associations>
</Column>
<Column name="id_jefe_directo" id="C09DB99C-E527-E749-C876-E9C725C485AD">
<createdBy>pedro</createdBy>
<createdTime>2025-10-02 16:43:23 UTC</createdTime>
<generatorID>498726EE-B21C-EF20-B33E-993A007248FD</generatorID>
<ownerDesignName>Cristalería Andina S.A.</ownerDesignName>
<nullsAllowed>true</nullsAllowed>
<useDomainConstraints>false</useDomainConstraints>
<use>1</use>
<logicalDatatype>LOGDT019</logicalDatatype>
<dataTypePrecision>8</dataTypePrecision>
<ownDataTypeParameters>,,</ownDataTypeParameters>
<previousColumn>false</previousColumn>
<autoIncrementCycle>false</autoIncrementCycle>
<associations>
<colAssociation fkAssociation="11588C93-FACA-296E-4A51-84575F0D9CB9" referredColumn="6D4F5079-F574-3BD2-043B-E263AC332AEF"/>
</associations>
</Column>
</columns>
<indexes itemClass="oracle.dbtools.crest.model.design.relational.Index">
<ind_PK_UK id="8828A784-D11F-E614-AD3E-0D5CC0F5099B" name="PK_EMPLEADO">
<createdBy>pedro</createdBy>
<createdTime>2025-10-02 16:43:23 UTC</createdTime>
<generatorID>F70F6394-158C-FF19-9F3C-A423F207B203</generatorID>
<ownerDesignName>Cristalería Andina S.A.</ownerDesignName>
<pk>true</pk>
<indexState>Primary Constraint</indexState>
<isSurrogateKey>false</isSurrogateKey>
<indexColumnUsage>
<colUsage columnID="6D4F5079-F574-3BD2-043B-E263AC332AEF"/>
</indexColumnUsage>
</ind_PK_UK>
<ind_PK_UK id="6FB51E16-E1A4-E90D-CEEE-2AE8A7E89E66" name="UN_EMPLEADO_RUT">
<createdBy>pedro</createdBy>
<createdTime>2025-10-02 17:20:08 UTC</createdTime>
<ownerDesignName>Cristalería Andina S.A.</ownerDesignName>
<indexState>Unique Constraint</indexState>
<isSurrogateKey>false</isSurrogateKey>
<indexColumnUsage>
<colUsage columnID="CE29B74E-5BC7-444A-49BE-41E1672E9CB0"/>
</indexColumnUsage>
</ind_PK_UK>
<ind_PK_UK id="000F7937-0C2E-BF01-4A7E-22F0B0C34EDD" name="FK_EMPLEADO_PLANTA">
<createdBy>pedro</createdBy>
<createdTime>2025-10-02 16:43:23 UTC</createdTime>
<generatorID>05D718DD-5336-1065-CB8C-41724FAB4C83</generatorID>
<ownerDesignName>Cristalería Andina S.A.</ownerDesignName>
<indexState>Foreign Key</indexState>
<isSurrogateKey>false</isSurrogateKey>
<indexColumnUsage>
<colUsage columnID="161D19FC-CD48-8D7C-FD17-22F035370628"/>
</indexColumnUsage>
</ind_PK_UK>
<ind_PK_UK id="D7E3C4E5-8A74-96F3-4A93-F0D31935A344" name="FK_EMPLEADO_AFP">
<createdBy>pedro</createdBy>
<createdTime>2025-10-02 16:43:23 UTC</createdTime>
<generatorID>84091D95-39EB-1459-1C2A-E87A0BE3AB09</generatorID>
<ownerDesignName>Cristalería Andina S.A.</ownerDesignName>
<indexState>Foreign Key</indexState>
<isSurrogateKey>false</isSurrogateKey>
<indexColumnUsage>
<colUsage columnID="B936A530-A600-72A0-1C38-7E733C101BC7"/>
</indexColumnUsage>
</ind_PK_UK>
<ind_PK_UK id="FCE45E01-2BD2-2F68-A722-65E2C3E7EFF7" name="FK_EMPLEADO_SISTEMA_SALUD">
<createdBy>pedro</createdBy>
<createdTime>2025-10-02 16:43:23 UTC</createdTime>
<generatorID>5CB0A01B-E2F2-59BA-DDF4-76800FAC1A9C</generatorID>
<ownerDesignName>Cristalería Andina S.A.</ownerDesignName>
<indexState>Foreign Key</indexState>
<isSurrogateKey>false</isSurrogateKey>
<indexColumnUsage>
<colUsage columnID="130D5D2B-9BC8-2E5E-C713-A47D952DE8B1"/>
</indexColumnUsage>
</ind_PK_UK>
<ind_PK_UK id="C2E3BAFB-CC44-239D-C7B3-55B8A57B1EBF" name="FK_EMPLEADO_EMPLEADO">
<createdBy>pedro</createdBy>
<createdTime>2025-10-02 16:43:23 UTC</createdTime>
<generatorID>3E4E238A-0CD5-1F04-B1E0-1393B10B02AA</generatorID>
<ownerDesignName>Cristalería Andina S.A.</ownerDesignName>
<indexState>Foreign Key</indexState>
<isSurrogateKey>false</isSurrogateKey>
<indexColumnUsage>
<colUsage columnID="C09DB99C-E527-E749-C876-E9C725C485AD"/>
</indexColumnUsage>
</ind_PK_UK>
</indexes>
</Table>