<?xml version = '1.0' encoding = 'UTF-8'?>
<Table class="oracle.dbtools.crest.model.design.relational.Table" directorySegmentName="seg_0" id="9B4429B8-8986-0A86-4233-B821035D230D" name="ORDEN_MANTENCION">
<createdBy>pedro</createdBy>
<createdTime>2025-10-02 16:43:23 UTC</createdTime>
<generatorID>6F545165-CEC4-E3A0-B7F1-584AE8BEF934</generatorID>
<ownerDesignName>Cristalería Andina S.A.</ownerDesignName>
<allowColumnReorder>false</allowColumnReorder>
<existDependencyGenerateInDDl>true</existDependencyGenerateInDDl>
<parsed>true</parsed>
<columns itemClass="oracle.dbtools.crest.model.design.relational.Column">
<Column name="id_orden" id="721E35F5-5F50-7966-9384-B4C690E0BB92">
<createdBy>pedro</createdBy>
<createdTime>2025-10-02 16:43:23 UTC</createdTime>
<generatorID>2613AC02-60A5-9ADC-5010-0D8D176B0A30</generatorID>
<ownerDesignName>Cristalería Andina S.A.</ownerDesignName>
<useDomainConstraints>false</useDomainConstraints>
<use>1</use>
<logicalDatatype>LOGDT019</logicalDatatype>
<dataTypePrecision>3</dataTypePrecision>
<ownDataTypeParameters>,3,</ownDataTypeParameters>
<autoIncrementCycle>false</autoIncrementCycle>
</Column>
<Column name="fecha_programada" id="D9FD6FF6-39CC-1B42-7AB2-AA52F5C9B677">
<createdBy>pedro</createdBy>
<createdTime>2025-10-02 16:43:23 UTC</createdTime>
<generatorID>8AE52604-BD00-0D40-3207-7F33813B73E3</generatorID>
<ownerDesignName>Cristalería Andina S.A.</ownerDesignName>
<useDomainConstraints>false</useDomainConstraints>
<use>1</use>
<logicalDatatype>LOGDT007</logicalDatatype>
<ownDataTypeParameters>,,</ownDataTypeParameters>
<autoIncrementCycle>false</autoIncrementCycle>
</Column>
<Column name="fecha_ejecucion" id="839F5339-BBF2-0F8C-8401-151F38DBA190">
<createdBy>pedro</createdBy>
<createdTime>2025-10-02 16:43:23 UTC</createdTime>
<generatorID>5767894F-F931-11DB-D171-57BF7134740F</generatorID>
<ownerDesignName>Cristalería Andina S.A.</ownerDesignName>
<nullsAllowed>true</nullsAllowed>
<useDomainConstraints>false</useDomainConstraints>
<use>1</use>
<logicalDatatype>LOGDT007</logicalDatatype>
<ownDataTypeParameters>,,</ownDataTypeParameters>
<autoIncrementCycle>false</autoIncrementCycle>
</Column>
<Column name="descripcion" id="D559E9AA-407C-F914-B754-1FA3257A2708">
<createdBy>pedro</createdBy>
<createdTime>2025-10-02 16:43:23 UTC</createdTime>
<generatorID>48D30E08-5840-D2A3-3735-A0EC782A9F63</generatorID>
<ownerDesignName>Cristalería Andina S.A.</ownerDesignName>
<useDomainConstraints>false</useDomainConstraints>
<use>1</use>
<logicalDatatype>LOGDT024</logicalDatatype>
<dataTypeSize>400</dataTypeSize>
<ownDataTypeParameters>400,,</ownDataTypeParameters>
<autoIncrementCycle>false</autoIncrementCycle>
</Column>
<Column name="id_empleado" id="7E3A9CDF-8AA2-501F-A19A-4629A3114B19">
<createdBy>pedro</createdBy>
<createdTime>2025-10-02 16:43:23 UTC</createdTime>
<generatorID>F3DE99E8-E2DB-E037-1756-F78FCC829101</generatorID>
<ownerDesignName>Cristalería Andina S.A.</ownerDesignName>
<useDomainConstraints>false</useDomainConstraints>
<use>1</use>
<logicalDatatype>LOGDT019</logicalDatatype>
<dataTypePrecision>8</dataTypePrecision>
<ownDataTypeParameters>,,</ownDataTypeParameters>
<previousColumn>false</previousColumn>
<autoIncrementCycle>false</autoIncrementCycle>
<associations>
<colAssociation fkAssociation="E75F1EA4-FF3F-5BEF-B128-57A4B81E616F" referredColumn="1DEA0AEE-D016-8FF0-08CD-935C88E5B058"/>
</associations>
</Column>
<Column name="id_maquina" id="5E47BBB2-2DE4-F743-F4C0-C26D56B0A5BB">
<createdBy>pedro</createdBy>
<createdTime>2025-10-02 16:43:23 UTC</createdTime>
<generatorID>61D4B85D-10EB-4652-3752-FD0CC53AD1DF</generatorID>
<ownerDesignName>Cristalería Andina S.A.</ownerDesignName>
<useDomainConstraints>false</useDomainConstraints>
<use>1</use>
<logicalDatatype>LOGDT019</logicalDatatype>
<dataTypePrecision>6</dataTypePrecision>
<ownDataTypeParameters>,6,</ownDataTypeParameters>
<autoIncrementCycle>false</autoIncrementCycle>
</Column>
<Column name="id_planta" id="BDA58593-435A-3091-DB91-D23153811166">
<createdBy>pedro</createdBy>
<createdTime>2025-10-02 19:17:08 UTC</createdTime>
<ownerDesignName>Cristalería Andina S.A.</ownerDesignName>
<useDomainConstraints>false</useDomainConstraints>
<use>1</use>
<logicalDatatype>LOGDT019</logicalDatatype>
<dataTypePrecision>3</dataTypePrecision>
<ownDataTypeParameters>,,</ownDataTypeParameters>
<previousColumn>false</previousColumn>
<autoIncrementCycle>false</autoIncrementCycle>
<associations>
<colAssociation fkAssociation="735B9BBD-7ED7-3817-4E44-71ED6FBC6FE7" referredColumn="13EE5A9E-2C40-35C8-4162-E6EB2EC692C5"/>
</associations>
</Column>
<Column name="nro_maquina" id="1710B038-D582-E368-E262-75FF7360A532">
<createdBy>pedro</createdBy>
<createdTime>2025-10-02 19:17:08 UTC</createdTime>
<ownerDesignName>Cristalería Andina S.A.</ownerDesignName>
<useDomainConstraints>false</useDomainConstraints>
<use>1</use>
<logicalDatatype>LOGDT019</logicalDatatype>
<dataTypePrecision>3</dataTypePrecision>
<ownDataTypeParameters>,,</ownDataTypeParameters>
<previousColumn>false</previousColumn>
<autoIncrementCycle>false</autoIncrementCycle>
<associations>
<colAssociation fkAssociation="735B9BBD-7ED7-3817-4E44-71ED6FBC6FE7" referredColumn="141B02D0-38FA-C8BF-71AF-9C98E5C5DF43"/>
</associations>
</Column>
</columns>
<indexes itemClass="oracle.dbtools.crest.model.design.relational.Index">
<ind_PK_UK id="E34D7ECF-394F-91E2-5288-F4E32ABFBDD4" name="PK_ORDEN_MANTENCION">
<createdBy>pedro</createdBy>
<createdTime>2025-10-02 16:43:23 UTC</createdTime>
<generatorID>8CFA1CDD-C7B0-AFF1-FF63-9D3A1752CCCE</generatorID>
<ownerDesignName>Cristalería Andina S.A.</ownerDesignName>
<pk>true</pk>
<indexState>Primary Constraint</indexState>
<isSurrogateKey>false</isSurrogateKey>
<indexColumnUsage>
<colUsage columnID="721E35F5-5F50-7966-9384-B4C690E0BB92"/>
</indexColumnUsage>
</ind_PK_UK>
<ind_PK_UK id="8D77056F-6ED6-A2CB-8CB6-7B39D7ECC3BE" name="FK_ORDEN_MANTENCION_TECNICO">
<createdBy>pedro</createdBy>
<createdTime>2025-10-02 16:43:23 UTC</createdTime>
<generatorID>660A95CD-7AA6-5C51-486F-C073488D7069</generatorID>
<ownerDesignName>Cristalería Andina S.A.</ownerDesignName>
<indexState>Foreign Key</indexState>
<isSurrogateKey>false</isSurrogateKey>
<indexColumnUsage>
<colUsage columnID="7E3A9CDF-8AA2-501F-A19A-4629A3114B19"/>
</indexColumnUsage>
</ind_PK_UK>
<ind_PK_UK id="157BA4F2-D93A-B663-BA01-5107D7C8E990" name="FK_ORDEN_MANTENCION_MAQUINA">
<createdBy>pedro</createdBy>
<createdTime>2025-10-02 16:43:23 UTC</createdTime>
<generatorID>8F62D42C-4D98-2662-75F2-5D8BBD7C982F</generatorID>
<ownerDesignName>Cristalería Andina S.A.</ownerDesignName>
<indexState>Foreign Key</indexState>
<isSurrogateKey>false</isSurrogateKey>
<indexColumnUsage>
<colUsage columnID="BDA58593-435A-3091-DB91-D23153811166"/>
<colUsage columnID="1710B038-D582-E368-E262-75FF7360A532"/>
</indexColumnUsage>
</ind_PK_UK>
</indexes>
</Table>