<?xml version = '1.0' encoding = 'UTF-8'?>
<Table class="oracle.dbtools.crest.model.design.relational.Table" directorySegmentName="seg_0" id="AF0FD9A4-EB4E-659F-F37E-55121317646F" name="TURNO">
<createdBy>pedro</createdBy>
<createdTime>2025-10-02 16:43:23 UTC</createdTime>
<generatorID>C58A123A-F6BA-08A3-8202-30C229D2E0EE</generatorID>
<ownerDesignName>Cristalería Andina S.A.</ownerDesignName>
<allowColumnReorder>false</allowColumnReorder>
<existDependencyGenerateInDDl>true</existDependencyGenerateInDDl>
<parsed>true</parsed>
<columns itemClass="oracle.dbtools.crest.model.design.relational.Column">
<Column name="id_turno" id="1034402B-0CEF-08CB-C1E0-B9E11F81C191">
<createdBy>pedro</createdBy>
<createdTime>2025-10-02 16:43:23 UTC</createdTime>
<generatorID>A0659B28-2317-5221-FED9-4B0354F75BE5</generatorID>
<ownerDesignName>Cristalería Andina S.A.</ownerDesignName>
<useDomainConstraints>false</useDomainConstraints>
<use>1</use>
<logicalDatatype>LOGDT024</logicalDatatype>
<dataTypeSize>5</dataTypeSize>
<ownDataTypeParameters>5,,</ownDataTypeParameters>
<autoIncrementCycle>false</autoIncrementCycle>
</Column>
<Column name="nombre" id="D38CB820-C2C3-9060-390F-C6C0AAEB5C90">
<createdBy>pedro</createdBy>
<createdTime>2025-10-02 16:43:23 UTC</createdTime>
<generatorID>62BC34E2-ECF7-BDFF-429E-0C1DE651393C</generatorID>
<ownerDesignName>Cristalería Andina S.A.</ownerDesignName>
<useDomainConstraints>false</useDomainConstraints>
<use>1</use>
<logicalDatatype>LOGDT024</logicalDatatype>
<dataTypeSize>40</dataTypeSize>
<ownDataTypeParameters>40,,</ownDataTypeParameters>
<autoIncrementCycle>false</autoIncrementCycle>
</Column>
<Column name="hora_inicio" id="C277FF73-923F-D8BD-291F-26F11B296CC6">
<createdBy>pedro</createdBy>
<createdTime>2025-10-02 16:43:23 UTC</createdTime>
<generatorID>12C1F409-B816-A202-53B0-6117FB56F0FD</generatorID>
<ownerDesignName>Cristalería Andina S.A.</ownerDesignName>
<useDomainConstraints>false</useDomainConstraints>
<use>1</use>
<logicalDatatype>LOGDT025</logicalDatatype>
<dataTypeSize>5</dataTypeSize>
<ownDataTypeParameters>5,,</ownDataTypeParameters>
<autoIncrementCycle>false</autoIncrementCycle>
</Column>
<Column name="hora_final" id="ECEC6ADA-C564-75A4-1751-AA6E8667801A">
<createdBy>pedro</createdBy>
<createdTime>2025-10-02 16:43:23 UTC</createdTime>
<generatorID>509DBDB2-7EA6-1DFF-8F3E-F13080DDBDBA</generatorID>
<ownerDesignName>Cristalería Andina S.A.</ownerDesignName>
<useDomainConstraints>false</useDomainConstraints>
<use>1</use>
<logicalDatatype>LOGDT025</logicalDatatype>
<dataTypeSize>5</dataTypeSize>
<ownDataTypeParameters>5,,</ownDataTypeParameters>
<autoIncrementCycle>false</autoIncrementCycle>
</Column>
</columns>
<indexes itemClass="oracle.dbtools.crest.model.design.relational.Index">
<ind_PK_UK id="156021E1-4D03-C1D4-CC0C-6B4731C3838D" name="PK_TURNO">
<createdBy>pedro</createdBy>
<createdTime>2025-10-02 16:43:23 UTC</createdTime>
<generatorID>45B01F2F-84CE-9E62-164C-ACFD982D3533</generatorID>
<ownerDesignName>Cristalería Andina S.A.</ownerDesignName>
<pk>true</pk>
<indexState>Primary Constraint</indexState>
<isSurrogateKey>false</isSurrogateKey>
<indexColumnUsage>
<colUsage columnID="1034402B-0CEF-08CB-C1E0-B9E11F81C191"/>
</indexColumnUsage>
</ind_PK_UK>
<ind_PK_UK id="747DF529-585D-DDBE-BA5C-06063B4D0CA8" name="UN_TURNO_NOMBRE">
<createdBy>pedro</createdBy>
<createdTime>2025-10-02 16:43:23 UTC</createdTime>
<generatorID>8D081416-D89C-A180-8B82-8592095E3F71</generatorID>
<ownerDesignName>Cristalería Andina S.A.</ownerDesignName>
<indexState>Unique Constraint</indexState>
<isSurrogateKey>false</isSurrogateKey>
<indexColumnUsage>
<colUsage columnID="D38CB820-C2C3-9060-390F-C6C0AAEB5C90"/>
</indexColumnUsage>
</ind_PK_UK>
</indexes>
<tableCheckConstraints itemClass="oracle.dbtools.crest.model.design.constraint.TableLevelConstraint">
<tableCheckConstraint name="CK_TURNO_HORA_INI" directorySegmentName="seg_0" id="BC33C0BD-D4E2-D17A-CB02-B6EC62E098FC">
<createdBy>pedro</createdBy>
<createdTime>2025-10-02 17:25:10 UTC</createdTime>
<ownerDesignName>Cristalería Andina S.A.</ownerDesignName>
<rule><![CDATA[REGEXP_LIKE(hora_inicio, '^([01][0-9]|2[0-3]):[0-5][0-9]$')
]]></rule>
</tableCheckConstraint>
<tableCheckConstraint name="CK_TURNO_HORA_FIN" directorySegmentName="seg_0" id="17BACCB2-3917-6A6D-0F19-C365E6F77172">
<createdBy>pedro</createdBy>
<createdTime>2025-10-02 17:25:10 UTC</createdTime>
<ownerDesignName>Cristalería Andina S.A.</ownerDesignName>
<rule><![CDATA[REGEXP_LIKE(hora_inicio, '^([01][0-9]|2[0-3]):[0-5][0-9]$')]]></rule>
</tableCheckConstraint>
</tableCheckConstraints>
</Table>