<?xml version = '1.0' encoding = 'UTF-8'?>
<Table class="oracle.dbtools.crest.model.design.relational.Table" directorySegmentName="seg_0" id="C0C86DDE-8F52-B029-2ADF-33B453331B12" name="ASIGNACION_TURNO">
<createdBy>pedro</createdBy>
<createdTime>2025-10-02 16:43:23 UTC</createdTime>
<generatorID>38560802-A8C7-E1F2-5126-B49374AA0C79</generatorID>
<ownerDesignName>Cristalería Andina S.A.</ownerDesignName>
<allowColumnReorder>false</allowColumnReorder>
<existDependencyGenerateInDDl>true</existDependencyGenerateInDDl>
<parsed>true</parsed>
<columns itemClass="oracle.dbtools.crest.model.design.relational.Column">
<Column name="id_asignacion" id="81F8DFEB-F398-2581-6F80-69FF76A18DA1">
<createdBy>pedro</createdBy>
<createdTime>2025-10-02 16:43:23 UTC</createdTime>
<generatorID>47509ADE-885D-27AC-181E-A091B59C21E7</generatorID>
<ownerDesignName>Cristalería Andina S.A.</ownerDesignName>
<useDomainConstraints>false</useDomainConstraints>
<use>1</use>
<logicalDatatype>LOGDT019</logicalDatatype>
<dataTypePrecision>3</dataTypePrecision>
<ownDataTypeParameters>,3,</ownDataTypeParameters>
<autoIncrementCycle>false</autoIncrementCycle>
</Column>
<Column name="fecha" id="41D9DE62-AF0E-694A-9229-41AB4BB76FA8">
<createdBy>pedro</createdBy>
<createdTime>2025-10-02 16:43:23 UTC</createdTime>
<generatorID>4EA8CA09-0221-ADCA-7148-C6BBB9462D65</generatorID>
<ownerDesignName>Cristalería Andina S.A.</ownerDesignName>
<useDomainConstraints>false</useDomainConstraints>
<use>1</use>
<logicalDatatype>LOGDT007</logicalDatatype>
<ownDataTypeParameters>,,</ownDataTypeParameters>
<autoIncrementCycle>false</autoIncrementCycle>
</Column>
<Column name="rol_turno" id="2E045F42-630F-6368-1F47-A1C1DAEAFB0E">
<createdBy>pedro</createdBy>
<createdTime>2025-10-02 16:43:23 UTC</createdTime>
<generatorID>C9721F6D-46FA-8B2A-2ED0-682A4F16FB5F</generatorID>
<ownerDesignName>Cristalería Andina S.A.</ownerDesignName>
<nullsAllowed>true</nullsAllowed>
<useDomainConstraints>false</useDomainConstraints>
<use>1</use>
<logicalDatatype>LOGDT024</logicalDatatype>
<dataTypeSize>60</dataTypeSize>
<ownDataTypeParameters>60,,</ownDataTypeParameters>
<autoIncrementCycle>false</autoIncrementCycle>
</Column>
<Column name="id_turno" id="6C1B8FFF-C2C0-147B-29A9-85DE305E603B">
<createdBy>pedro</createdBy>
<createdTime>2025-10-02 16:43:23 UTC</createdTime>
<generatorID>4E734864-B1B3-FBE1-B8C4-0D6FACDD168C</generatorID>
<ownerDesignName>Cristalería Andina S.A.</ownerDesignName>
<useDomainConstraints>false</useDomainConstraints>
<use>1</use>
<logicalDatatype>LOGDT024</logicalDatatype>
<dataTypeSize>5</dataTypeSize>
<ownDataTypeParameters>,,</ownDataTypeParameters>
<previousColumn>false</previousColumn>
<autoIncrementCycle>false</autoIncrementCycle>
<associations>
<colAssociation fkAssociation="1C903E36-DFCE-9C47-8923-C140AAD39B29" referredColumn="1034402B-0CEF-08CB-C1E0-B9E11F81C191"/>
</associations>
</Column>
<Column name="id_empleado" id="FBF684A8-42E6-4AC6-15D6-FDB12A528A27">
<createdBy>pedro</createdBy>
<createdTime>2025-10-02 17:36:31 UTC</createdTime>
<ownerDesignName>Cristalería Andina S.A.</ownerDesignName>
<useDomainConstraints>false</useDomainConstraints>
<use>1</use>
<logicalDatatype>LOGDT019</logicalDatatype>
<dataTypePrecision>8</dataTypePrecision>
<ownDataTypeParameters>,,</ownDataTypeParameters>
<previousColumn>false</previousColumn>
<autoIncrementCycle>false</autoIncrementCycle>
<associations>
<colAssociation fkAssociation="65B39D43-6003-558E-7B1D-AE78971735D6" referredColumn="6D4F5079-F574-3BD2-043B-E263AC332AEF"/>
</associations>
</Column>
<Column name="id_planta" id="ADDC4F6C-2632-47B9-C5CE-0378464EBC0A">
<createdBy>pedro</createdBy>
<createdTime>2025-10-02 19:17:08 UTC</createdTime>
<ownerDesignName>Cristalería Andina S.A.</ownerDesignName>
<useDomainConstraints>false</useDomainConstraints>
<use>1</use>
<logicalDatatype>LOGDT019</logicalDatatype>
<dataTypePrecision>3</dataTypePrecision>
<ownDataTypeParameters>,,</ownDataTypeParameters>
<previousColumn>false</previousColumn>
<autoIncrementCycle>false</autoIncrementCycle>
<associations>
<colAssociation fkAssociation="6878BF21-516A-2260-0174-25FC3D49AB95" referredColumn="13EE5A9E-2C40-35C8-4162-E6EB2EC692C5"/>
</associations>
</Column>
<Column name="nro_maquina" id="3088D09D-35FC-002E-9A97-404F980A2673">
<createdBy>pedro</createdBy>
<createdTime>2025-10-02 19:17:08 UTC</createdTime>
<ownerDesignName>Cristalería Andina S.A.</ownerDesignName>
<useDomainConstraints>false</useDomainConstraints>
<use>1</use>
<logicalDatatype>LOGDT019</logicalDatatype>
<dataTypePrecision>3</dataTypePrecision>
<ownDataTypeParameters>,,</ownDataTypeParameters>
<previousColumn>false</previousColumn>
<autoIncrementCycle>false</autoIncrementCycle>
<associations>
<colAssociation fkAssociation="6878BF21-516A-2260-0174-25FC3D49AB95" referredColumn="141B02D0-38FA-C8BF-71AF-9C98E5C5DF43"/>
</associations>
</Column>
</columns>
<indexes itemClass="oracle.dbtools.crest.model.design.relational.Index">
<ind_PK_UK id="60FE641E-A6DB-046C-B039-B88C0E10E352" name="PK_ASIGNACION_TURNO">
<createdBy>pedro</createdBy>
<createdTime>2025-10-02 16:43:23 UTC</createdTime>
<generatorID>0B712E7E-61DB-A5B1-69DB-D2B6A3555FFC</generatorID>
<ownerDesignName>Cristalería Andina S.A.</ownerDesignName>
<pk>true</pk>
<indexState>Primary Constraint</indexState>
<isSurrogateKey>false</isSurrogateKey>
<indexColumnUsage>
<colUsage columnID="81F8DFEB-F398-2581-6F80-69FF76A18DA1"/>
</indexColumnUsage>
</ind_PK_UK>
<ind_PK_UK id="E4ABCE68-E976-90F7-43CE-62D16E48247E" name="UN_ASIGNACION_EMPLEADO_FECHA">
<createdBy>pedro</createdBy>
<createdTime>2025-10-02 21:03:20 UTC</createdTime>
<ownerDesignName>Cristalería Andina S.A.</ownerDesignName>
<indexState>Unique Constraint</indexState>
<isSurrogateKey>false</isSurrogateKey>
<indexColumnUsage>
<colUsage columnID="FBF684A8-42E6-4AC6-15D6-FDB12A528A27"/>
<colUsage columnID="41D9DE62-AF0E-694A-9229-41AB4BB76FA8"/>
</indexColumnUsage>
</ind_PK_UK>
<ind_PK_UK id="081814CD-4E37-F0CC-D625-84CFC2D13A2D" name="FK_ASIGNACION_TURNO_TURNO">
<createdBy>pedro</createdBy>
<createdTime>2025-10-02 16:43:23 UTC</createdTime>
<generatorID>43402A0B-C170-CF37-0EAD-5BEBAC1EF147</generatorID>
<ownerDesignName>Cristalería Andina S.A.</ownerDesignName>
<indexState>Foreign Key</indexState>
<isSurrogateKey>false</isSurrogateKey>
<indexColumnUsage>
<colUsage columnID="6C1B8FFF-C2C0-147B-29A9-85DE305E603B"/>
</indexColumnUsage>
</ind_PK_UK>
<ind_PK_UK id="2D59BFF4-A712-0FF0-07FC-421E9A073A91" name="FK_ASIGNACION_TURNO_MAQUINA">
<createdBy>pedro</createdBy>
<createdTime>2025-10-02 16:43:23 UTC</createdTime>
<generatorID>A3AFDA57-772C-5286-AABB-83FC30FA37DE</generatorID>
<ownerDesignName>Cristalería Andina S.A.</ownerDesignName>
<indexState>Foreign Key</indexState>
<isSurrogateKey>false</isSurrogateKey>
<indexColumnUsage>
<colUsage columnID="ADDC4F6C-2632-47B9-C5CE-0378464EBC0A"/>
<colUsage columnID="3088D09D-35FC-002E-9A97-404F980A2673"/>
</indexColumnUsage>
</ind_PK_UK>
<ind_PK_UK id="BE730123-386F-F8A4-0556-8FB556EE1B91" name="FK_ASIGNACION_TURNO_EMPLEADO">
<createdBy>pedro</createdBy>
<createdTime>2025-10-02 17:36:31 UTC</createdTime>
<generatorID>F70F6394-158C-FF19-9F3C-A423F207B203</generatorID>
<ownerDesignName>Cristalería Andina S.A.</ownerDesignName>
<indexState>Foreign Key</indexState>
<isSurrogateKey>false</isSurrogateKey>
<indexColumnUsage>
<colUsage columnID="FBF684A8-42E6-4AC6-15D6-FDB12A528A27"/>
</indexColumnUsage>
</ind_PK_UK>
</indexes>
</Table>