<?xml version = '1.0' encoding = 'UTF-8'?>
<Table class="oracle.dbtools.crest.model.design.relational.Table" directorySegmentName="seg_0" id="CE6D6B38-4C40-65CE-30C9-4C0F77612AB3" name="MAQUINA">
<createdBy>pedro</createdBy>
<createdTime>2025-10-02 16:43:23 UTC</createdTime>
<generatorID>94418F13-D6B2-4FFC-3377-C352BFD0C5C7</generatorID>
<ownerDesignName>Cristalería Andina S.A.</ownerDesignName>
<allowColumnReorder>false</allowColumnReorder>
<existDependencyGenerateInDDl>true</existDependencyGenerateInDDl>
<parsed>true</parsed>
<columns itemClass="oracle.dbtools.crest.model.design.relational.Column">
<Column name="nro_maquina" id="141B02D0-38FA-C8BF-71AF-9C98E5C5DF43">
<createdBy>pedro</createdBy>
<createdTime>2025-10-02 16:43:23 UTC</createdTime>
<generatorID>FCBACA66-A12E-7761-C52F-EA1E4EE2B7E6</generatorID>
<ownerDesignName>Cristalería Andina S.A.</ownerDesignName>
<useDomainConstraints>false</useDomainConstraints>
<use>1</use>
<logicalDatatype>LOGDT019</logicalDatatype>
<dataTypePrecision>3</dataTypePrecision>
<ownDataTypeParameters>,3,</ownDataTypeParameters>
<autoIncrementCycle>false</autoIncrementCycle>
</Column>
<Column name="nombre" id="747C7573-E3BD-3E2F-F917-BC1D15AB23D0">
<createdBy>pedro</createdBy>
<createdTime>2025-10-02 16:43:23 UTC</createdTime>
<generatorID>2A565C3D-0824-96E8-CCAE-A4394CF8CD13</generatorID>
<ownerDesignName>Cristalería Andina S.A.</ownerDesignName>
<useDomainConstraints>false</useDomainConstraints>
<use>1</use>
<logicalDatatype>LOGDT024</logicalDatatype>
<dataTypeSize>120</dataTypeSize>
<ownDataTypeParameters>120,,</ownDataTypeParameters>
<autoIncrementCycle>false</autoIncrementCycle>
</Column>
<Column name="activo" id="2197EA93-F909-88A3-7C51-CDD208F0FF92">
<createdBy>pedro</createdBy>
<createdTime>2025-10-02 16:43:23 UTC</createdTime>
<generatorID>05800758-3A4F-C765-DF45-6399CAF055FA</generatorID>
<ownerDesignName>Cristalería Andina S.A.</ownerDesignName>
<useDomainConstraints>false</useDomainConstraints>
<use>1</use>
<logicalDatatype>LOGDT025</logicalDatatype>
<dataTypeSize>1</dataTypeSize>
<ownDataTypeParameters>1,,</ownDataTypeParameters>
<autoIncrementCycle>false</autoIncrementCycle>
</Column>
<Column name="id_planta" id="13EE5A9E-2C40-35C8-4162-E6EB2EC692C5">
<createdBy>pedro</createdBy>
<createdTime>2025-10-02 16:43:23 UTC</createdTime>
<generatorID>4683DEDB-F25B-59DF-FB9C-F17A2A2CEA60</generatorID>
<ownerDesignName>Cristalería Andina S.A.</ownerDesignName>
<useDomainConstraints>false</useDomainConstraints>
<use>1</use>
<logicalDatatype>LOGDT019</logicalDatatype>
<dataTypePrecision>3</dataTypePrecision>
<ownDataTypeParameters>,,</ownDataTypeParameters>
<previousColumn>false</previousColumn>
<autoIncrementCycle>false</autoIncrementCycle>
<associations>
<colAssociation fkAssociation="B16BD9E0-6807-1BE5-A335-0D3F60174CB5" referredColumn="2E6479EE-ADD3-BF04-BDFA-B2B44012F476"/>
</associations>
</Column>
<Column name="id_tipo_maquina" id="97956360-12F2-4B13-34DC-491398FC0EA6">
<createdBy>pedro</createdBy>
<createdTime>2025-10-02 16:43:23 UTC</createdTime>
<generatorID>D11811F6-3087-BE51-B16B-506F1BBCB9FA</generatorID>
<ownerDesignName>Cristalería Andina S.A.</ownerDesignName>
<useDomainConstraints>false</useDomainConstraints>
<use>1</use>
<logicalDatatype>LOGDT019</logicalDatatype>
<dataTypePrecision>3</dataTypePrecision>
<ownDataTypeParameters>,,</ownDataTypeParameters>
<previousColumn>false</previousColumn>
<autoIncrementCycle>false</autoIncrementCycle>
<associations>
<colAssociation fkAssociation="2DF18E18-E171-78C6-8077-EEC4CEC8CD6F" referredColumn="AC472781-4C40-A498-8E5D-B205E693F9B1"/>
</associations>
</Column>
</columns>
<indexes itemClass="oracle.dbtools.crest.model.design.relational.Index">
<ind_PK_UK id="C19C572B-9C7C-A12F-7EA1-A64FFE310062" name="PK_MAQUINA">
<createdBy>pedro</createdBy>
<createdTime>2025-10-02 16:43:23 UTC</createdTime>
<generatorID>9D68F766-E123-BDAA-9134-BA6FC92B2B91</generatorID>
<ownerDesignName>Cristalería Andina S.A.</ownerDesignName>
<pk>true</pk>
<indexState>Primary Constraint</indexState>
<isSurrogateKey>false</isSurrogateKey>
<indexColumnUsage>
<colUsage columnID="13EE5A9E-2C40-35C8-4162-E6EB2EC692C5"/>
<colUsage columnID="141B02D0-38FA-C8BF-71AF-9C98E5C5DF43"/>
</indexColumnUsage>
</ind_PK_UK>
<ind_PK_UK id="E36AB200-0505-9376-895C-5FDE5779817A" name="FK_MAQUINA_PLANTA">
<createdBy>pedro</createdBy>
<createdTime>2025-10-02 16:43:23 UTC</createdTime>
<generatorID>7DD38FFD-759E-7AE5-0C5A-2473654A89BC</generatorID>
<ownerDesignName>Cristalería Andina S.A.</ownerDesignName>
<indexState>Foreign Key</indexState>
<isSurrogateKey>false</isSurrogateKey>
<indexColumnUsage>
<colUsage columnID="13EE5A9E-2C40-35C8-4162-E6EB2EC692C5"/>
</indexColumnUsage>
</ind_PK_UK>
<ind_PK_UK id="348026A2-8D02-D3CF-9E42-BDE30CF61A28" name="FK_MAQUINA_TIPO_MAQUINA">
<createdBy>pedro</createdBy>
<createdTime>2025-10-02 16:43:23 UTC</createdTime>
<generatorID>786294F0-7740-B144-5EE3-398A6326E8D2</generatorID>
<ownerDesignName>Cristalería Andina S.A.</ownerDesignName>
<indexState>Foreign Key</indexState>
<isSurrogateKey>false</isSurrogateKey>
<indexColumnUsage>
<colUsage columnID="97956360-12F2-4B13-34DC-491398FC0EA6"/>
</indexColumnUsage>
</ind_PK_UK>
</indexes>
</Table>