<?xml version = '1.0' encoding = 'UTF-8'?>
<Table class="oracle.dbtools.crest.model.design.relational.Table" directorySegmentName="seg_0" id="DDF64757-1BF7-44FC-5855-C58C28DD96A4" name="JEFE_TURNO">
<createdBy>pedro</createdBy>
<createdTime>2025-10-02 16:43:23 UTC</createdTime>
<generatorID>550285F3-AA01-87EC-0CA8-E9EC25FA955E</generatorID>
<ownerDesignName>Cristalería Andina S.A.</ownerDesignName>
<allowColumnReorder>false</allowColumnReorder>
<existDependencyGenerateInDDl>true</existDependencyGenerateInDDl>
<parsed>true</parsed>
<columns itemClass="oracle.dbtools.crest.model.design.relational.Column">
<Column name="id_empleado" id="174BAB7D-4D7D-4F73-3096-C12A20A95F4B">
<createdBy>pedro</createdBy>
<createdTime>2025-10-02 16:43:23 UTC</createdTime>
<generatorID>E64BBA1B-81E6-9132-B23E-69C67C64C4AB</generatorID>
<ownerDesignName>Cristalería Andina S.A.</ownerDesignName>
<useDomainConstraints>false</useDomainConstraints>
<use>1</use>
<logicalDatatype>LOGDT019</logicalDatatype>
<dataTypePrecision>8</dataTypePrecision>
<ownDataTypeParameters>,,</ownDataTypeParameters>
<autoIncrementCycle>false</autoIncrementCycle>
<associations>
<colAssociation fkAssociation="BBDA9689-8D3A-9D95-1C37-66393D6ED009" referredColumn="6D4F5079-F574-3BD2-043B-E263AC332AEF"/>
</associations>
</Column>
<Column name="area_responsabilidad" id="4C8ADF15-F28A-8047-B698-C0A05DDA4805">
<createdBy>pedro</createdBy>
<createdTime>2025-10-02 16:43:23 UTC</createdTime>
<generatorID>812897A1-3C25-8B36-324D-5120A28C136F</generatorID>
<ownerDesignName>Cristalería Andina S.A.</ownerDesignName>
<useDomainConstraints>false</useDomainConstraints>
<use>1</use>
<logicalDatatype>LOGDT024</logicalDatatype>
<dataTypeSize>120</dataTypeSize>
<ownDataTypeParameters>120,,</ownDataTypeParameters>
<autoIncrementCycle>false</autoIncrementCycle>
</Column>
<Column name="max_operarios" id="CAC2CAA4-B5FE-4576-B652-BC1C703161B2">
<createdBy>pedro</createdBy>
<createdTime>2025-10-02 16:43:23 UTC</createdTime>
<generatorID>47792009-6591-11C8-82ED-006B2082C200</generatorID>
<ownerDesignName>Cristalería Andina S.A.</ownerDesignName>
<useDomainConstraints>false</useDomainConstraints>
<use>1</use>
<logicalDatatype>LOGDT019</logicalDatatype>
<dataTypePrecision>3</dataTypePrecision>
<ownDataTypeParameters>,3,</ownDataTypeParameters>
<autoIncrementCycle>false</autoIncrementCycle>
</Column>
</columns>
<indexes itemClass="oracle.dbtools.crest.model.design.relational.Index">
<ind_PK_UK id="17E24855-F472-A8F0-FFB7-657953FEBB98" name="PK_JEFE_TURNO">
<createdBy>pedro</createdBy>
<createdTime>2025-10-02 16:43:23 UTC</createdTime>
<generatorID>F70F6394-158C-FF19-9F3C-A423F207B203</generatorID>
<ownerDesignName>Cristalería Andina S.A.</ownerDesignName>
<pk>true</pk>
<indexState>Primary Constraint</indexState>
<isSurrogateKey>false</isSurrogateKey>
<indexColumnUsage>
<colUsage columnID="174BAB7D-4D7D-4F73-3096-C12A20A95F4B"/>
</indexColumnUsage>
</ind_PK_UK>
<ind_PK_UK id="4F788355-F6E7-CAF7-48C8-17606583B6B0" name="FK_JEFE_TURNO_EMPLEADO">
<createdBy>pedro</createdBy>
<createdTime>2025-10-02 16:43:23 UTC</createdTime>
<generatorID>B76D64AE-1162-6212-388D-AC7814775807</generatorID>
<ownerDesignName>Cristalería Andina S.A.</ownerDesignName>
<indexState>Foreign Key</indexState>
<isSurrogateKey>false</isSurrogateKey>
<indexColumnUsage>
<colUsage columnID="174BAB7D-4D7D-4F73-3096-C12A20A95F4B"/>
</indexColumnUsage>
</ind_PK_UK>
</indexes>
</Table>