<?xml version = '1.0' encoding = 'UTF-8'?>
<Entity class="oracle.dbtools.crest.model.design.logical.Entity" directorySegmentName="seg_0" id="A3FC1A3E-A8DA-2ECF-C20D-9F9E2CF6C97E" name="EMPLEADO">
<createdBy>pedro</createdBy>
<createdTime>2025-08-16 18:36:10 UTC</createdTime>
<ownerDesignName>BT&amp;Airways</ownerDesignName>
<engineerTo>
<item key="5955DDBF-08CB-A6EE-3FD0-93042A9AD531" value="true"/>
</engineerTo>
<adequatelyNormalized>NO</adequatelyNormalized>
<expectedVolumes>0</expectedVolumes>
<fwdEngineeringStrategyName>Single Table</fwdEngineeringStrategyName>
<growthPercent>0</growthPercent>
<growthType>Year</growthType>
<maxVolumes>9999999</maxVolumes>
<minVolumes>0</minVolumes>
<normalForm>Third</normalForm>
<attributes itemClass="oracle.dbtools.crest.model.design.logical.Attribute">
<Attribute name="id_empleado" id="CDED98FB-F3BC-EC4D-6E35-3536B754F6A2">
<createdBy>pedro</createdBy>
<createdTime>2025-08-16 18:36:21 UTC</createdTime>
<ownerDesignName>BT&amp;Airways</ownerDesignName>
<engineerTo>
<item key="5955DDBF-08CB-A6EE-3FD0-93042A9AD531" value="true"/>
</engineerTo>
<useDomainConstraints>false</useDomainConstraints>
<use>1</use>
<logicalDatatype>LOGDT019</logicalDatatype>
<ownDataTypeParameters>,,</ownDataTypeParameters>
</Attribute>
<Attribute name="rut" id="7D4032BB-1CA4-846F-FA07-352761166A1B">
<createdBy>pedro</createdBy>
<createdTime>2025-08-16 18:36:40 UTC</createdTime>
<ownerDesignName>BT&amp;Airways</ownerDesignName>
<engineerTo>
<item key="5955DDBF-08CB-A6EE-3FD0-93042A9AD531" value="true"/>
</engineerTo>
<useDomainConstraints>false</useDomainConstraints>
<use>1</use>
<logicalDatatype>LOGDT024</logicalDatatype>
<ownDataTypeParameters>,,</ownDataTypeParameters>
</Attribute>
<Attribute name="nombre_completo" id="6B7674A4-FEEB-018F-8C39-62223BE226FC">
<createdBy>pedro</createdBy>
<createdTime>2025-08-16 18:36:51 UTC</createdTime>
<ownerDesignName>BT&amp;Airways</ownerDesignName>
<engineerTo>
<item key="5955DDBF-08CB-A6EE-3FD0-93042A9AD531" value="true"/>
</engineerTo>
<useDomainConstraints>false</useDomainConstraints>
<use>1</use>
<logicalDatatype>LOGDT024</logicalDatatype>
<ownDataTypeParameters>,,</ownDataTypeParameters>
</Attribute>
<Attribute name="direccion" id="B2E65607-EC89-7C01-8DCB-88F1057873CD">
<createdBy>pedro</createdBy>
<createdTime>2025-08-16 18:37:05 UTC</createdTime>
<ownerDesignName>BT&amp;Airways</ownerDesignName>
<engineerTo>
<item key="5955DDBF-08CB-A6EE-3FD0-93042A9AD531" value="true"/>
</engineerTo>
<useDomainConstraints>false</useDomainConstraints>
<use>1</use>
<logicalDatatype>LOGDT024</logicalDatatype>
<ownDataTypeParameters>,,</ownDataTypeParameters>
</Attribute>
<Attribute name="sueldo_base" id="70D8D5DC-B845-CF09-96FB-CD824AFCBEF3">
<createdBy>pedro</createdBy>
<createdTime>2025-08-16 18:37:22 UTC</createdTime>
<ownerDesignName>BT&amp;Airways</ownerDesignName>
<engineerTo>
<item key="5955DDBF-08CB-A6EE-3FD0-93042A9AD531" value="true"/>
</engineerTo>
<useDomainConstraints>false</useDomainConstraints>
<use>1</use>
<logicalDatatype>LOGDT019</logicalDatatype>
<ownDataTypeParameters>,,</ownDataTypeParameters>
</Attribute>
<Attribute name="fecha_contrato" id="9FCEEEB0-7CA7-8D47-4783-F4DF6AD364F6">
<createdBy>pedro</createdBy>
<createdTime>2025-08-16 18:37:30 UTC</createdTime>
<ownerDesignName>BT&amp;Airways</ownerDesignName>
<engineerTo>
<item key="5955DDBF-08CB-A6EE-3FD0-93042A9AD531" value="true"/>
</engineerTo>
<useDomainConstraints>false</useDomainConstraints>
<use>1</use>
<logicalDatatype>LOGDT007</logicalDatatype>
<ownDataTypeParameters>,,</ownDataTypeParameters>
</Attribute>
<Attribute name="genero" id="68277708-DCD2-76FB-000F-8F23949CBD85">
<createdBy>pedro</createdBy>
<createdTime>2025-08-16 18:37:45 UTC</createdTime>
<ownerDesignName>BT&amp;Airways</ownerDesignName>
<engineerTo>
<item key="5955DDBF-08CB-A6EE-3FD0-93042A9AD531" value="true"/>
</engineerTo>
<useDomainConstraints>false</useDomainConstraints>
<use>1</use>
<logicalDatatype>LOGDT024</logicalDatatype>
<ownDataTypeParameters>,,</ownDataTypeParameters>
</Attribute>
<Attribute name="telefono_movil" id="3B4F6A98-D2B6-1151-D8E3-760267EA1976">
<createdBy>pedro</createdBy>
<createdTime>2025-08-16 18:37:56 UTC</createdTime>
<ownerDesignName>BT&amp;Airways</ownerDesignName>
<engineerTo>
<item key="5955DDBF-08CB-A6EE-3FD0-93042A9AD531" value="true"/>
</engineerTo>
<nullsAllowed>true</nullsAllowed>
<useDomainConstraints>false</useDomainConstraints>
<use>1</use>
<logicalDatatype>LOGDT019</logicalDatatype>
<ownDataTypeParameters>,,</ownDataTypeParameters>
</Attribute>
<Attribute name="telefono_contacto" id="7D7B5DE9-683B-AA53-C86C-C7FD4F4AB0E7">
<createdBy>pedro</createdBy>
<createdTime>2025-08-16 18:38:08 UTC</createdTime>
<ownerDesignName>BT&amp;Airways</ownerDesignName>
<engineerTo>
<item key="5955DDBF-08CB-A6EE-3FD0-93042A9AD531" value="true"/>
</engineerTo>
<useDomainConstraints>false</useDomainConstraints>
<use>1</use>
<logicalDatatype>LOGDT019</logicalDatatype>
<ownDataTypeParameters>,,</ownDataTypeParameters>
</Attribute>
</attributes>
<identifiers itemClass="oracle.dbtools.crest.model.design.logical.CandidateKey">
<identifier id="D8EB2238-434C-D784-740E-3D7AD83CE2D5" name="EMPLEADO PK">
<createdBy>pedro</createdBy>
<createdTime>2025-08-16 18:36:42 UTC</createdTime>
<ownerDesignName>BT&amp;Airways</ownerDesignName>
<engineerTo>
<item key="5955DDBF-08CB-A6EE-3FD0-93042A9AD531" value="true"/>
</engineerTo>
<pk>true</pk>
<usedAttributes>
<attributeRef>CDED98FB-F3BC-EC4D-6E35-3536B754F6A2</attributeRef>
</usedAttributes>
</identifier>
</identifiers>
</Entity>