<?xml version = '1.0' encoding = 'UTF-8'?>
<Relation class="oracle.dbtools.crest.model.design.logical.InheritanceRelation" name="Hierarchy_2" directorySegmentName="seg_0" id="DD42E047-46C8-33C3-AA66-29D218F7A557">
<createdBy>pedro</createdBy>
<createdTime>2025-09-12 00:13:46 UTC</createdTime>
<ownerDesignName>Sumativa2</ownerDesignName>
<engineerTo>
<item key="57EDCA66-0BAB-C4ED-C0EC-25508BE0B2FC" value="true"/>
</engineerTo>
<identifying>false</identifying>
<nameOnSource>Super Type</nameOnSource>
<nameOnTarget>Sub Type</nameOnTarget>
<optionalSource>true</optionalSource>
<optionalTarget>true</optionalTarget>
<sourceEntity>FDFE1C4F-CBB2-EF0C-277A-FEED7A0E922D</sourceEntity>
<targetEntity>CED67368-F7E3-9A4E-8269-A778E4F9AC0D</targetEntity>
<transferable>true</transferable>
<deleteRule>NO ACTION</deleteRule>
</Relation>