<?xml version = '1.0' encoding = 'UTF-8'?>
<Entity class="oracle.dbtools.crest.model.design.logical.Entity" directorySegmentName="seg_0" id="2111D25C-7A88-9811-02AE-106C2BD86F7F" name="PLANTA">
<createdBy>pedro</createdBy>
<createdTime>2025-10-02 15:32:34 UTC</createdTime>
<ownerDesignName>Cristalería Andina S.A.</ownerDesignName>
<engineerTo>
<item key="69531EB3-E8DD-8C61-12EA-0BB9077E1461" value="true"/>
</engineerTo>
<adequatelyNormalized>NO</adequatelyNormalized>
<expectedVolumes>0</expectedVolumes>
<fwdEngineeringStrategyName>Single Table</fwdEngineeringStrategyName>
<growthPercent>0</growthPercent>
<growthType>Year</growthType>
<maxVolumes>9999999</maxVolumes>
<minVolumes>0</minVolumes>
<normalForm>Third</normalForm>
<attributes itemClass="oracle.dbtools.crest.model.design.logical.Attribute">
<Attribute name="id_planta" id="EAE1ABCF-040D-1E82-C0FF-55FAE6B78FD4">
<createdBy>pedro</createdBy>
<createdTime>2025-10-02 15:33:04 UTC</createdTime>
<ownerDesignName>Cristalería Andina S.A.</ownerDesignName>
<engineerTo>
<item key="69531EB3-E8DD-8C61-12EA-0BB9077E1461" value="true"/>
</engineerTo>
<useDomainConstraints>false</useDomainConstraints>
<use>1</use>
<logicalDatatype>LOGDT019</logicalDatatype>
<dataTypePrecision>3</dataTypePrecision>
<ownDataTypeParameters>,3,</ownDataTypeParameters>
</Attribute>
<Attribute name="nombre" id="9F6F55D2-322C-4D91-ED26-1745C5BAF5FA">
<createdBy>pedro</createdBy>
<createdTime>2025-10-02 15:33:36 UTC</createdTime>
<ownerDesignName>Cristalería Andina S.A.</ownerDesignName>
<engineerTo>
<item key="69531EB3-E8DD-8C61-12EA-0BB9077E1461" value="true"/>
</engineerTo>
<useDomainConstraints>false</useDomainConstraints>
<use>1</use>
<logicalDatatype>LOGDT024</logicalDatatype>
<ownDataTypeParameters>,,</ownDataTypeParameters>
</Attribute>
<Attribute name="direccion" id="D7EDF4EC-2018-5192-FFB6-B6123CCC5083">
<createdBy>pedro</createdBy>
<createdTime>2025-10-02 15:33:55 UTC</createdTime>
<ownerDesignName>Cristalería Andina S.A.</ownerDesignName>
<engineerTo>
<item key="69531EB3-E8DD-8C61-12EA-0BB9077E1461" value="true"/>
</engineerTo>
<useDomainConstraints>false</useDomainConstraints>
<use>1</use>
<logicalDatatype>LOGDT024</logicalDatatype>
<dataTypeSize>200</dataTypeSize>
<ownDataTypeParameters>200,,</ownDataTypeParameters>
</Attribute>
<Attribute name="id_comuna" id="B1212F0C-659F-C53B-9D48-9358DB5C0852">
<createdBy>pedro</createdBy>
<createdTime>2025-10-02 16:07:52 UTC</createdTime>
<generatorID>56D6B69D-10BC-E377-055D-5E78B928EDF6</generatorID>
<ownerDesignName>Cristalería Andina S.A.</ownerDesignName>
<engineerTo>
<item key="69531EB3-E8DD-8C61-12EA-0BB9077E1461" value="true"/>
</engineerTo>
<referedAttribute>F97CAF49-50D3-50EE-6AA0-8F6EC4B54FE2</referedAttribute>
<useDomainConstraints>false</useDomainConstraints>
<use>1</use>
<logicalDatatype>LOGDT019</logicalDatatype>
<dataTypePrecision>4</dataTypePrecision>
<ownDataTypeParameters>,,</ownDataTypeParameters>
</Attribute>
</attributes>
<identifiers itemClass="oracle.dbtools.crest.model.design.logical.CandidateKey">
<identifier id="37740456-E0D2-BFFF-3F27-E20D1ABB07E4" name="PK_PLANTA">
<createdBy>pedro</createdBy>
<createdTime>2025-10-02 15:32:56 UTC</createdTime>
<ownerDesignName>Cristalería Andina S.A.</ownerDesignName>
<engineerTo>
<item key="69531EB3-E8DD-8C61-12EA-0BB9077E1461" value="true"/>
</engineerTo>
<pk>true</pk>
<newElementsIDs>138A1611-03FC-4705-1DDE-3B6D376D3FAC,EAE1ABCF-040D-1E82-C0FF-55FAE6B78FD4</newElementsIDs>
<usedAttributes>
<attributeRef>138A1611-03FC-4705-1DDE-3B6D376D3FAC</attributeRef>
<attributeRef>EAE1ABCF-040D-1E82-C0FF-55FAE6B78FD4</attributeRef>
</usedAttributes>
</identifier>
</identifiers>
</Entity>