<?xml version = '1.0' encoding = 'UTF-8'?>
<Entity class="oracle.dbtools.crest.model.design.logical.Entity" directorySegmentName="seg_0" id="2B5A93CA-E0F8-86A3-266A-FD2AF5183458" name="EMPLEADO">
<createdBy>pedro</createdBy>
<createdTime>2025-10-02 15:42:01 UTC</createdTime>
<ownerDesignName>Cristalería Andina S.A.</ownerDesignName>
<engineerTo>
<item key="69531EB3-E8DD-8C61-12EA-0BB9077E1461" value="true"/>
</engineerTo>
<adequatelyNormalized>NO</adequatelyNormalized>
<expectedVolumes>0</expectedVolumes>
<fwdEngineeringStrategyName>Single Table</fwdEngineeringStrategyName>
<growthPercent>0</growthPercent>
<growthType>Year</growthType>
<maxVolumes>9999999</maxVolumes>
<minVolumes>0</minVolumes>
<normalForm>Third</normalForm>
<attributes itemClass="oracle.dbtools.crest.model.design.logical.Attribute">
<Attribute name="id_empleado" id="E64BBA1B-81E6-9132-B23E-69C67C64C4AB">
<createdBy>pedro</createdBy>
<createdTime>2025-10-02 15:42:09 UTC</createdTime>
<ownerDesignName>Cristalería Andina S.A.</ownerDesignName>
<engineerTo>
<item key="69531EB3-E8DD-8C61-12EA-0BB9077E1461" value="true"/>
</engineerTo>
<useDomainConstraints>false</useDomainConstraints>
<use>1</use>
<logicalDatatype>LOGDT019</logicalDatatype>
<dataTypePrecision>8</dataTypePrecision>
<ownDataTypeParameters>,8,</ownDataTypeParameters>
</Attribute>
<Attribute name="rut" id="B1674B76-8A36-18ED-927A-254819452470">
<createdBy>pedro</createdBy>
<createdTime>2025-10-02 15:43:01 UTC</createdTime>
<ownerDesignName>Cristalería Andina S.A.</ownerDesignName>
<engineerTo>
<item key="69531EB3-E8DD-8C61-12EA-0BB9077E1461" value="true"/>
</engineerTo>
<useDomainConstraints>false</useDomainConstraints>
<use>1</use>
<logicalDatatype>LOGDT024</logicalDatatype>
<dataTypeSize>12</dataTypeSize>
<ownDataTypeParameters>12,,</ownDataTypeParameters>
</Attribute>
<Attribute name="nombres" id="C0AA67EF-E739-3161-AF6A-00FE9F6E3543">
<createdBy>pedro</createdBy>
<createdTime>2025-10-02 15:44:06 UTC</createdTime>
<ownerDesignName>Cristalería Andina S.A.</ownerDesignName>
<engineerTo>
<item key="69531EB3-E8DD-8C61-12EA-0BB9077E1461" value="true"/>
</engineerTo>
<useDomainConstraints>false</useDomainConstraints>
<use>1</use>
<logicalDatatype>LOGDT024</logicalDatatype>
<dataTypeSize>120</dataTypeSize>
<ownDataTypeParameters>120,,</ownDataTypeParameters>
</Attribute>
<Attribute name="apellidos" id="7B639BAA-173C-E07F-42BE-1348EADF7F4A">
<createdBy>pedro</createdBy>
<createdTime>2025-10-02 15:44:29 UTC</createdTime>
<ownerDesignName>Cristalería Andina S.A.</ownerDesignName>
<engineerTo>
<item key="69531EB3-E8DD-8C61-12EA-0BB9077E1461" value="true"/>
</engineerTo>
<useDomainConstraints>false</useDomainConstraints>
<use>1</use>
<logicalDatatype>LOGDT024</logicalDatatype>
<dataTypeSize>120</dataTypeSize>
<ownDataTypeParameters>120,,</ownDataTypeParameters>
</Attribute>
<Attribute name="fecha_contratacion" id="53DB63AC-F181-2901-F9D6-105ADBA3EF07">
<createdBy>pedro</createdBy>
<createdTime>2025-10-02 15:44:44 UTC</createdTime>
<ownerDesignName>Cristalería Andina S.A.</ownerDesignName>
<engineerTo>
<item key="69531EB3-E8DD-8C61-12EA-0BB9077E1461" value="true"/>
</engineerTo>
<useDomainConstraints>false</useDomainConstraints>
<use>1</use>
<logicalDatatype>LOGDT007</logicalDatatype>
<ownDataTypeParameters>,,</ownDataTypeParameters>
</Attribute>
<Attribute name="sueldo_base" id="E054222A-27FE-4E86-7AA3-80D9B7F46E49">
<createdBy>pedro</createdBy>
<createdTime>2025-10-02 15:44:56 UTC</createdTime>
<ownerDesignName>Cristalería Andina S.A.</ownerDesignName>
<engineerTo>
<item key="69531EB3-E8DD-8C61-12EA-0BB9077E1461" value="true"/>
</engineerTo>
<useDomainConstraints>false</useDomainConstraints>
<use>1</use>
<logicalDatatype>LOGDT019</logicalDatatype>
<dataTypePrecision>12</dataTypePrecision>
<ownDataTypeParameters>,12,</ownDataTypeParameters>
</Attribute>
<Attribute name="activo" id="505F4DAE-3495-A505-09A6-9087D5C59D20">
<createdBy>pedro</createdBy>
<createdTime>2025-10-02 15:45:26 UTC</createdTime>
<ownerDesignName>Cristalería Andina S.A.</ownerDesignName>
<engineerTo>
<item key="69531EB3-E8DD-8C61-12EA-0BB9077E1461" value="true"/>
</engineerTo>
<useDomainConstraints>false</useDomainConstraints>
<use>1</use>
<logicalDatatype>LOGDT025</logicalDatatype>
<dataTypeSize>1</dataTypeSize>
<ownDataTypeParameters>1,,</ownDataTypeParameters>
</Attribute>
<Attribute name="Attribute_1" id="A0227A45-B6F5-D8DE-7AA8-C8A53D9AD5EC">
<createdBy>pedro</createdBy>
<createdTime>2025-10-02 16:15:14 UTC</createdTime>
<generatorID>05D718DD-5336-1065-CB8C-41724FAB4C83</generatorID>
<ownerDesignName>Cristalería Andina S.A.</ownerDesignName>
<engineerTo>
<item key="69531EB3-E8DD-8C61-12EA-0BB9077E1461" value="true"/>
</engineerTo>
<referedAttribute>138A1611-03FC-4705-1DDE-3B6D376D3FAC</referedAttribute>
<use>0</use>
<ownDataTypeParameters>,,</ownDataTypeParameters>
</Attribute>
<Attribute name="id_planta" id="DB7B0490-C71E-DF96-EE12-59CD69DF3E6D">
<createdBy>pedro</createdBy>
<createdTime>2025-10-02 16:15:14 UTC</createdTime>
<generatorID>05D718DD-5336-1065-CB8C-41724FAB4C83</generatorID>
<ownerDesignName>Cristalería Andina S.A.</ownerDesignName>
<engineerTo>
<item key="69531EB3-E8DD-8C61-12EA-0BB9077E1461" value="true"/>
</engineerTo>
<referedAttribute>EAE1ABCF-040D-1E82-C0FF-55FAE6B78FD4</referedAttribute>
<useDomainConstraints>false</useDomainConstraints>
<use>1</use>
<logicalDatatype>LOGDT019</logicalDatatype>
<dataTypePrecision>3</dataTypePrecision>
<ownDataTypeParameters>,,</ownDataTypeParameters>
</Attribute>
<Attribute name="id_afp" id="E8B786EB-8728-DDB1-4D43-018F04505673">
<createdBy>pedro</createdBy>
<createdTime>2025-10-02 16:16:08 UTC</createdTime>
<generatorID>84091D95-39EB-1459-1C2A-E87A0BE3AB09</generatorID>
<ownerDesignName>Cristalería Andina S.A.</ownerDesignName>
<engineerTo>
<item key="69531EB3-E8DD-8C61-12EA-0BB9077E1461" value="true"/>
</engineerTo>
<referedAttribute>29241C9F-21A2-BB43-2594-BE65A73DEFDE</referedAttribute>
<useDomainConstraints>false</useDomainConstraints>
<use>1</use>
<logicalDatatype>LOGDT019</logicalDatatype>
<dataTypePrecision>3</dataTypePrecision>
<ownDataTypeParameters>,,</ownDataTypeParameters>
</Attribute>
<Attribute name="id_salud" id="8B26B300-1536-3CD9-72F3-56FD8C917F58">
<createdBy>pedro</createdBy>
<createdTime>2025-10-02 16:16:16 UTC</createdTime>
<generatorID>5CB0A01B-E2F2-59BA-DDF4-76800FAC1A9C</generatorID>
<ownerDesignName>Cristalería Andina S.A.</ownerDesignName>
<engineerTo>
<item key="69531EB3-E8DD-8C61-12EA-0BB9077E1461" value="true"/>
</engineerTo>
<referedAttribute>8C43A0F0-1252-6EB0-A0C7-A520743BEEE2</referedAttribute>
<useDomainConstraints>false</useDomainConstraints>
<use>1</use>
<logicalDatatype>LOGDT019</logicalDatatype>
<dataTypePrecision>3</dataTypePrecision>
<ownDataTypeParameters>,,</ownDataTypeParameters>
</Attribute>
<Attribute name="id_jefe_directo" id="498726EE-B21C-EF20-B33E-993A007248FD">
<createdBy>pedro</createdBy>
<createdTime>2025-10-02 16:16:31 UTC</createdTime>
<generatorID>3E4E238A-0CD5-1F04-B1E0-1393B10B02AA</generatorID>
<ownerDesignName>Cristalería Andina S.A.</ownerDesignName>
<engineerTo>
<item key="69531EB3-E8DD-8C61-12EA-0BB9077E1461" value="true"/>
</engineerTo>
<nullsAllowed>true</nullsAllowed>
<referedAttribute>E64BBA1B-81E6-9132-B23E-69C67C64C4AB</referedAttribute>
<useDomainConstraints>false</useDomainConstraints>
<use>1</use>
<logicalDatatype>LOGDT019</logicalDatatype>
<dataTypePrecision>8</dataTypePrecision>
<ownDataTypeParameters>,,</ownDataTypeParameters>
</Attribute>
</attributes>
<identifiers itemClass="oracle.dbtools.crest.model.design.logical.CandidateKey">
<identifier id="F70F6394-158C-FF19-9F3C-A423F207B203" name="EMPLEADO PK">
<createdBy>pedro</createdBy>
<createdTime>2025-10-02 15:43:00 UTC</createdTime>
<ownerDesignName>Cristalería Andina S.A.</ownerDesignName>
<engineerTo>
<item key="69531EB3-E8DD-8C61-12EA-0BB9077E1461" value="true"/>
</engineerTo>
<pk>true</pk>
<usedAttributes>
<attributeRef>E64BBA1B-81E6-9132-B23E-69C67C64C4AB</attributeRef>
</usedAttributes>
</identifier>
</identifiers>
</Entity>