<?xml version = '1.0' encoding = 'UTF-8'?>
<Entity class="oracle.dbtools.crest.model.design.logical.Entity" directorySegmentName="seg_0" id="38560802-A8C7-E1F2-5126-B49374AA0C79" name="ASIGNACION_TURNO">
<createdBy>pedro</createdBy>
<createdTime>2025-10-02 15:56:26 UTC</createdTime>
<ownerDesignName>Cristalería Andina S.A.</ownerDesignName>
<engineerTo>
<item key="69531EB3-E8DD-8C61-12EA-0BB9077E1461" value="true"/>
</engineerTo>
<adequatelyNormalized>NO</adequatelyNormalized>
<expectedVolumes>0</expectedVolumes>
<fwdEngineeringStrategyName>Single Table</fwdEngineeringStrategyName>
<growthPercent>0</growthPercent>
<growthType>Year</growthType>
<maxVolumes>9999999</maxVolumes>
<minVolumes>0</minVolumes>
<normalForm>Third</normalForm>
<attributes itemClass="oracle.dbtools.crest.model.design.logical.Attribute">
<Attribute name="id_asignacion" id="47509ADE-885D-27AC-181E-A091B59C21E7">
<createdBy>pedro</createdBy>
<createdTime>2025-10-02 15:56:56 UTC</createdTime>
<ownerDesignName>Cristalería Andina S.A.</ownerDesignName>
<engineerTo>
<item key="69531EB3-E8DD-8C61-12EA-0BB9077E1461" value="true"/>
</engineerTo>
<useDomainConstraints>false</useDomainConstraints>
<use>1</use>
<logicalDatatype>LOGDT019</logicalDatatype>
<dataTypePrecision>3</dataTypePrecision>
<ownDataTypeParameters>,3,</ownDataTypeParameters>
</Attribute>
<Attribute name="fecha" id="4EA8CA09-0221-ADCA-7148-C6BBB9462D65">
<createdBy>pedro</createdBy>
<createdTime>2025-10-02 15:57:27 UTC</createdTime>
<ownerDesignName>Cristalería Andina S.A.</ownerDesignName>
<engineerTo>
<item key="69531EB3-E8DD-8C61-12EA-0BB9077E1461" value="true"/>
</engineerTo>
<useDomainConstraints>false</useDomainConstraints>
<use>1</use>
<logicalDatatype>LOGDT007</logicalDatatype>
<ownDataTypeParameters>,,</ownDataTypeParameters>
</Attribute>
<Attribute name="rol_turno" id="C9721F6D-46FA-8B2A-2ED0-682A4F16FB5F">
<createdBy>pedro</createdBy>
<createdTime>2025-10-02 15:57:45 UTC</createdTime>
<ownerDesignName>Cristalería Andina S.A.</ownerDesignName>
<engineerTo>
<item key="69531EB3-E8DD-8C61-12EA-0BB9077E1461" value="true"/>
</engineerTo>
<nullsAllowed>true</nullsAllowed>
<useDomainConstraints>false</useDomainConstraints>
<use>1</use>
<logicalDatatype>LOGDT024</logicalDatatype>
<dataTypeSize>60</dataTypeSize>
<ownDataTypeParameters>60,,</ownDataTypeParameters>
</Attribute>
<Attribute name="id_turno" id="4E734864-B1B3-FBE1-B8C4-0D6FACDD168C">
<createdBy>pedro</createdBy>
<createdTime>2025-10-02 16:27:14 UTC</createdTime>
<generatorID>43402A0B-C170-CF37-0EAD-5BEBAC1EF147</generatorID>
<ownerDesignName>Cristalería Andina S.A.</ownerDesignName>
<engineerTo>
<item key="69531EB3-E8DD-8C61-12EA-0BB9077E1461" value="true"/>
</engineerTo>
<nullsAllowed>true</nullsAllowed>
<referedAttribute>A0659B28-2317-5221-FED9-4B0354F75BE5</referedAttribute>
<useDomainConstraints>false</useDomainConstraints>
<use>1</use>
<logicalDatatype>LOGDT024</logicalDatatype>
<dataTypeSize>5</dataTypeSize>
<ownDataTypeParameters>5,,</ownDataTypeParameters>
</Attribute>
<Attribute name="id_empleado" id="3B060DAA-3BD5-2CD6-ABF6-67D86398739F">
<createdBy>pedro</createdBy>
<createdTime>2025-10-02 17:36:52 UTC</createdTime>
<generatorID>4AFEC2C0-ED8C-0F4F-85EA-8FC413AF8513</generatorID>
<ownerDesignName>Cristalería Andina S.A.</ownerDesignName>
<engineerTo>
<item key="69531EB3-E8DD-8C61-12EA-0BB9077E1461" value="true"/>
</engineerTo>
<referedAttribute>E64BBA1B-81E6-9132-B23E-69C67C64C4AB</referedAttribute>
<useDomainConstraints>false</useDomainConstraints>
<use>1</use>
<logicalDatatype>LOGDT019</logicalDatatype>
<dataTypePrecision>8</dataTypePrecision>
<ownDataTypeParameters>,8,</ownDataTypeParameters>
</Attribute>
<Attribute name="id_planta" id="D4F0465D-41C5-2D70-FCC5-E5A117F2176D">
<createdBy>pedro</createdBy>
<createdTime>2025-10-02 19:20:04 UTC</createdTime>
<generatorID>A3AFDA57-772C-5286-AABB-83FC30FA37DE</generatorID>
<ownerDesignName>Cristalería Andina S.A.</ownerDesignName>
<engineerTo>
<item key="69531EB3-E8DD-8C61-12EA-0BB9077E1461" value="true"/>
</engineerTo>
<referedAttribute>4683DEDB-F25B-59DF-FB9C-F17A2A2CEA60</referedAttribute>
<useDomainConstraints>false</useDomainConstraints>
<use>1</use>
<logicalDatatype>LOGDT019</logicalDatatype>
<dataTypePrecision>3</dataTypePrecision>
<ownDataTypeParameters>,,</ownDataTypeParameters>
</Attribute>
<Attribute name="nro_maquina" id="AC80B948-1F08-DACF-30EF-16179576ADEF">
<createdBy>pedro</createdBy>
<createdTime>2025-10-02 19:20:05 UTC</createdTime>
<generatorID>A3AFDA57-772C-5286-AABB-83FC30FA37DE</generatorID>
<ownerDesignName>Cristalería Andina S.A.</ownerDesignName>
<engineerTo>
<item key="69531EB3-E8DD-8C61-12EA-0BB9077E1461" value="true"/>
</engineerTo>
<referedAttribute>FCBACA66-A12E-7761-C52F-EA1E4EE2B7E6</referedAttribute>
<useDomainConstraints>false</useDomainConstraints>
<use>1</use>
<logicalDatatype>LOGDT019</logicalDatatype>
<dataTypePrecision>3</dataTypePrecision>
<ownDataTypeParameters>,,</ownDataTypeParameters>
</Attribute>
</attributes>
<identifiers itemClass="oracle.dbtools.crest.model.design.logical.CandidateKey">
<identifier id="0B712E7E-61DB-A5B1-69DB-D2B6A3555FFC" name="ASIGNACION_TURNO PK">
<createdBy>pedro</createdBy>
<createdTime>2025-10-02 15:57:14 UTC</createdTime>
<ownerDesignName>Cristalería Andina S.A.</ownerDesignName>
<engineerTo>
<item key="69531EB3-E8DD-8C61-12EA-0BB9077E1461" value="true"/>
</engineerTo>
<pk>true</pk>
<usedAttributes>
<attributeRef>47509ADE-885D-27AC-181E-A091B59C21E7</attributeRef>
</usedAttributes>
</identifier>
</identifiers>
</Entity>