<?xml version = '1.0' encoding = 'UTF-8'?>
<Entity class="oracle.dbtools.crest.model.design.logical.Entity" directorySegmentName="seg_0" id="47EC7F3A-1122-AE94-51F1-8F374E546A38" name="REGION">
<createdBy>pedro</createdBy>
<createdTime>2025-10-02 15:11:39 UTC</createdTime>
<ownerDesignName>Cristalería Andina S.A.</ownerDesignName>
<engineerTo>
<item key="69531EB3-E8DD-8C61-12EA-0BB9077E1461" value="true"/>
</engineerTo>
<adequatelyNormalized>NO</adequatelyNormalized>
<expectedVolumes>0</expectedVolumes>
<fwdEngineeringStrategyName>Single Table</fwdEngineeringStrategyName>
<growthPercent>0</growthPercent>
<growthType>Year</growthType>
<maxVolumes>9999999</maxVolumes>
<minVolumes>0</minVolumes>
<normalForm>Third</normalForm>
<attributes itemClass="oracle.dbtools.crest.model.design.logical.Attribute">
<Attribute name="id_region" id="DF15FA91-1FD1-B051-BD0B-E22A53F02289">
<createdBy>pedro</createdBy>
<createdTime>2025-10-02 15:11:53 UTC</createdTime>
<ownerDesignName>Cristalería Andina S.A.</ownerDesignName>
<engineerTo>
<item key="69531EB3-E8DD-8C61-12EA-0BB9077E1461" value="true"/>
</engineerTo>
<useDomainConstraints>false</useDomainConstraints>
<use>1</use>
<logicalDatatype>LOGDT019</logicalDatatype>
<dataTypePrecision>3</dataTypePrecision>
<ownDataTypeParameters>,3,</ownDataTypeParameters>
</Attribute>
<Attribute name="nombre" id="BC60EB5C-E376-2859-208E-DA69DD7D6B40">
<createdBy>pedro</createdBy>
<createdTime>2025-10-02 15:13:51 UTC</createdTime>
<ownerDesignName>Cristalería Andina S.A.</ownerDesignName>
<engineerTo>
<item key="69531EB3-E8DD-8C61-12EA-0BB9077E1461" value="true"/>
</engineerTo>
<useDomainConstraints>false</useDomainConstraints>
<use>1</use>
<logicalDatatype>LOGDT024</logicalDatatype>
<dataTypeSize>100</dataTypeSize>
<ownDataTypeParameters>100,,</ownDataTypeParameters>
</Attribute>
</attributes>
<identifiers itemClass="oracle.dbtools.crest.model.design.logical.CandidateKey">
<identifier id="3D3377EA-6932-9981-4929-22C766683C19" name="PK_REGION">
<createdBy>pedro</createdBy>
<createdTime>2025-10-02 15:12:02 UTC</createdTime>
<ownerDesignName>Cristalería Andina S.A.</ownerDesignName>
<engineerTo>
<item key="69531EB3-E8DD-8C61-12EA-0BB9077E1461" value="true"/>
</engineerTo>
<pk>true</pk>
<newElementsIDs>DF15FA91-1FD1-B051-BD0B-E22A53F02289</newElementsIDs>
<usedAttributes>
<attributeRef>DF15FA91-1FD1-B051-BD0B-E22A53F02289</attributeRef>
</usedAttributes>
</identifier>
<identifier id="658A3520-5A28-679B-2104-280D3413673C" name="UN_REGION_NOMBRE">
<createdBy>pedro</createdBy>
<createdTime>2025-10-02 15:14:18 UTC</createdTime>
<ownerDesignName>Cristalería Andina S.A.</ownerDesignName>
<engineerTo>
<item key="69531EB3-E8DD-8C61-12EA-0BB9077E1461" value="true"/>
</engineerTo>
<newElementsIDs>BC60EB5C-E376-2859-208E-DA69DD7D6B40</newElementsIDs>
<usedAttributes>
<attributeRef>BC60EB5C-E376-2859-208E-DA69DD7D6B40</attributeRef>
</usedAttributes>
</identifier>
</identifiers>
</Entity>