<?xml version = '1.0' encoding = 'UTF-8'?>
<Entity class="oracle.dbtools.crest.model.design.logical.Entity" directorySegmentName="seg_0" id="4B601B7E-9C6B-FC8C-645C-3A85D488B988" name="SISTEMA_SALUD">
<createdBy>pedro</createdBy>
<createdTime>2025-10-02 15:17:42 UTC</createdTime>
<ownerDesignName>Cristalería Andina S.A.</ownerDesignName>
<engineerTo>
<item key="69531EB3-E8DD-8C61-12EA-0BB9077E1461" value="true"/>
</engineerTo>
<adequatelyNormalized>NO</adequatelyNormalized>
<expectedVolumes>0</expectedVolumes>
<fwdEngineeringStrategyName>Single Table</fwdEngineeringStrategyName>
<growthPercent>0</growthPercent>
<growthType>Year</growthType>
<maxVolumes>9999999</maxVolumes>
<minVolumes>0</minVolumes>
<normalForm>Third</normalForm>
<attributes itemClass="oracle.dbtools.crest.model.design.logical.Attribute">
<Attribute name="id_salud" id="8C43A0F0-1252-6EB0-A0C7-A520743BEEE2">
<createdBy>pedro</createdBy>
<createdTime>2025-10-02 15:17:54 UTC</createdTime>
<ownerDesignName>Cristalería Andina S.A.</ownerDesignName>
<engineerTo>
<item key="69531EB3-E8DD-8C61-12EA-0BB9077E1461" value="true"/>
</engineerTo>
<useDomainConstraints>false</useDomainConstraints>
<use>1</use>
<logicalDatatype>LOGDT019</logicalDatatype>
<dataTypePrecision>3</dataTypePrecision>
<ownDataTypeParameters>,3,</ownDataTypeParameters>
</Attribute>
<Attribute name="nombre" id="CAE34E25-E995-FE51-AF5A-8BF148A0EDFC">
<createdBy>pedro</createdBy>
<createdTime>2025-10-02 15:18:38 UTC</createdTime>
<ownerDesignName>Cristalería Andina S.A.</ownerDesignName>
<engineerTo>
<item key="69531EB3-E8DD-8C61-12EA-0BB9077E1461" value="true"/>
</engineerTo>
<useDomainConstraints>false</useDomainConstraints>
<use>1</use>
<logicalDatatype>LOGDT024</logicalDatatype>
<dataTypeSize>80</dataTypeSize>
<ownDataTypeParameters>80,,</ownDataTypeParameters>
</Attribute>
</attributes>
<identifiers itemClass="oracle.dbtools.crest.model.design.logical.CandidateKey">
<identifier id="C73DFCD4-488E-7011-51D0-DB49FC32568C" name="PK_SISTEMA_SALUD">
<createdBy>pedro</createdBy>
<createdTime>2025-10-02 15:18:37 UTC</createdTime>
<ownerDesignName>Cristalería Andina S.A.</ownerDesignName>
<engineerTo>
<item key="69531EB3-E8DD-8C61-12EA-0BB9077E1461" value="true"/>
</engineerTo>
<pk>true</pk>
<newElementsIDs>8C43A0F0-1252-6EB0-A0C7-A520743BEEE2</newElementsIDs>
<usedAttributes>
<attributeRef>8C43A0F0-1252-6EB0-A0C7-A520743BEEE2</attributeRef>
</usedAttributes>
</identifier>
<identifier id="CB465B2E-E542-C7FC-9328-9118FC28458A" name="UN_SISTEMA_SALUD_NOMBRE">
<createdBy>pedro</createdBy>
<createdTime>2025-10-02 15:18:57 UTC</createdTime>
<ownerDesignName>Cristalería Andina S.A.</ownerDesignName>
<engineerTo>
<item key="69531EB3-E8DD-8C61-12EA-0BB9077E1461" value="true"/>
</engineerTo>
<newElementsIDs>CAE34E25-E995-FE51-AF5A-8BF148A0EDFC</newElementsIDs>
</identifier>
</identifiers>
</Entity>