<?xml version = '1.0' encoding = 'UTF-8'?>
<Entity class="oracle.dbtools.crest.model.design.logical.Entity" directorySegmentName="seg_0" id="6F545165-CEC4-E3A0-B7F1-584AE8BEF934" name="ORDEN_MANTENCION">
<createdBy>pedro</createdBy>
<createdTime>2025-10-02 15:59:51 UTC</createdTime>
<ownerDesignName>Cristalería Andina S.A.</ownerDesignName>
<engineerTo>
<item key="69531EB3-E8DD-8C61-12EA-0BB9077E1461" value="true"/>
</engineerTo>
<adequatelyNormalized>NO</adequatelyNormalized>
<expectedVolumes>0</expectedVolumes>
<fwdEngineeringStrategyName>Single Table</fwdEngineeringStrategyName>
<growthPercent>0</growthPercent>
<growthType>Year</growthType>
<maxVolumes>9999999</maxVolumes>
<minVolumes>0</minVolumes>
<normalForm>Third</normalForm>
<attributes itemClass="oracle.dbtools.crest.model.design.logical.Attribute">
<Attribute name="id_orden" id="2613AC02-60A5-9ADC-5010-0D8D176B0A30">
<createdBy>pedro</createdBy>
<createdTime>2025-10-02 16:00:07 UTC</createdTime>
<ownerDesignName>Cristalería Andina S.A.</ownerDesignName>
<engineerTo>
<item key="69531EB3-E8DD-8C61-12EA-0BB9077E1461" value="true"/>
</engineerTo>
<useDomainConstraints>false</useDomainConstraints>
<use>1</use>
<logicalDatatype>LOGDT019</logicalDatatype>
<dataTypePrecision>3</dataTypePrecision>
<ownDataTypeParameters>,3,</ownDataTypeParameters>
</Attribute>
<Attribute name="fecha_programada" id="8AE52604-BD00-0D40-3207-7F33813B73E3">
<createdBy>pedro</createdBy>
<createdTime>2025-10-02 16:00:21 UTC</createdTime>
<ownerDesignName>Cristalería Andina S.A.</ownerDesignName>
<engineerTo>
<item key="69531EB3-E8DD-8C61-12EA-0BB9077E1461" value="true"/>
</engineerTo>
<useDomainConstraints>false</useDomainConstraints>
<use>1</use>
<logicalDatatype>LOGDT007</logicalDatatype>
<ownDataTypeParameters>,,</ownDataTypeParameters>
</Attribute>
<Attribute name="fecha_ejecucion" id="5767894F-F931-11DB-D171-57BF7134740F">
<createdBy>pedro</createdBy>
<createdTime>2025-10-02 16:01:08 UTC</createdTime>
<ownerDesignName>Cristalería Andina S.A.</ownerDesignName>
<engineerTo>
<item key="69531EB3-E8DD-8C61-12EA-0BB9077E1461" value="true"/>
</engineerTo>
<nullsAllowed>true</nullsAllowed>
<useDomainConstraints>false</useDomainConstraints>
<use>1</use>
<logicalDatatype>LOGDT007</logicalDatatype>
<ownDataTypeParameters>,,</ownDataTypeParameters>
</Attribute>
<Attribute name="descripcion" id="48D30E08-5840-D2A3-3735-A0EC782A9F63">
<createdBy>pedro</createdBy>
<createdTime>2025-10-02 16:01:56 UTC</createdTime>
<ownerDesignName>Cristalería Andina S.A.</ownerDesignName>
<engineerTo>
<item key="69531EB3-E8DD-8C61-12EA-0BB9077E1461" value="true"/>
</engineerTo>
<useDomainConstraints>false</useDomainConstraints>
<use>1</use>
<logicalDatatype>LOGDT024</logicalDatatype>
<dataTypeSize>400</dataTypeSize>
<ownDataTypeParameters>400,,</ownDataTypeParameters>
</Attribute>
<Attribute name="id_empleado" id="F3DE99E8-E2DB-E037-1756-F78FCC829101">
<createdBy>pedro</createdBy>
<createdTime>2025-10-02 16:29:33 UTC</createdTime>
<generatorID>660A95CD-7AA6-5C51-486F-C073488D7069</generatorID>
<ownerDesignName>Cristalería Andina S.A.</ownerDesignName>
<engineerTo>
<item key="69531EB3-E8DD-8C61-12EA-0BB9077E1461" value="true"/>
</engineerTo>
<referedAttribute>E64BBA1B-81E6-9132-B23E-69C67C64C4AB</referedAttribute>
<useDomainConstraints>false</useDomainConstraints>
<use>1</use>
<logicalDatatype>LOGDT019</logicalDatatype>
<dataTypePrecision>8</dataTypePrecision>
<ownDataTypeParameters>,8,</ownDataTypeParameters>
</Attribute>
<Attribute name="id_planta" id="18989652-27CA-2E8F-BF47-19BCB70E3C33">
<createdBy>pedro</createdBy>
<createdTime>2025-10-02 19:20:04 UTC</createdTime>
<generatorID>8F62D42C-4D98-2662-75F2-5D8BBD7C982F</generatorID>
<ownerDesignName>Cristalería Andina S.A.</ownerDesignName>
<engineerTo>
<item key="69531EB3-E8DD-8C61-12EA-0BB9077E1461" value="true"/>
</engineerTo>
<referedAttribute>4683DEDB-F25B-59DF-FB9C-F17A2A2CEA60</referedAttribute>
<useDomainConstraints>false</useDomainConstraints>
<use>1</use>
<logicalDatatype>LOGDT019</logicalDatatype>
<dataTypePrecision>3</dataTypePrecision>
<ownDataTypeParameters>,,</ownDataTypeParameters>
</Attribute>
<Attribute name="nro_maquina" id="3B2BA50C-F219-0E9E-FB4F-A1A0121C900F">
<createdBy>pedro</createdBy>
<createdTime>2025-10-02 19:20:05 UTC</createdTime>
<generatorID>8F62D42C-4D98-2662-75F2-5D8BBD7C982F</generatorID>
<ownerDesignName>Cristalería Andina S.A.</ownerDesignName>
<engineerTo>
<item key="69531EB3-E8DD-8C61-12EA-0BB9077E1461" value="true"/>
</engineerTo>
<referedAttribute>FCBACA66-A12E-7761-C52F-EA1E4EE2B7E6</referedAttribute>
<useDomainConstraints>false</useDomainConstraints>
<use>1</use>
<logicalDatatype>LOGDT019</logicalDatatype>
<dataTypePrecision>3</dataTypePrecision>
<ownDataTypeParameters>,,</ownDataTypeParameters>
</Attribute>
</attributes>
<identifiers itemClass="oracle.dbtools.crest.model.design.logical.CandidateKey">
<identifier id="8CFA1CDD-C7B0-AFF1-FF63-9D3A1752CCCE" name="ORDEN_MANTENCION PK">
<createdBy>pedro</createdBy>
<createdTime>2025-10-02 16:01:07 UTC</createdTime>
<ownerDesignName>Cristalería Andina S.A.</ownerDesignName>
<engineerTo>
<item key="69531EB3-E8DD-8C61-12EA-0BB9077E1461" value="true"/>
</engineerTo>
<pk>true</pk>
<usedAttributes>
<attributeRef>2613AC02-60A5-9ADC-5010-0D8D176B0A30</attributeRef>
</usedAttributes>
</identifier>
</identifiers>
</Entity>