<?xml version = '1.0' encoding = 'UTF-8'?>
<Entity class="oracle.dbtools.crest.model.design.logical.Entity" directorySegmentName="seg_0" id="94418F13-D6B2-4FFC-3377-C352BFD0C5C7" name="MAQUINA">
<createdBy>pedro</createdBy>
<createdTime>2025-10-02 15:34:54 UTC</createdTime>
<ownerDesignName>Cristalería Andina S.A.</ownerDesignName>
<engineerTo>
<item key="69531EB3-E8DD-8C61-12EA-0BB9077E1461" value="true"/>
</engineerTo>
<adequatelyNormalized>NO</adequatelyNormalized>
<expectedVolumes>0</expectedVolumes>
<fwdEngineeringStrategyName>Single Table</fwdEngineeringStrategyName>
<growthPercent>0</growthPercent>
<growthType>Year</growthType>
<maxVolumes>9999999</maxVolumes>
<minVolumes>0</minVolumes>
<normalForm>Third</normalForm>
<attributes itemClass="oracle.dbtools.crest.model.design.logical.Attribute">
<Attribute name="nro_maquina" id="FCBACA66-A12E-7761-C52F-EA1E4EE2B7E6">
<createdBy>pedro</createdBy>
<createdTime>2025-10-02 15:36:07 UTC</createdTime>
<ownerDesignName>Cristalería Andina S.A.</ownerDesignName>
<engineerTo>
<item key="69531EB3-E8DD-8C61-12EA-0BB9077E1461" value="true"/>
</engineerTo>
<useDomainConstraints>false</useDomainConstraints>
<use>1</use>
<logicalDatatype>LOGDT019</logicalDatatype>
<dataTypePrecision>3</dataTypePrecision>
<ownDataTypeParameters>,3,</ownDataTypeParameters>
</Attribute>
<Attribute name="nombre" id="2A565C3D-0824-96E8-CCAE-A4394CF8CD13">
<createdBy>pedro</createdBy>
<createdTime>2025-10-02 15:38:31 UTC</createdTime>
<ownerDesignName>Cristalería Andina S.A.</ownerDesignName>
<engineerTo>
<item key="69531EB3-E8DD-8C61-12EA-0BB9077E1461" value="true"/>
</engineerTo>
<useDomainConstraints>false</useDomainConstraints>
<use>1</use>
<logicalDatatype>LOGDT024</logicalDatatype>
<dataTypeSize>120</dataTypeSize>
<ownDataTypeParameters>120,,</ownDataTypeParameters>
</Attribute>
<Attribute name="activo" id="05800758-3A4F-C765-DF45-6399CAF055FA">
<createdBy>pedro</createdBy>
<createdTime>2025-10-02 15:38:56 UTC</createdTime>
<ownerDesignName>Cristalería Andina S.A.</ownerDesignName>
<engineerTo>
<item key="69531EB3-E8DD-8C61-12EA-0BB9077E1461" value="true"/>
</engineerTo>
<useDomainConstraints>false</useDomainConstraints>
<use>1</use>
<logicalDatatype>LOGDT025</logicalDatatype>
<dataTypeSize>1</dataTypeSize>
<ownDataTypeParameters>1,,</ownDataTypeParameters>
</Attribute>
<Attribute name="Attribute_1" id="23C22B25-A01F-8591-8E24-97E627CA8F00">
<createdBy>pedro</createdBy>
<createdTime>2025-10-02 16:12:40 UTC</createdTime>
<generatorID>7DD38FFD-759E-7AE5-0C5A-2473654A89BC</generatorID>
<ownerDesignName>Cristalería Andina S.A.</ownerDesignName>
<engineerTo>
<item key="69531EB3-E8DD-8C61-12EA-0BB9077E1461" value="true"/>
</engineerTo>
<referedAttribute>138A1611-03FC-4705-1DDE-3B6D376D3FAC</referedAttribute>
<use>0</use>
<ownDataTypeParameters>,,</ownDataTypeParameters>
</Attribute>
<Attribute name="id_planta" id="4683DEDB-F25B-59DF-FB9C-F17A2A2CEA60">
<createdBy>pedro</createdBy>
<createdTime>2025-10-02 16:12:40 UTC</createdTime>
<generatorID>7DD38FFD-759E-7AE5-0C5A-2473654A89BC</generatorID>
<ownerDesignName>Cristalería Andina S.A.</ownerDesignName>
<engineerTo>
<item key="69531EB3-E8DD-8C61-12EA-0BB9077E1461" value="true"/>
</engineerTo>
<referedAttribute>EAE1ABCF-040D-1E82-C0FF-55FAE6B78FD4</referedAttribute>
<useDomainConstraints>false</useDomainConstraints>
<use>1</use>
<logicalDatatype>LOGDT019</logicalDatatype>
<dataTypePrecision>3</dataTypePrecision>
<ownDataTypeParameters>,,</ownDataTypeParameters>
</Attribute>
<Attribute name="id_tipo_maquina" id="D11811F6-3087-BE51-B16B-506F1BBCB9FA">
<createdBy>pedro</createdBy>
<createdTime>2025-10-02 16:13:52 UTC</createdTime>
<generatorID>786294F0-7740-B144-5EE3-398A6326E8D2</generatorID>
<ownerDesignName>Cristalería Andina S.A.</ownerDesignName>
<engineerTo>
<item key="69531EB3-E8DD-8C61-12EA-0BB9077E1461" value="true"/>
</engineerTo>
<referedAttribute>5F4A710A-ECEA-907A-A1FC-2CE9A588AB74</referedAttribute>
<useDomainConstraints>false</useDomainConstraints>
<use>1</use>
<logicalDatatype>LOGDT019</logicalDatatype>
<dataTypePrecision>3</dataTypePrecision>
<ownDataTypeParameters>,3,</ownDataTypeParameters>
</Attribute>
</attributes>
<identifiers itemClass="oracle.dbtools.crest.model.design.logical.CandidateKey">
<identifier id="9D68F766-E123-BDAA-9134-BA6FC92B2B91" name="PK_MAQUINA">
<createdBy>pedro</createdBy>
<createdTime>2025-10-02 15:36:06 UTC</createdTime>
<ownerDesignName>Cristalería Andina S.A.</ownerDesignName>
<engineerTo>
<item key="69531EB3-E8DD-8C61-12EA-0BB9077E1461" value="true"/>
</engineerTo>
<pk>true</pk>
<newElementsIDs>4683DEDB-F25B-59DF-FB9C-F17A2A2CEA60,FCBACA66-A12E-7761-C52F-EA1E4EE2B7E6</newElementsIDs>
<usedAttributes>
<attributeRef>4683DEDB-F25B-59DF-FB9C-F17A2A2CEA60</attributeRef>
<attributeRef>FCBACA66-A12E-7761-C52F-EA1E4EE2B7E6</attributeRef>
</usedAttributes>
</identifier>
<identifier id="16EAF5F1-3463-7BB9-F7EE-C9804362D942" name="UN_MAQUINA_NRO_MAQUINA">
<createdBy>pedro</createdBy>
<createdTime>2025-10-02 15:39:52 UTC</createdTime>
<ownerDesignName>Cristalería Andina S.A.</ownerDesignName>
<engineerTo>
<item key="69531EB3-E8DD-8C61-12EA-0BB9077E1461" value="true"/>
</engineerTo>
<newElementsIDs>FCBACA66-A12E-7761-C52F-EA1E4EE2B7E6</newElementsIDs>
<usedAttributes>
<attributeRef>FCBACA66-A12E-7761-C52F-EA1E4EE2B7E6</attributeRef>
</usedAttributes>
</identifier>
</identifiers>
</Entity>