<?xml version = '1.0' encoding = 'UTF-8'?>
<Entity class="oracle.dbtools.crest.model.design.logical.Entity" directorySegmentName="seg_0" id="9B97E927-8552-857C-3766-0D90516BD1D4" name="TIPO_MAQUINA">
<createdBy>pedro</createdBy>
<createdTime>2025-10-02 15:22:28 UTC</createdTime>
<ownerDesignName>Cristalería Andina S.A.</ownerDesignName>
<engineerTo>
<item key="69531EB3-E8DD-8C61-12EA-0BB9077E1461" value="true"/>
</engineerTo>
<adequatelyNormalized>NO</adequatelyNormalized>
<expectedVolumes>0</expectedVolumes>
<fwdEngineeringStrategyName>Single Table</fwdEngineeringStrategyName>
<growthPercent>0</growthPercent>
<growthType>Year</growthType>
<maxVolumes>9999999</maxVolumes>
<minVolumes>0</minVolumes>
<normalForm>Third</normalForm>
<attributes itemClass="oracle.dbtools.crest.model.design.logical.Attribute">
<Attribute name="id_tipo_maquina" id="5F4A710A-ECEA-907A-A1FC-2CE9A588AB74">
<createdBy>pedro</createdBy>
<createdTime>2025-10-02 15:22:37 UTC</createdTime>
<ownerDesignName>Cristalería Andina S.A.</ownerDesignName>
<engineerTo>
<item key="69531EB3-E8DD-8C61-12EA-0BB9077E1461" value="true"/>
</engineerTo>
<useDomainConstraints>false</useDomainConstraints>
<use>1</use>
<logicalDatatype>LOGDT019</logicalDatatype>
<dataTypePrecision>3</dataTypePrecision>
<ownDataTypeParameters>,3,</ownDataTypeParameters>
</Attribute>
<Attribute name="nombre" id="16C95152-6340-0E86-9C02-E71BE57A28BE">
<createdBy>pedro</createdBy>
<createdTime>2025-10-02 15:23:22 UTC</createdTime>
<ownerDesignName>Cristalería Andina S.A.</ownerDesignName>
<engineerTo>
<item key="69531EB3-E8DD-8C61-12EA-0BB9077E1461" value="true"/>
</engineerTo>
<useDomainConstraints>false</useDomainConstraints>
<use>1</use>
<logicalDatatype>LOGDT024</logicalDatatype>
<dataTypeSize>80</dataTypeSize>
<ownDataTypeParameters>80,,</ownDataTypeParameters>
</Attribute>
</attributes>
<identifiers itemClass="oracle.dbtools.crest.model.design.logical.CandidateKey">
<identifier id="520B521A-34E6-0A78-295C-3A0413245C8C" name="PK_TIPO_MAQUINA">
<createdBy>pedro</createdBy>
<createdTime>2025-10-02 15:22:56 UTC</createdTime>
<ownerDesignName>Cristalería Andina S.A.</ownerDesignName>
<engineerTo>
<item key="69531EB3-E8DD-8C61-12EA-0BB9077E1461" value="true"/>
</engineerTo>
<pk>true</pk>
<newElementsIDs>5F4A710A-ECEA-907A-A1FC-2CE9A588AB74</newElementsIDs>
<usedAttributes>
<attributeRef>5F4A710A-ECEA-907A-A1FC-2CE9A588AB74</attributeRef>
</usedAttributes>
</identifier>
<identifier id="0131E550-2526-C00C-7D25-AEC5341C5856" name="UN_TIPO_MAQUINA_NOMBRE">
<createdBy>pedro</createdBy>
<createdTime>2025-10-02 15:23:31 UTC</createdTime>
<ownerDesignName>Cristalería Andina S.A.</ownerDesignName>
<engineerTo>
<item key="69531EB3-E8DD-8C61-12EA-0BB9077E1461" value="true"/>
</engineerTo>
<newElementsIDs>16C95152-6340-0E86-9C02-E71BE57A28BE</newElementsIDs>
<usedAttributes>
<attributeRef>16C95152-6340-0E86-9C02-E71BE57A28BE</attributeRef>
</usedAttributes>
</identifier>
</identifiers>
</Entity>