<?xml version = '1.0' encoding = 'UTF-8'?>
<Entity class="oracle.dbtools.crest.model.design.logical.Entity" directorySegmentName="seg_0" id="A9074A1F-8AE4-64B9-9F56-CE8450C0BE0D" name="COMUNA">
<createdBy>pedro</createdBy>
<createdTime>2025-10-02 15:16:37 UTC</createdTime>
<ownerDesignName>Cristalería Andina S.A.</ownerDesignName>
<engineerTo>
<item key="69531EB3-E8DD-8C61-12EA-0BB9077E1461" value="true"/>
</engineerTo>
<adequatelyNormalized>NO</adequatelyNormalized>
<expectedVolumes>0</expectedVolumes>
<fwdEngineeringStrategyName>Single Table</fwdEngineeringStrategyName>
<growthPercent>0</growthPercent>
<growthType>Year</growthType>
<maxVolumes>9999999</maxVolumes>
<minVolumes>0</minVolumes>
<normalForm>Third</normalForm>
<attributes itemClass="oracle.dbtools.crest.model.design.logical.Attribute">
<Attribute name="id_comuna" id="F97CAF49-50D3-50EE-6AA0-8F6EC4B54FE2">
<createdBy>pedro</createdBy>
<createdTime>2025-10-02 15:16:44 UTC</createdTime>
<ownerDesignName>Cristalería Andina S.A.</ownerDesignName>
<engineerTo>
<item key="69531EB3-E8DD-8C61-12EA-0BB9077E1461" value="true"/>
</engineerTo>
<useDomainConstraints>false</useDomainConstraints>
<use>1</use>
<logicalDatatype>LOGDT019</logicalDatatype>
<dataTypePrecision>4</dataTypePrecision>
<ownDataTypeParameters>,4,</ownDataTypeParameters>
</Attribute>
<Attribute name="nombre" id="D87B2177-2249-C5E5-BAEE-3CD71440773B">
<createdBy>pedro</createdBy>
<createdTime>2025-10-02 15:17:00 UTC</createdTime>
<ownerDesignName>Cristalería Andina S.A.</ownerDesignName>
<engineerTo>
<item key="69531EB3-E8DD-8C61-12EA-0BB9077E1461" value="true"/>
</engineerTo>
<useDomainConstraints>false</useDomainConstraints>
<use>1</use>
<logicalDatatype>LOGDT024</logicalDatatype>
<dataTypeSize>120</dataTypeSize>
<ownDataTypeParameters>120,,</ownDataTypeParameters>
</Attribute>
<Attribute name="id_region" id="05CBA365-F2A7-C59D-B23F-61D0B81B89EE">
<createdBy>pedro</createdBy>
<createdTime>2025-10-02 16:06:55 UTC</createdTime>
<generatorID>F061DE04-FD35-FEB5-C031-8BFDDC502A49</generatorID>
<ownerDesignName>Cristalería Andina S.A.</ownerDesignName>
<engineerTo>
<item key="69531EB3-E8DD-8C61-12EA-0BB9077E1461" value="true"/>
</engineerTo>
<referedAttribute>DF15FA91-1FD1-B051-BD0B-E22A53F02289</referedAttribute>
<useDomainConstraints>false</useDomainConstraints>
<use>1</use>
<logicalDatatype>LOGDT019</logicalDatatype>
<dataTypePrecision>3</dataTypePrecision>
<ownDataTypeParameters>,3,</ownDataTypeParameters>
</Attribute>
</attributes>
<identifiers itemClass="oracle.dbtools.crest.model.design.logical.CandidateKey">
<identifier id="8BEE8798-0E03-1F10-4134-DE25303C2ED3" name="PK_COMUNA">
<createdBy>pedro</createdBy>
<createdTime>2025-10-02 15:16:59 UTC</createdTime>
<ownerDesignName>Cristalería Andina S.A.</ownerDesignName>
<engineerTo>
<item key="69531EB3-E8DD-8C61-12EA-0BB9077E1461" value="true"/>
</engineerTo>
<pk>true</pk>
<newElementsIDs>F97CAF49-50D3-50EE-6AA0-8F6EC4B54FE2</newElementsIDs>
<usedAttributes>
<attributeRef>F97CAF49-50D3-50EE-6AA0-8F6EC4B54FE2</attributeRef>
</usedAttributes>
</identifier>
</identifiers>
</Entity>