<?xml version = '1.0' encoding = 'UTF-8'?>
<Entity class="oracle.dbtools.crest.model.design.logical.Entity" directorySegmentName="seg_0" id="AEC38F47-2E21-A078-7613-67D00D497D20" name="AFP">
<createdBy>pedro</createdBy>
<createdTime>2025-10-02 15:20:05 UTC</createdTime>
<ownerDesignName>Cristalería Andina S.A.</ownerDesignName>
<engineerTo>
<item key="69531EB3-E8DD-8C61-12EA-0BB9077E1461" value="true"/>
</engineerTo>
<adequatelyNormalized>NO</adequatelyNormalized>
<expectedVolumes>0</expectedVolumes>
<fwdEngineeringStrategyName>Single Table</fwdEngineeringStrategyName>
<growthPercent>0</growthPercent>
<growthType>Year</growthType>
<maxVolumes>9999999</maxVolumes>
<minVolumes>0</minVolumes>
<normalForm>Third</normalForm>
<attributes itemClass="oracle.dbtools.crest.model.design.logical.Attribute">
<Attribute name="id_afp" id="29241C9F-21A2-BB43-2594-BE65A73DEFDE">
<createdBy>pedro</createdBy>
<createdTime>2025-10-02 15:20:36 UTC</createdTime>
<ownerDesignName>Cristalería Andina S.A.</ownerDesignName>
<engineerTo>
<item key="69531EB3-E8DD-8C61-12EA-0BB9077E1461" value="true"/>
</engineerTo>
<useDomainConstraints>false</useDomainConstraints>
<use>1</use>
<logicalDatatype>LOGDT019</logicalDatatype>
<dataTypePrecision>3</dataTypePrecision>
<ownDataTypeParameters>,3,</ownDataTypeParameters>
</Attribute>
<Attribute name="nombre" id="949813B6-AC93-B49F-D05B-CDBC0A18AFF5">
<createdBy>pedro</createdBy>
<createdTime>2025-10-02 15:21:07 UTC</createdTime>
<ownerDesignName>Cristalería Andina S.A.</ownerDesignName>
<engineerTo>
<item key="69531EB3-E8DD-8C61-12EA-0BB9077E1461" value="true"/>
</engineerTo>
<useDomainConstraints>false</useDomainConstraints>
<use>1</use>
<logicalDatatype>LOGDT024</logicalDatatype>
<dataTypeSize>80</dataTypeSize>
<ownDataTypeParameters>80,,</ownDataTypeParameters>
</Attribute>
</attributes>
<identifiers itemClass="oracle.dbtools.crest.model.design.logical.CandidateKey">
<identifier id="F0261A6A-55BF-8537-AD37-09FF6DD36F07" name="PK_AFP">
<createdBy>pedro</createdBy>
<createdTime>2025-10-02 15:20:55 UTC</createdTime>
<ownerDesignName>Cristalería Andina S.A.</ownerDesignName>
<engineerTo>
<item key="69531EB3-E8DD-8C61-12EA-0BB9077E1461" value="true"/>
</engineerTo>
<pk>true</pk>
<newElementsIDs>29241C9F-21A2-BB43-2594-BE65A73DEFDE</newElementsIDs>
<usedAttributes>
<attributeRef>29241C9F-21A2-BB43-2594-BE65A73DEFDE</attributeRef>
</usedAttributes>
</identifier>
<identifier id="58E4EF42-A1BA-9E62-9633-B443B5C74BF9" name="UN_AFP_NOMBRE">
<createdBy>pedro</createdBy>
<createdTime>2025-10-02 15:21:42 UTC</createdTime>
<ownerDesignName>Cristalería Andina S.A.</ownerDesignName>
<engineerTo>
<item key="69531EB3-E8DD-8C61-12EA-0BB9077E1461" value="true"/>
</engineerTo>
<newElementsIDs>949813B6-AC93-B49F-D05B-CDBC0A18AFF5</newElementsIDs>
</identifier>
</identifiers>
</Entity>