<?xml version = '1.0' encoding = 'UTF-8'?>
<Entity class="oracle.dbtools.crest.model.design.logical.Entity" directorySegmentName="seg_0" id="C58A123A-F6BA-08A3-8202-30C229D2E0EE" name="TURNO">
<createdBy>pedro</createdBy>
<createdTime>2025-10-02 15:25:04 UTC</createdTime>
<ownerDesignName>Cristalería Andina S.A.</ownerDesignName>
<engineerTo>
<item key="69531EB3-E8DD-8C61-12EA-0BB9077E1461" value="true"/>
</engineerTo>
<adequatelyNormalized>NO</adequatelyNormalized>
<expectedVolumes>0</expectedVolumes>
<fwdEngineeringStrategyName>Single Table</fwdEngineeringStrategyName>
<growthPercent>0</growthPercent>
<growthType>Year</growthType>
<maxVolumes>9999999</maxVolumes>
<minVolumes>0</minVolumes>
<normalForm>Third</normalForm>
<attributes itemClass="oracle.dbtools.crest.model.design.logical.Attribute">
<Attribute name="id_turno" id="A0659B28-2317-5221-FED9-4B0354F75BE5">
<createdBy>pedro</createdBy>
<createdTime>2025-10-02 15:25:16 UTC</createdTime>
<ownerDesignName>Cristalería Andina S.A.</ownerDesignName>
<engineerTo>
<item key="69531EB3-E8DD-8C61-12EA-0BB9077E1461" value="true"/>
</engineerTo>
<useDomainConstraints>false</useDomainConstraints>
<use>1</use>
<logicalDatatype>LOGDT024</logicalDatatype>
<dataTypeSize>5</dataTypeSize>
<ownDataTypeParameters>5,,</ownDataTypeParameters>
</Attribute>
<Attribute name="nombre" id="62BC34E2-ECF7-BDFF-429E-0C1DE651393C">
<createdBy>pedro</createdBy>
<createdTime>2025-10-02 15:27:05 UTC</createdTime>
<ownerDesignName>Cristalería Andina S.A.</ownerDesignName>
<engineerTo>
<item key="69531EB3-E8DD-8C61-12EA-0BB9077E1461" value="true"/>
</engineerTo>
<useDomainConstraints>false</useDomainConstraints>
<use>1</use>
<logicalDatatype>LOGDT024</logicalDatatype>
<dataTypeSize>40</dataTypeSize>
<ownDataTypeParameters>40,,</ownDataTypeParameters>
</Attribute>
<Attribute name="hora_inicio" id="12C1F409-B816-A202-53B0-6117FB56F0FD">
<createdBy>pedro</createdBy>
<createdTime>2025-10-02 15:28:16 UTC</createdTime>
<ownerDesignName>Cristalería Andina S.A.</ownerDesignName>
<engineerTo>
<item key="69531EB3-E8DD-8C61-12EA-0BB9077E1461" value="true"/>
</engineerTo>
<useDomainConstraints>false</useDomainConstraints>
<use>1</use>
<logicalDatatype>LOGDT024</logicalDatatype>
<dataTypeSize>5</dataTypeSize>
<ownDataTypeParameters>5,,</ownDataTypeParameters>
</Attribute>
<Attribute name="hora_final" id="509DBDB2-7EA6-1DFF-8F3E-F13080DDBDBA">
<createdBy>pedro</createdBy>
<createdTime>2025-10-02 15:28:36 UTC</createdTime>
<ownerDesignName>Cristalería Andina S.A.</ownerDesignName>
<engineerTo>
<item key="69531EB3-E8DD-8C61-12EA-0BB9077E1461" value="true"/>
</engineerTo>
<useDomainConstraints>false</useDomainConstraints>
<use>1</use>
<logicalDatatype>LOGDT024</logicalDatatype>
<dataTypeSize>5</dataTypeSize>
<ownDataTypeParameters>5,,</ownDataTypeParameters>
</Attribute>
</attributes>
<identifiers itemClass="oracle.dbtools.crest.model.design.logical.CandidateKey">
<identifier id="45B01F2F-84CE-9E62-164C-ACFD982D3533" name="PK_TURNO">
<createdBy>pedro</createdBy>
<createdTime>2025-10-02 15:27:02 UTC</createdTime>
<ownerDesignName>Cristalería Andina S.A.</ownerDesignName>
<engineerTo>
<item key="69531EB3-E8DD-8C61-12EA-0BB9077E1461" value="true"/>
</engineerTo>
<pk>true</pk>
<newElementsIDs>A0659B28-2317-5221-FED9-4B0354F75BE5</newElementsIDs>
<usedAttributes>
<attributeRef>A0659B28-2317-5221-FED9-4B0354F75BE5</attributeRef>
</usedAttributes>
</identifier>
<identifier id="8D081416-D89C-A180-8B82-8592095E3F71" name="UN_TURNO_NOMBRE">
<createdBy>pedro</createdBy>
<createdTime>2025-10-02 15:27:50 UTC</createdTime>
<ownerDesignName>Cristalería Andina S.A.</ownerDesignName>
<engineerTo>
<item key="69531EB3-E8DD-8C61-12EA-0BB9077E1461" value="true"/>
</engineerTo>
<newElementsIDs>62BC34E2-ECF7-BDFF-429E-0C1DE651393C</newElementsIDs>
</identifier>
</identifiers>
</Entity>