<?xml version = '1.0' encoding = 'UTF-8'?>
<Arc class="oracle.dbtools.crest.model.design.logical.Arc" directorySegmentName="seg_0" id="549B98C8-C098-EB9B-5268-C1EAA025A963" name="Arc_1">
<createdBy>pedro</createdBy>
<createdTime>2025-10-02 16:03:23 UTC</createdTime>
<ownerDesignName>Cristalería Andina S.A.</ownerDesignName>
<engineerTo>
<item key="69531EB3-E8DD-8C61-12EA-0BB9077E1461" value="true"/>
</engineerTo>
<entity>2B5A93CA-E0F8-86A3-266A-FD2AF5183458</entity>
<relations>
<relationID>861809BC-8DDA-8232-695D-963F6AFCAFBB</relationID>
<relationID>B76D64AE-1162-6212-388D-AC7814775807</relationID>
<relationID>12F55B5F-34C8-43D7-ED99-33A3B9E4080C</relationID>
</relations>
</Arc>