<?xml version = '1.0' encoding = 'UTF-8'?>
<Diagram class="oracle.dbtools.crest.swingui.logical.DPVLogical" name="Logical" id="BC40272A-E369-CE30-EE1F-2C130F0C4244">
<createdBy>pedro</createdBy>
<modifiedBy>pedro</modifiedBy>
<createdTime>2025-08-16 18:36:10 UTC</createdTime>
<autoRoute>false</autoRoute>
<boxInbox>true</boxInbox>
<showLegend>false</showLegend>
<showLabels>false</showLabels>
<showRelAttributes>false</showRelAttributes>
<gridEnabled>false</gridEnabled>
<showGrid>false</showGrid>
<diagramColor>-1</diagramColor>
<display>false</display>
<notation>0</notation>
<objectViews>
<OView class="oracle.dbtools.crest.swingui.logical.TVEntity" oid="6FBC20B1-521B-56BD-551F-1754B22781C7" otype="Entity" vid="0A63B42E-5E17-2F7B-B4D1-2D623EFE2884">
<hideElementsInCurrentOnly>false</hideElementsInCurrentOnly>
<bounds x="347" y="147" width="170" height="97"/>
</OView>
<OView class="oracle.dbtools.crest.swingui.logical.TVEntity" oid="A3FC1A3E-A8DA-2ECF-C20D-9F9E2CF6C97E" otype="Entity" vid="39FB34BC-7A68-C8B6-7B79-66BD9E57F243">
<hideElementsInCurrentOnly>false</hideElementsInCurrentOnly>
<bounds x="126" y="145" width="192" height="179"/>
</OView>
<OView class="oracle.dbtools.crest.swingui.logical.TVEntity" oid="A8B116BE-987A-1C40-B0E4-AB98628C29AF" otype="Entity" vid="12ABB8D0-EC3B-E018-C9DE-39824E9074D8">
<hideElementsInCurrentOnly>false</hideElementsInCurrentOnly>
<bounds x="347" y="293" width="170" height="115"/>
</OView>
<OView class="oracle.dbtools.crest.swingui.logical.TVEntity" oid="F92ACB6D-1328-9B3A-029F-593F4B745412" otype="Entity" vid="1242AF3F-CA61-D6AF-F44D-DC049C524366">
<hideElementsInCurrentOnly>false</hideElementsInCurrentOnly>
<bounds x="558" y="148" width="193" height="143"/>
</OView>
</objectViews>
</Diagram>