<?xml version = '1.0' encoding = 'UTF-8'?>
<Diagram class="oracle.dbtools.crest.swingui.relational.DPVRelational" name="Relational_1" id="82CC6E67-AFF6-5F16-1C00-A8F7AA528DC6">
<createdBy>pedro</createdBy>
<modifiedBy>pedro</modifiedBy>
<createdTime>2025-09-12 00:25:15 UTC</createdTime>
<autoRoute>false</autoRoute>
<boxInbox>true</boxInbox>
<showLegend>false</showLegend>
<showLabels>false</showLabels>
<showRelAttributes>false</showRelAttributes>
<gridEnabled>false</gridEnabled>
<showGrid>false</showGrid>
<diagramColor>-1</diagramColor>
<display>false</display>
<notation>1</notation>
<objectViews>
<OView class="oracle.dbtools.crest.swingui.relational.TVTable" oid="19F048A7-BA83-2630-0167-F338F707EC85" otype="Table" vid="2A5BE501-FBB4-16CF-2A64-A5999909D096">
<hideElementsInCurrentOnly>false</hideElementsInCurrentOnly>
<bounds x="1208" y="420" width="219" height="89"/>
</OView>
<OView class="oracle.dbtools.crest.swingui.relational.TVTable" oid="240542B9-AF51-7577-EEA2-44A57ED68009" otype="Table" vid="0AFBF1A2-1483-1FDD-0C98-96CD49F9AADF">
<hideElementsInCurrentOnly>false</hideElementsInCurrentOnly>
<bounds x="407" y="139" width="342" height="291"/>
</OView>
<OView class="oracle.dbtools.crest.swingui.relational.TVTable" oid="588E99D6-CC85-DC21-C1ED-754C2A8389E3" otype="Table" vid="59A88C6F-5734-D5A4-2A1B-48C3C154699B">
<hideElementsInCurrentOnly>false</hideElementsInCurrentOnly>
<bounds x="443" y="0" width="631" height="103"/>
</OView>
<OView class="oracle.dbtools.crest.swingui.relational.TVTable" oid="74C8AB91-A6EA-6631-2278-20F1DCCFB48B" otype="Table" vid="AF0209CF-F632-E84F-BB98-7F72888F137C">
<hideElementsInCurrentOnly>false</hideElementsInCurrentOnly>
<bounds x="104" y="319" width="217" height="89"/>
</OView>
<OView class="oracle.dbtools.crest.swingui.relational.TVTable" oid="86ECF54A-CC93-5520-A04C-247AB390722A" otype="Table" vid="8532F4D7-584C-1BA3-07EE-691E08779640">
<hideElementsInCurrentOnly>false</hideElementsInCurrentOnly>
<bounds x="143" y="215" width="176" height="89"/>
</OView>
<OView class="oracle.dbtools.crest.swingui.relational.TVTable" oid="8F3ED148-2E5E-9F71-067C-71119D1AD66D" otype="Table" vid="CD2D822D-82B3-0C94-5B43-3DE2CAA09525">
<hideElementsInCurrentOnly>false</hideElementsInCurrentOnly>
<bounds x="1077" y="538" width="360" height="150"/>
</OView>
<OView class="oracle.dbtools.crest.swingui.relational.TVTable" oid="922FBDBE-1095-E958-F71C-C3484AEC8D8E" otype="Table" vid="58314EED-0F4A-6483-D0C8-73997949319A">
<hideElementsInCurrentOnly>false</hideElementsInCurrentOnly>
<bounds x="134" y="422" width="189" height="89"/>
</OView>
<OView class="oracle.dbtools.crest.swingui.relational.TVTable" oid="928D25D0-B974-0582-E223-CA14D46DDE67" otype="Table" vid="CDD679AD-E9AD-EC4B-0889-78AFC44FB47A">
<hideElementsInCurrentOnly>false</hideElementsInCurrentOnly>
<bounds x="1237" y="102" width="182" height="89"/>
</OView>
<OView class="oracle.dbtools.crest.swingui.relational.TVTable" oid="99BC4364-1024-831F-780F-D65C01DFE8C5" otype="Table" vid="00D623A0-B0C4-B205-6806-1772B7D852C8">
<hideElementsInCurrentOnly>false</hideElementsInCurrentOnly>
<bounds x="771" y="141" width="330" height="289"/>
</OView>
<OView class="oracle.dbtools.crest.swingui.relational.TVTable" oid="B7AFD83F-B2C9-C018-7102-CEDC20559A5B" otype="Table" vid="69BED2BE-0DE3-F8FE-1599-1EDDC37D03FC">
<hideElementsInCurrentOnly>false</hideElementsInCurrentOnly>
<bounds x="512" y="479" width="508" height="207"/>
</OView>
<OView class="oracle.dbtools.crest.swingui.relational.TVTable" oid="C22D5AC8-5D79-8D65-5E30-A080C7A5C890" otype="Table" vid="4F253420-74B3-E7D3-5BBA-2DC2C9F6FFA1">
<hideElementsInCurrentOnly>false</hideElementsInCurrentOnly>
<bounds x="154" y="114" width="165" height="89"/>
</OView>
<OView class="oracle.dbtools.crest.swingui.relational.TVTable" oid="D4F062B0-1CF0-A505-12C6-019C274066A0" otype="Table" vid="89FAD33D-BE8B-4A44-2F51-86ECBF508D4E">
<hideElementsInCurrentOnly>false</hideElementsInCurrentOnly>
<bounds x="1203" y="246" width="245" height="123"/>
</OView>
<OView class="oracle.dbtools.crest.swingui.relational.TVTable" oid="EA035234-0A65-A668-AB30-82A7904312C3" otype="Table" vid="B775DD1E-4F1D-63B6-2BB7-31773CB47A0B">
<hideElementsInCurrentOnly>false</hideElementsInCurrentOnly>
<bounds x="41" y="534" width="374" height="150"/>
</OView>
</objectViews>
<connectors>
<Connector class="oracle.dbtools.crest.swingui.relational.TVFKRelation" oid="0782A0B7-DA64-8FCB-3279-DBCEF924EF3A" otype="FKIndexAssociation" vid_source="0AFBF1A2-1483-1FDD-0C98-96CD49F9AADF" vid_target="69BED2BE-0DE3-F8FE-1599-1EDDC37D03FC">
<hideElementsInCurrentOnly>false</hideElementsInCurrentOnly>
<backgroundColor>-16777216</backgroundColor>
<lineWidth>1</lineWidth>
<points>
<point x="630" y="430"/>
<point x="630" y="479"/>
</points>
</Connector>
<Connector class="oracle.dbtools.crest.swingui.relational.TVFKRelation" oid="10EB2340-0FA0-E4DA-0E81-1A10091E09E4" otype="FKIndexAssociation" vid_source="59A88C6F-5734-D5A4-2A1B-48C3C154699B" vid_target="0AFBF1A2-1483-1FDD-0C98-96CD49F9AADF">
<hideElementsInCurrentOnly>false</hideElementsInCurrentOnly>
<backgroundColor>-16777216</backgroundColor>
<lineWidth>1</lineWidth>
<points>
<point x="596" y="103"/>
<point x="596" y="139"/>
</points>
</Connector>
<Connector class="oracle.dbtools.crest.swingui.relational.TVFKRelation" oid="23A2A424-E547-8C37-A4B7-C2FF02F2F9AE" otype="FKIndexAssociation" vid_source="AF0209CF-F632-E84F-BB98-7F72888F137C" vid_target="0AFBF1A2-1483-1FDD-0C98-96CD49F9AADF">
<hideElementsInCurrentOnly>false</hideElementsInCurrentOnly>
<backgroundColor>-16777216</backgroundColor>
<lineWidth>1</lineWidth>
<points>
<point x="321" y="363"/>
<point x="407" y="363"/>
</points>
</Connector>
<Connector class="oracle.dbtools.crest.swingui.relational.TVFKRelation" oid="291AA6AD-5CCF-B998-C056-291930D272E7" otype="FKIndexAssociation" vid_source="69BED2BE-0DE3-F8FE-1599-1EDDC37D03FC" vid_target="B775DD1E-4F1D-63B6-2BB7-31773CB47A0B">
<hideElementsInCurrentOnly>false</hideElementsInCurrentOnly>
<backgroundColor>-16777216</backgroundColor>
<lineWidth>1</lineWidth>
<points>
<point x="512" y="609"/>
<point x="415" y="609"/>
</points>
</Connector>
<Connector class="oracle.dbtools.crest.swingui.relational.TVFKRelation" oid="8C722125-ED86-E6DD-0D7A-88A2BE5F2C32" otype="FKIndexAssociation" vid_source="CDD679AD-E9AD-EC4B-0889-78AFC44FB47A" vid_target="89FAD33D-BE8B-4A44-2F51-86ECBF508D4E">
<hideElementsInCurrentOnly>false</hideElementsInCurrentOnly>
<backgroundColor>-16777216</backgroundColor>
<lineWidth>1</lineWidth>
<points>
<point x="1328" y="191"/>
<point x="1328" y="246"/>
</points>
</Connector>
<Connector class="oracle.dbtools.crest.swingui.relational.TVFKRelation" oid="A219AF90-FFB9-24B6-B5BA-C884CCD135D0" otype="FKIndexAssociation" vid_source="8532F4D7-584C-1BA3-07EE-691E08779640" vid_target="0AFBF1A2-1483-1FDD-0C98-96CD49F9AADF">
<hideElementsInCurrentOnly>false</hideElementsInCurrentOnly>
<backgroundColor>-16777216</backgroundColor>
<lineWidth>1</lineWidth>
<points>
<point x="319" y="259"/>
<point x="407" y="259"/>
</points>
</Connector>
<Connector class="oracle.dbtools.crest.swingui.relational.TVFKRelation" oid="B4B94E1A-D2F4-96DC-72C0-B354DB04D3EB" otype="FKIndexAssociation" vid_source="89FAD33D-BE8B-4A44-2F51-86ECBF508D4E" vid_target="00D623A0-B0C4-B205-6806-1772B7D852C8">
<hideElementsInCurrentOnly>false</hideElementsInCurrentOnly>
<backgroundColor>-16777216</backgroundColor>
<lineWidth>1</lineWidth>
<points>
<point x="1203" y="307"/>
<point x="1101" y="307"/>
</points>
</Connector>
<Connector class="oracle.dbtools.crest.swingui.relational.TVFKRelation" oid="BC586890-AEED-626C-FEE6-B3C11F221019" otype="FKIndexAssociation" vid_source="58314EED-0F4A-6483-D0C8-73997949319A" vid_target="0AFBF1A2-1483-1FDD-0C98-96CD49F9AADF">
<hideElementsInCurrentOnly>false</hideElementsInCurrentOnly>
<backgroundColor>-16777216</backgroundColor>
<lineWidth>1</lineWidth>
<points>
<point x="323" y="426"/>
<point x="407" y="426"/>
</points>
</Connector>
<Connector class="oracle.dbtools.crest.swingui.relational.TVFKRelation" oid="C4BAE11D-2338-555A-93CF-9D168FAF1887" otype="FKIndexAssociation" vid_source="59A88C6F-5734-D5A4-2A1B-48C3C154699B" vid_target="00D623A0-B0C4-B205-6806-1772B7D852C8">
<hideElementsInCurrentOnly>false</hideElementsInCurrentOnly>
<backgroundColor>-16777216</backgroundColor>
<lineWidth>1</lineWidth>
<points>
<point x="922" y="103"/>
<point x="922" y="141"/>
</points>
</Connector>
<Connector class="oracle.dbtools.crest.swingui.relational.TVFKRelation" oid="C83CF6E4-BC20-A425-DE72-A7A3228724D1" otype="FKIndexAssociation" vid_source="69BED2BE-0DE3-F8FE-1599-1EDDC37D03FC" vid_target="69BED2BE-0DE3-F8FE-1599-1EDDC37D03FC">
<hideElementsInCurrentOnly>false</hideElementsInCurrentOnly>
<backgroundColor>-16777216</backgroundColor>
<lineWidth>1</lineWidth>
<points>
<point x="1020" y="648"/>
<point x="1046" y="648"/>
<point x="1045" y="711"/>
<point x="990" y="712"/>
<point x="990" y="686"/>
</points>
</Connector>
<Connector class="oracle.dbtools.crest.swingui.relational.TVFKRelation" oid="C88F727B-5FDA-FC21-686D-C363D5DB29D5" otype="FKIndexAssociation" vid_source="2A5BE501-FBB4-16CF-2A64-A5999909D096" vid_target="00D623A0-B0C4-B205-6806-1772B7D852C8">
<hideElementsInCurrentOnly>false</hideElementsInCurrentOnly>
<backgroundColor>-16777216</backgroundColor>
<lineWidth>1</lineWidth>
<points>
<point x="1208" y="425"/>
<point x="1101" y="425"/>
</points>
</Connector>
<Connector class="oracle.dbtools.crest.swingui.relational.TVFKRelation" oid="CF7CF572-B3F7-EB48-33CB-E8FD6295305A" otype="FKIndexAssociation" vid_source="4F253420-74B3-E7D3-5BBA-2DC2C9F6FFA1" vid_target="0AFBF1A2-1483-1FDD-0C98-96CD49F9AADF">
<hideElementsInCurrentOnly>false</hideElementsInCurrentOnly>
<backgroundColor>-16777216</backgroundColor>
<lineWidth>1</lineWidth>
<points>
<point x="319" y="171"/>
<point x="407" y="171"/>
</points>
</Connector>
<Connector class="oracle.dbtools.crest.swingui.relational.TVFKRelation" oid="EB6E0646-E605-10FA-9E2E-737E88270A5C" otype="FKIndexAssociation" vid_source="69BED2BE-0DE3-F8FE-1599-1EDDC37D03FC" vid_target="CD2D822D-82B3-0C94-5B43-3DE2CAA09525">
<hideElementsInCurrentOnly>false</hideElementsInCurrentOnly>
<backgroundColor>-16777216</backgroundColor>
<lineWidth>1</lineWidth>
<points>
<point x="1020" y="612"/>
<point x="1077" y="612"/>
</points>
</Connector>
<Connector class="oracle.dbtools.crest.swingui.relational.TVFKRelation" oid="FB3AD1EC-F4C2-0DAA-B791-FDDF94584A63" otype="FKIndexAssociation" vid_source="00D623A0-B0C4-B205-6806-1772B7D852C8" vid_target="69BED2BE-0DE3-F8FE-1599-1EDDC37D03FC">
<hideElementsInCurrentOnly>false</hideElementsInCurrentOnly>
<backgroundColor>-16777216</backgroundColor>
<lineWidth>1</lineWidth>
<points>
<point x="895" y="430"/>
<point x="895" y="479"/>
</points>
</Connector>
</connectors>
</Diagram>