<?xml version = '1.0' encoding = 'UTF-8'?>
<Entity class="oracle.dbtools.crest.model.design.logical.Entity" directorySegmentName="seg_0" id="1B59BEB7-0CEA-D077-A75E-CD64CA1145A9" name="PAGO_ATENCION">
<createdBy>pedro</createdBy>
<createdTime>2025-09-11 22:04:13 UTC</createdTime>
<ownerDesignName>Sumativa2</ownerDesignName>
<engineerTo>
<item key="57EDCA66-0BAB-C4ED-C0EC-25508BE0B2FC" value="true"/>
</engineerTo>
<adequatelyNormalized>NO</adequatelyNormalized>
<expectedVolumes>0</expectedVolumes>
<fwdEngineeringStrategyName>Single Table</fwdEngineeringStrategyName>
<growthPercent>0</growthPercent>
<growthType>Year</growthType>
<maxVolumes>9999999</maxVolumes>
<minVolumes>0</minVolumes>
<normalForm>Third</normalForm>
<attributes itemClass="oracle.dbtools.crest.model.design.logical.Attribute">
<Attribute name="id_pago" id="F168C017-FB7E-40CA-AEC4-31038BF23E7A">
<createdBy>pedro</createdBy>
<createdTime>2025-09-11 22:04:25 UTC</createdTime>
<ownerDesignName>Sumativa2</ownerDesignName>
<engineerTo>
<item key="57EDCA66-0BAB-C4ED-C0EC-25508BE0B2FC" value="true"/>
</engineerTo>
<useDomainConstraints>false</useDomainConstraints>
<use>1</use>
<logicalDatatype>LOGDT019</logicalDatatype>
<dataTypePrecision>6</dataTypePrecision>
<ownDataTypeParameters>,6,</ownDataTypeParameters>
</Attribute>
<Attribute name="tipo_pago" id="14F695F6-82DF-62B9-6AA9-B27CBCB72108">
<createdBy>pedro</createdBy>
<createdTime>2025-09-12 00:02:23 UTC</createdTime>
<ownerDesignName>Sumativa2</ownerDesignName>
<engineerTo>
<item key="57EDCA66-0BAB-C4ED-C0EC-25508BE0B2FC" value="true"/>
</engineerTo>
<constraintName>CK_PAGO_TIPO</constraintName>
<useDomainConstraints>false</useDomainConstraints>
<use>1</use>
<logicalDatatype>LOGDT024</logicalDatatype>
<dataTypeSize>12</dataTypeSize>
<listOfValues>
<valueDef value="&quot;convenio&quot;" description=""/>
<valueDef value="&quot;efectivo&quot;" description=""/>
<valueDef value="&quot;tarjerta&quot;" description=""/>
</listOfValues>
<ownDataTypeParameters>12,,</ownDataTypeParameters>
</Attribute>
<Attribute name="monto" id="714AFBB9-9666-2490-32EF-703716E5B833">
<createdBy>pedro</createdBy>
<createdTime>2025-09-11 22:05:23 UTC</createdTime>
<ownerDesignName>Sumativa2</ownerDesignName>
<engineerTo>
<item key="57EDCA66-0BAB-C4ED-C0EC-25508BE0B2FC" value="true"/>
</engineerTo>
<useDomainConstraints>false</useDomainConstraints>
<use>1</use>
<logicalDatatype>LOGDT019</logicalDatatype>
<dataTypePrecision>12</dataTypePrecision>
<ownDataTypeParameters>,12,</ownDataTypeParameters>
</Attribute>
<Attribute name="f_pago" id="D9633C75-082C-3D0E-8FCE-C442648964B6">
<createdBy>pedro</createdBy>
<createdTime>2025-09-11 22:05:14 UTC</createdTime>
<ownerDesignName>Sumativa2</ownerDesignName>
<engineerTo>
<item key="57EDCA66-0BAB-C4ED-C0EC-25508BE0B2FC" value="true"/>
</engineerTo>
<useDomainConstraints>false</useDomainConstraints>
<use>1</use>
<logicalDatatype>LOGDT007</logicalDatatype>
<ownDataTypeParameters>,,</ownDataTypeParameters>
</Attribute>
<Attribute name="id_atencion" id="526725DF-008F-26A4-0340-2B42E9DB48E5">
<createdBy>pedro</createdBy>
<createdTime>2025-09-11 22:06:55 UTC</createdTime>
<generatorID>E6A9C929-E882-AB1D-07B9-81DE0D72C77C</generatorID>
<ownerDesignName>Sumativa2</ownerDesignName>
<engineerTo>
<item key="57EDCA66-0BAB-C4ED-C0EC-25508BE0B2FC" value="true"/>
</engineerTo>
<referedAttribute>B36FA756-0D1D-EE83-9C00-BD859CAA81C0</referedAttribute>
<useDomainConstraints>false</useDomainConstraints>
<use>1</use>
<logicalDatatype>LOGDT019</logicalDatatype>
<ownDataTypeParameters>,,</ownDataTypeParameters>
</Attribute>
</attributes>
<identifiers itemClass="oracle.dbtools.crest.model.design.logical.CandidateKey">
<identifier id="5CC2A272-76CE-DA96-6D16-2EB4A3D361DA" name="PAGO_ATENCION PK">
<createdBy>pedro</createdBy>
<createdTime>2025-09-11 22:04:30 UTC</createdTime>
<ownerDesignName>Sumativa2</ownerDesignName>
<shouldEngineer>false</shouldEngineer>
<engineerTo>
<item key="57EDCA66-0BAB-C4ED-C0EC-25508BE0B2FC" value="false"/>
</engineerTo>
<pk>true</pk>
<usedAttributes>
<attributeRef>F168C017-FB7E-40CA-AEC4-31038BF23E7A</attributeRef>
</usedAttributes>
</identifier>
</identifiers>
</Entity>