<?xml version = '1.0' encoding = 'UTF-8'?>
<Entity class="oracle.dbtools.crest.model.design.logical.Entity" directorySegmentName="seg_0" id="1B67391E-5343-04BC-290C-23CCB2FB3EBA" name="SALUD">
<createdBy>pedro</createdBy>
<createdTime>2025-09-11 23:04:16 UTC</createdTime>
<ownerDesignName>Sumativa2</ownerDesignName>
<engineerTo>
<item key="57EDCA66-0BAB-C4ED-C0EC-25508BE0B2FC" value="true"/>
</engineerTo>
<adequatelyNormalized>NO</adequatelyNormalized>
<expectedVolumes>0</expectedVolumes>
<fwdEngineeringStrategyName>Single Table</fwdEngineeringStrategyName>
<growthPercent>0</growthPercent>
<growthType>Year</growthType>
<maxVolumes>9999999</maxVolumes>
<minVolumes>0</minVolumes>
<normalForm>Third</normalForm>
<attributes itemClass="oracle.dbtools.crest.model.design.logical.Attribute">
<Attribute name="id_salud" id="73301276-8CFD-D4C5-0B63-1AC2DA56E538">
<createdBy>pedro</createdBy>
<createdTime>2025-09-11 23:04:26 UTC</createdTime>
<ownerDesignName>Sumativa2</ownerDesignName>
<engineerTo>
<item key="57EDCA66-0BAB-C4ED-C0EC-25508BE0B2FC" value="true"/>
</engineerTo>
<useDomainConstraints>false</useDomainConstraints>
<use>1</use>
<logicalDatatype>LOGDT019</logicalDatatype>
<dataTypePrecision>6</dataTypePrecision>
<ownDataTypeParameters>,6,</ownDataTypeParameters>
</Attribute>
<Attribute name="nombre" id="4344E2FE-51F8-6B29-B215-0568CC8AD6B9">
<createdBy>pedro</createdBy>
<createdTime>2025-09-11 23:04:44 UTC</createdTime>
<ownerDesignName>Sumativa2</ownerDesignName>
<engineerTo>
<item key="57EDCA66-0BAB-C4ED-C0EC-25508BE0B2FC" value="true"/>
</engineerTo>
<useDomainConstraints>false</useDomainConstraints>
<use>1</use>
<logicalDatatype>LOGDT024</logicalDatatype>
<dataTypeSize>25</dataTypeSize>
<ownDataTypeParameters>25,,</ownDataTypeParameters>
</Attribute>
</attributes>
<identifiers itemClass="oracle.dbtools.crest.model.design.logical.CandidateKey">
<identifier id="B42486E9-165E-98FD-9B44-8FBC56B8E8B6" name="SALUD PK">
<createdBy>pedro</createdBy>
<createdTime>2025-09-11 23:04:43 UTC</createdTime>
<ownerDesignName>Sumativa2</ownerDesignName>
<engineerTo>
<item key="57EDCA66-0BAB-C4ED-C0EC-25508BE0B2FC" value="true"/>
</engineerTo>
<pk>true</pk>
<usedAttributes>
<attributeRef>73301276-8CFD-D4C5-0B63-1AC2DA56E538</attributeRef>
</usedAttributes>
</identifier>
<identifier id="EF34E400-95E5-CC69-8A5E-F3FD5A3A3022" name="UK_SALUD_NOMBRE">
<createdBy>pedro</createdBy>
<createdTime>2025-09-11 23:33:39 UTC</createdTime>
<ownerDesignName>Sumativa2</ownerDesignName>
<engineerTo>
<item key="57EDCA66-0BAB-C4ED-C0EC-25508BE0B2FC" value="true"/>
</engineerTo>
<newElementsIDs>4344E2FE-51F8-6B29-B215-0568CC8AD6B9</newElementsIDs>
<usedAttributes>
<attributeRef>4344E2FE-51F8-6B29-B215-0568CC8AD6B9</attributeRef>
</usedAttributes>
</identifier>
</identifiers>
</Entity>