<?xml version = '1.0' encoding = 'UTF-8'?>
<Entity class="oracle.dbtools.crest.model.design.logical.Entity" directorySegmentName="seg_0" id="1C23BDF5-FF2B-F1D5-B81A-82332F5AD1F3" name="COMUNA">
<createdBy>pedro</createdBy>
<createdTime>2025-09-11 22:10:56 UTC</createdTime>
<ownerDesignName>Sumativa2</ownerDesignName>
<engineerTo>
<item key="57EDCA66-0BAB-C4ED-C0EC-25508BE0B2FC" value="true"/>
</engineerTo>
<adequatelyNormalized>NO</adequatelyNormalized>
<expectedVolumes>0</expectedVolumes>
<fwdEngineeringStrategyName>Single Table</fwdEngineeringStrategyName>
<growthPercent>0</growthPercent>
<growthType>Year</growthType>
<maxVolumes>9999999</maxVolumes>
<minVolumes>0</minVolumes>
<normalForm>Third</normalForm>
<attributes itemClass="oracle.dbtools.crest.model.design.logical.Attribute">
<Attribute name="id_comuna" id="632D764C-10A6-BBCD-C739-9B635BBB0923">
<createdBy>pedro</createdBy>
<createdTime>2025-09-11 22:11:26 UTC</createdTime>
<ownerDesignName>Sumativa2</ownerDesignName>
<engineerTo>
<item key="57EDCA66-0BAB-C4ED-C0EC-25508BE0B2FC" value="true"/>
</engineerTo>
<useDomainConstraints>false</useDomainConstraints>
<use>1</use>
<logicalDatatype>LOGDT019</logicalDatatype>
<dataTypePrecision>6</dataTypePrecision>
<ownDataTypeParameters>,6,</ownDataTypeParameters>
</Attribute>
<Attribute name="nombre" id="C1905282-0CC4-6662-2ECB-6D09652C2225">
<createdBy>pedro</createdBy>
<createdTime>2025-09-11 22:11:20 UTC</createdTime>
<ownerDesignName>Sumativa2</ownerDesignName>
<engineerTo>
<item key="57EDCA66-0BAB-C4ED-C0EC-25508BE0B2FC" value="true"/>
</engineerTo>
<useDomainConstraints>false</useDomainConstraints>
<use>1</use>
<logicalDatatype>LOGDT024</logicalDatatype>
<dataTypeSize>75</dataTypeSize>
<ownDataTypeParameters>75,,</ownDataTypeParameters>
</Attribute>
<Attribute name="id_region" id="8CADCB47-EF4D-62F9-B455-7529D794DA2F">
<createdBy>pedro</createdBy>
<createdTime>2025-09-11 22:12:29 UTC</createdTime>
<generatorID>B52EC56C-2D1E-4311-EFFC-98F2AA7A4710</generatorID>
<ownerDesignName>Sumativa2</ownerDesignName>
<engineerTo>
<item key="57EDCA66-0BAB-C4ED-C0EC-25508BE0B2FC" value="true"/>
</engineerTo>
<nullsAllowed>true</nullsAllowed>
<referedAttribute>860F124E-A57D-F8CD-8857-D2ECFC6766E5</referedAttribute>
<useDomainConstraints>false</useDomainConstraints>
<use>1</use>
<logicalDatatype>LOGDT019</logicalDatatype>
<dataTypePrecision>6</dataTypePrecision>
<ownDataTypeParameters>,,</ownDataTypeParameters>
</Attribute>
</attributes>
<identifiers itemClass="oracle.dbtools.crest.model.design.logical.CandidateKey">
<identifier id="41D36147-7823-4F6A-B6C0-0729A621C300" name="COMUNA PK">
<createdBy>pedro</createdBy>
<createdTime>2025-09-11 22:14:18 UTC</createdTime>
<ownerDesignName>Sumativa2</ownerDesignName>
<shouldEngineer>false</shouldEngineer>
<engineerTo>
<item key="57EDCA66-0BAB-C4ED-C0EC-25508BE0B2FC" value="false"/>
</engineerTo>
<pk>true</pk>
<usedAttributes>
<attributeRef>632D764C-10A6-BBCD-C739-9B635BBB0923</attributeRef>
</usedAttributes>
</identifier>
</identifiers>
</Entity>