<?xml version = '1.0' encoding = 'UTF-8'?>
<Entity class="oracle.dbtools.crest.model.design.logical.Entity" directorySegmentName="seg_0" id="2959A2CF-70AD-5A47-5E1E-02C9E600DFBB" name="AFP">
<createdBy>pedro</createdBy>
<createdTime>2025-09-11 23:03:20 UTC</createdTime>
<ownerDesignName>Sumativa2</ownerDesignName>
<engineerTo>
<item key="57EDCA66-0BAB-C4ED-C0EC-25508BE0B2FC" value="true"/>
</engineerTo>
<adequatelyNormalized>NO</adequatelyNormalized>
<expectedVolumes>0</expectedVolumes>
<fwdEngineeringStrategyName>Single Table</fwdEngineeringStrategyName>
<growthPercent>0</growthPercent>
<growthType>Year</growthType>
<maxVolumes>9999999</maxVolumes>
<minVolumes>0</minVolumes>
<normalForm>Third</normalForm>
<attributes itemClass="oracle.dbtools.crest.model.design.logical.Attribute">
<Attribute name="id_afp" id="009797CC-EF4E-F117-5E81-03551531C2B2">
<createdBy>pedro</createdBy>
<createdTime>2025-09-11 23:03:26 UTC</createdTime>
<ownerDesignName>Sumativa2</ownerDesignName>
<engineerTo>
<item key="57EDCA66-0BAB-C4ED-C0EC-25508BE0B2FC" value="true"/>
</engineerTo>
<useDomainConstraints>false</useDomainConstraints>
<use>1</use>
<logicalDatatype>LOGDT019</logicalDatatype>
<dataTypePrecision>6</dataTypePrecision>
<ownDataTypeParameters>,6,</ownDataTypeParameters>
</Attribute>
<Attribute name="nombre" id="0B9A7445-20F4-6642-6B25-1594CA17174F">
<createdBy>pedro</createdBy>
<createdTime>2025-09-11 23:03:41 UTC</createdTime>
<ownerDesignName>Sumativa2</ownerDesignName>
<engineerTo>
<item key="57EDCA66-0BAB-C4ED-C0EC-25508BE0B2FC" value="true"/>
</engineerTo>
<useDomainConstraints>false</useDomainConstraints>
<use>1</use>
<logicalDatatype>LOGDT024</logicalDatatype>
<dataTypeSize>25</dataTypeSize>
<ownDataTypeParameters>25,,</ownDataTypeParameters>
</Attribute>
</attributes>
<identifiers itemClass="oracle.dbtools.crest.model.design.logical.CandidateKey">
<identifier id="F9E3A530-C465-8316-347F-617CA2C0C353" name="AFP PK">
<createdBy>pedro</createdBy>
<createdTime>2025-09-11 23:03:43 UTC</createdTime>
<ownerDesignName>Sumativa2</ownerDesignName>
<engineerTo>
<item key="57EDCA66-0BAB-C4ED-C0EC-25508BE0B2FC" value="true"/>
</engineerTo>
<pk>true</pk>
<usedAttributes>
<attributeRef>009797CC-EF4E-F117-5E81-03551531C2B2</attributeRef>
</usedAttributes>
</identifier>
<identifier id="6EE88B82-3239-90F9-8231-91ED419E4603" name="UK_AFP_NOMBRE">
<createdBy>pedro</createdBy>
<createdTime>2025-09-11 23:34:04 UTC</createdTime>
<ownerDesignName>Sumativa2</ownerDesignName>
<engineerTo>
<item key="57EDCA66-0BAB-C4ED-C0EC-25508BE0B2FC" value="true"/>
</engineerTo>
<newElementsIDs>0B9A7445-20F4-6642-6B25-1594CA17174F</newElementsIDs>
<usedAttributes>
<attributeRef>0B9A7445-20F4-6642-6B25-1594CA17174F</attributeRef>
</usedAttributes>
</identifier>
</identifiers>
</Entity>