<?xml version = '1.0' encoding = 'UTF-8'?>
<Entity class="oracle.dbtools.crest.model.design.logical.Entity" directorySegmentName="seg_0" id="51BA9873-4257-BCCB-1450-BC0BFD34EE0D" name="UNIDAD">
<createdBy>pedro</createdBy>
<createdTime>2025-09-11 23:49:55 UTC</createdTime>
<ownerDesignName>Sumativa2</ownerDesignName>
<engineerTo>
<item key="57EDCA66-0BAB-C4ED-C0EC-25508BE0B2FC" value="true"/>
</engineerTo>
<adequatelyNormalized>NO</adequatelyNormalized>
<expectedVolumes>0</expectedVolumes>
<fwdEngineeringStrategyName>Single Table</fwdEngineeringStrategyName>
<growthPercent>0</growthPercent>
<growthType>Year</growthType>
<maxVolumes>9999999</maxVolumes>
<minVolumes>0</minVolumes>
<normalForm>Third</normalForm>
<attributes itemClass="oracle.dbtools.crest.model.design.logical.Attribute">
<Attribute name="id_unidad" id="13ED3245-843D-4ACE-A0AE-A466708E470B">
<createdBy>pedro</createdBy>
<createdTime>2025-09-11 23:50:05 UTC</createdTime>
<ownerDesignName>Sumativa2</ownerDesignName>
<engineerTo>
<item key="57EDCA66-0BAB-C4ED-C0EC-25508BE0B2FC" value="true"/>
</engineerTo>
<useDomainConstraints>false</useDomainConstraints>
<use>1</use>
<logicalDatatype>LOGDT019</logicalDatatype>
<dataTypePrecision>6</dataTypePrecision>
<ownDataTypeParameters>,6,</ownDataTypeParameters>
</Attribute>
<Attribute name="nombre" id="8A379012-4AB3-FD82-9B9A-A29A36F33B5B">
<createdBy>pedro</createdBy>
<createdTime>2025-09-11 23:50:22 UTC</createdTime>
<ownerDesignName>Sumativa2</ownerDesignName>
<engineerTo>
<item key="57EDCA66-0BAB-C4ED-C0EC-25508BE0B2FC" value="true"/>
</engineerTo>
<constraintName>CK_UNIDAD_NOMBRE</constraintName>
<useDomainConstraints>false</useDomainConstraints>
<use>1</use>
<logicalDatatype>LOGDT024</logicalDatatype>
<dataTypeSize>25</dataTypeSize>
<listOfValues>
<valueDef value="&quot;laboratorio clinico&quot;" description=""/>
<valueDef value="&quot;medicina general&quot;" description=""/>
<valueDef value="&quot;salud mental&quot;" description=""/>
</listOfValues>
<ownDataTypeParameters>25,,</ownDataTypeParameters>
</Attribute>
</attributes>
<identifiers itemClass="oracle.dbtools.crest.model.design.logical.CandidateKey">
<identifier id="6BD93C5D-7065-04CF-B6AE-DEB74913DCB4" name="UNIDAD PK">
<createdBy>pedro</createdBy>
<createdTime>2025-09-12 00:19:10 UTC</createdTime>
<ownerDesignName>Sumativa2</ownerDesignName>
<engineerTo>
<item key="57EDCA66-0BAB-C4ED-C0EC-25508BE0B2FC" value="true"/>
</engineerTo>
<pk>true</pk>
<newElementsIDs>13ED3245-843D-4ACE-A0AE-A466708E470B</newElementsIDs>
<usedAttributes>
<attributeRef>13ED3245-843D-4ACE-A0AE-A466708E470B</attributeRef>
</usedAttributes>
</identifier>
</identifiers>
</Entity>