<?xml version = '1.0' encoding = 'UTF-8'?>
<Entity class="oracle.dbtools.crest.model.design.logical.Entity" directorySegmentName="seg_0" id="7171BC75-CB11-3CAA-BCDA-958174E46D79" name="ATENCION_MEDICA">
<createdBy>pedro</createdBy>
<createdTime>2025-09-11 21:56:08 UTC</createdTime>
<ownerDesignName>Sumativa2</ownerDesignName>
<engineerTo>
<item key="57EDCA66-0BAB-C4ED-C0EC-25508BE0B2FC" value="true"/>
</engineerTo>
<adequatelyNormalized>NO</adequatelyNormalized>
<expectedVolumes>0</expectedVolumes>
<fwdEngineeringStrategyName>Single Table</fwdEngineeringStrategyName>
<growthPercent>0</growthPercent>
<growthType>Year</growthType>
<maxVolumes>9999999</maxVolumes>
<minVolumes>0</minVolumes>
<normalForm>Third</normalForm>
<attributes itemClass="oracle.dbtools.crest.model.design.logical.Attribute">
<Attribute name="id_atencion" id="B36FA756-0D1D-EE83-9C00-BD859CAA81C0">
<createdBy>pedro</createdBy>
<createdTime>2025-09-11 21:56:19 UTC</createdTime>
<ownerDesignName>Sumativa2</ownerDesignName>
<engineerTo>
<item key="57EDCA66-0BAB-C4ED-C0EC-25508BE0B2FC" value="true"/>
</engineerTo>
<useDomainConstraints>false</useDomainConstraints>
<use>1</use>
<logicalDatatype>LOGDT019</logicalDatatype>
<ownDataTypeParameters>,,</ownDataTypeParameters>
</Attribute>
<Attribute name="fecha_atencion" id="9547B09F-F099-21E9-5122-37D406181098">
<createdBy>pedro</createdBy>
<createdTime>2025-09-11 21:57:04 UTC</createdTime>
<ownerDesignName>Sumativa2</ownerDesignName>
<engineerTo>
<item key="57EDCA66-0BAB-C4ED-C0EC-25508BE0B2FC" value="true"/>
</engineerTo>
<useDomainConstraints>false</useDomainConstraints>
<use>1</use>
<logicalDatatype>LOGDT007</logicalDatatype>
<ownDataTypeParameters>,,</ownDataTypeParameters>
</Attribute>
<Attribute name="tipo_atencion" id="46FD683D-3005-45D0-62A7-A160A6F7A8C8">
<createdBy>pedro</createdBy>
<createdTime>2025-09-11 23:35:17 UTC</createdTime>
<ownerDesignName>Sumativa2</ownerDesignName>
<engineerTo>
<item key="57EDCA66-0BAB-C4ED-C0EC-25508BE0B2FC" value="true"/>
</engineerTo>
<useDomainConstraints>false</useDomainConstraints>
<use>1</use>
<logicalDatatype>LOGDT024</logicalDatatype>
<dataTypeSize>25</dataTypeSize>
<listOfValues>
<valueDef value="&quot;general&quot;" description=""/>
<valueDef value="&quot;preventiva&quot;" description=""/>
<valueDef value="&quot;urgencia&quot;" description=""/>
</listOfValues>
<ownDataTypeParameters>25,,</ownDataTypeParameters>
</Attribute>
<Attribute name="id_paciente" id="A96E7298-BC0C-CD7D-7D27-1E573EA3ECFA">
<createdBy>pedro</createdBy>
<createdTime>2025-09-11 22:01:44 UTC</createdTime>
<generatorID>4DA875B2-F29A-6279-ACCB-464F30DC7ED0</generatorID>
<ownerDesignName>Sumativa2</ownerDesignName>
<engineerTo>
<item key="57EDCA66-0BAB-C4ED-C0EC-25508BE0B2FC" value="true"/>
</engineerTo>
<referedAttribute>7C79B4DD-456D-88C6-CCA3-943F50736D6D</referedAttribute>
<useDomainConstraints>false</useDomainConstraints>
<use>1</use>
<logicalDatatype>LOGDT019</logicalDatatype>
<dataTypePrecision>12</dataTypePrecision>
<ownDataTypeParameters>,,</ownDataTypeParameters>
</Attribute>
<Attribute name="id_medico" id="BD3CE120-6844-6261-302B-2412463AE012">
<createdBy>pedro</createdBy>
<createdTime>2025-09-11 22:06:22 UTC</createdTime>
<generatorID>9D4D82A5-9817-9EB6-419E-AA4187136586</generatorID>
<ownerDesignName>Sumativa2</ownerDesignName>
<engineerTo>
<item key="57EDCA66-0BAB-C4ED-C0EC-25508BE0B2FC" value="true"/>
</engineerTo>
<referedAttribute>2E6EC36C-14D3-4C2A-06BA-115DC085A65C</referedAttribute>
<useDomainConstraints>false</useDomainConstraints>
<use>1</use>
<logicalDatatype>LOGDT019</logicalDatatype>
<dataTypePrecision>6</dataTypePrecision>
<ownDataTypeParameters>,,</ownDataTypeParameters>
</Attribute>
<Attribute name="id_derivacion" id="E9777718-F2F6-D7CE-6361-408166009CA0">
<createdBy>pedro</createdBy>
<createdTime>2025-09-12 00:07:09 UTC</createdTime>
<generatorID>7D02AE34-E6ED-7124-0002-C3FD6BF25EC1</generatorID>
<ownerDesignName>Sumativa2</ownerDesignName>
<engineerTo>
<item key="57EDCA66-0BAB-C4ED-C0EC-25508BE0B2FC" value="true"/>
</engineerTo>
<nullsAllowed>true</nullsAllowed>
<referedAttribute>B36FA756-0D1D-EE83-9C00-BD859CAA81C0</referedAttribute>
<useDomainConstraints>false</useDomainConstraints>
<use>1</use>
<logicalDatatype>LOGDT019</logicalDatatype>
<ownDataTypeParameters>,,</ownDataTypeParameters>
</Attribute>
</attributes>
<identifiers itemClass="oracle.dbtools.crest.model.design.logical.CandidateKey">
<identifier id="EA7F7663-0967-8E83-BB38-B4275FBEC22B" name="ATENCION_MEDICA PK">
<createdBy>pedro</createdBy>
<createdTime>2025-09-11 21:59:36 UTC</createdTime>
<ownerDesignName>Sumativa2</ownerDesignName>
<engineerTo>
<item key="57EDCA66-0BAB-C4ED-C0EC-25508BE0B2FC" value="true"/>
</engineerTo>
<pk>true</pk>
<usedAttributes>
<attributeRef>B36FA756-0D1D-EE83-9C00-BD859CAA81C0</attributeRef>
</usedAttributes>
</identifier>
</identifiers>
</Entity>