<?xml version = '1.0' encoding = 'UTF-8'?>
<Entity class="oracle.dbtools.crest.model.design.logical.Entity" directorySegmentName="seg_0" id="7EDA55A1-F83E-1C7E-8EDB-15A048BDF0C1" name="EXAMEN">
<createdBy>pedro</createdBy>
<createdTime>2025-09-11 23:27:32 UTC</createdTime>
<ownerDesignName>Sumativa2</ownerDesignName>
<engineerTo>
<item key="57EDCA66-0BAB-C4ED-C0EC-25508BE0B2FC" value="true"/>
</engineerTo>
<adequatelyNormalized>NO</adequatelyNormalized>
<expectedVolumes>0</expectedVolumes>
<fwdEngineeringStrategyName>Single Table</fwdEngineeringStrategyName>
<growthPercent>0</growthPercent>
<growthType>Year</growthType>
<maxVolumes>9999999</maxVolumes>
<minVolumes>0</minVolumes>
<normalForm>Third</normalForm>
<attributes itemClass="oracle.dbtools.crest.model.design.logical.Attribute">
<Attribute name="codigo" id="946B07C1-AB45-C686-6097-46B80D374AD5">
<createdBy>pedro</createdBy>
<createdTime>2025-09-11 23:27:40 UTC</createdTime>
<ownerDesignName>Sumativa2</ownerDesignName>
<engineerTo>
<item key="57EDCA66-0BAB-C4ED-C0EC-25508BE0B2FC" value="true"/>
</engineerTo>
<useDomainConstraints>false</useDomainConstraints>
<use>1</use>
<logicalDatatype>LOGDT019</logicalDatatype>
<dataTypePrecision>9</dataTypePrecision>
<ownDataTypeParameters>,9,</ownDataTypeParameters>
</Attribute>
<Attribute name="nombre" id="7C6721CA-099F-B9AE-0A22-ABB1119A1220">
<createdBy>pedro</createdBy>
<createdTime>2025-09-11 23:29:07 UTC</createdTime>
<ownerDesignName>Sumativa2</ownerDesignName>
<engineerTo>
<item key="57EDCA66-0BAB-C4ED-C0EC-25508BE0B2FC" value="true"/>
</engineerTo>
<useDomainConstraints>false</useDomainConstraints>
<use>1</use>
<logicalDatatype>LOGDT024</logicalDatatype>
<dataTypeSize>75</dataTypeSize>
<ownDataTypeParameters>75,,</ownDataTypeParameters>
</Attribute>
<Attribute name="tipo_muestra" id="B238E6E8-1608-0925-ED38-7F9C78115532">
<createdBy>pedro</createdBy>
<createdTime>2025-09-11 23:29:31 UTC</createdTime>
<ownerDesignName>Sumativa2</ownerDesignName>
<engineerTo>
<item key="57EDCA66-0BAB-C4ED-C0EC-25508BE0B2FC" value="true"/>
</engineerTo>
<useDomainConstraints>false</useDomainConstraints>
<use>1</use>
<logicalDatatype>LOGDT024</logicalDatatype>
<dataTypeSize>25</dataTypeSize>
<ownDataTypeParameters>25,,</ownDataTypeParameters>
</Attribute>
<Attribute name="condicion_preparacion" id="9B6B7736-7EA8-8E14-00FF-93E888BEC1D3">
<createdBy>pedro</createdBy>
<createdTime>2025-09-11 23:29:56 UTC</createdTime>
<ownerDesignName>Sumativa2</ownerDesignName>
<engineerTo>
<item key="57EDCA66-0BAB-C4ED-C0EC-25508BE0B2FC" value="true"/>
</engineerTo>
<nullsAllowed>true</nullsAllowed>
<useDomainConstraints>false</useDomainConstraints>
<use>1</use>
<logicalDatatype>LOGDT024</logicalDatatype>
<dataTypeSize>25</dataTypeSize>
<ownDataTypeParameters>25,,</ownDataTypeParameters>
</Attribute>
<Attribute name="resultado" id="D0176F5D-9EF6-663F-A129-B965A4214368">
<createdBy>pedro</createdBy>
<createdTime>2025-09-11 23:32:38 UTC</createdTime>
<ownerDesignName>Sumativa2</ownerDesignName>
<engineerTo>
<item key="57EDCA66-0BAB-C4ED-C0EC-25508BE0B2FC" value="true"/>
</engineerTo>
<nullsAllowed>true</nullsAllowed>
<useDomainConstraints>false</useDomainConstraints>
<use>1</use>
<logicalDatatype>LOGDT028</logicalDatatype>
<ownDataTypeParameters>,,</ownDataTypeParameters>
</Attribute>
<Attribute name="id_atencion" id="53983D95-AE4F-9791-8D7C-80ECB6513839">
<createdBy>pedro</createdBy>
<createdTime>2025-09-11 23:33:07 UTC</createdTime>
<generatorID>7AE57255-2486-BBB1-B7F4-8ECE534A133E</generatorID>
<ownerDesignName>Sumativa2</ownerDesignName>
<engineerTo>
<item key="57EDCA66-0BAB-C4ED-C0EC-25508BE0B2FC" value="true"/>
</engineerTo>
<referedAttribute>B36FA756-0D1D-EE83-9C00-BD859CAA81C0</referedAttribute>
<useDomainConstraints>false</useDomainConstraints>
<use>1</use>
<logicalDatatype>LOGDT019</logicalDatatype>
<ownDataTypeParameters>,,</ownDataTypeParameters>
</Attribute>
</attributes>
<identifiers itemClass="oracle.dbtools.crest.model.design.logical.CandidateKey">
<identifier id="98D1E9BB-7276-26DA-5DE7-63B7706C3FDA" name="EXAMEN PK">
<createdBy>pedro</createdBy>
<createdTime>2025-09-11 23:29:06 UTC</createdTime>
<ownerDesignName>Sumativa2</ownerDesignName>
<shouldEngineer>false</shouldEngineer>
<engineerTo>
<item key="57EDCA66-0BAB-C4ED-C0EC-25508BE0B2FC" value="false"/>
</engineerTo>
<pk>true</pk>
<usedAttributes>
<attributeRef>946B07C1-AB45-C686-6097-46B80D374AD5</attributeRef>
</usedAttributes>
</identifier>
</identifiers>
</Entity>