<?xml version = '1.0' encoding = 'UTF-8'?>
<Entity class="oracle.dbtools.crest.model.design.logical.Entity" directorySegmentName="seg_0" id="9AB0CD3B-C4B8-A2E8-484F-5776DA0C3C49" name="TIPO_USUARIO">
<createdBy>pedro</createdBy>
<createdTime>2025-09-11 22:34:56 UTC</createdTime>
<ownerDesignName>Sumativa2</ownerDesignName>
<engineerTo>
<item key="57EDCA66-0BAB-C4ED-C0EC-25508BE0B2FC" value="true"/>
</engineerTo>
<adequatelyNormalized>NO</adequatelyNormalized>
<expectedVolumes>0</expectedVolumes>
<fwdEngineeringStrategyName>Single Table</fwdEngineeringStrategyName>
<growthPercent>0</growthPercent>
<growthType>Year</growthType>
<maxVolumes>9999999</maxVolumes>
<minVolumes>0</minVolumes>
<normalForm>Third</normalForm>
<attributes itemClass="oracle.dbtools.crest.model.design.logical.Attribute">
<Attribute name="id_usuario" id="B0CB0146-CC77-7F8A-ECA8-D0C7D203FC84">
<createdBy>pedro</createdBy>
<createdTime>2025-09-11 22:35:07 UTC</createdTime>
<ownerDesignName>Sumativa2</ownerDesignName>
<engineerTo>
<item key="57EDCA66-0BAB-C4ED-C0EC-25508BE0B2FC" value="true"/>
</engineerTo>
<useDomainConstraints>false</useDomainConstraints>
<use>1</use>
<logicalDatatype>LOGDT019</logicalDatatype>
<dataTypePrecision>6</dataTypePrecision>
<ownDataTypeParameters>,6,</ownDataTypeParameters>
</Attribute>
<Attribute name="nombre" id="742EDC45-16E2-5A61-61FE-F251ED14D6B0">
<createdBy>pedro</createdBy>
<createdTime>2025-09-11 22:35:25 UTC</createdTime>
<ownerDesignName>Sumativa2</ownerDesignName>
<engineerTo>
<item key="57EDCA66-0BAB-C4ED-C0EC-25508BE0B2FC" value="true"/>
</engineerTo>
<constraintName>CK_USUARIO_NOMBRE</constraintName>
<useDomainConstraints>false</useDomainConstraints>
<use>1</use>
<logicalDatatype>LOGDT024</logicalDatatype>
<dataTypeSize>15</dataTypeSize>
<listOfValues>
<valueDef value="&quot;estudiante&quot;" description=""/>
<valueDef value="&quot;externo&quot;" description=""/>
<valueDef value="&quot;funcionario&quot;" description=""/>
</listOfValues>
<ownDataTypeParameters>15,,</ownDataTypeParameters>
</Attribute>
</attributes>
<identifiers itemClass="oracle.dbtools.crest.model.design.logical.CandidateKey">
<identifier id="6D1E2049-8D8C-CA72-53C4-3360B37A9196" name="TIPO_USUARIO PK">
<createdBy>pedro</createdBy>
<createdTime>2025-09-11 22:35:24 UTC</createdTime>
<ownerDesignName>Sumativa2</ownerDesignName>
<shouldEngineer>false</shouldEngineer>
<engineerTo>
<item key="57EDCA66-0BAB-C4ED-C0EC-25508BE0B2FC" value="false"/>
</engineerTo>
<pk>true</pk>
<usedAttributes>
<attributeRef>B0CB0146-CC77-7F8A-ECA8-D0C7D203FC84</attributeRef>
</usedAttributes>
</identifier>
<identifier id="904AEB22-4BD6-4AFA-CC57-77B368D9BF2E" name="UK_USUARIO_NOMBRE">
<createdBy>pedro</createdBy>
<createdTime>2025-09-11 22:37:18 UTC</createdTime>
<ownerDesignName>Sumativa2</ownerDesignName>
<shouldEngineer>false</shouldEngineer>
<engineerTo>
<item key="57EDCA66-0BAB-C4ED-C0EC-25508BE0B2FC" value="false"/>
</engineerTo>
<newElementsIDs>742EDC45-16E2-5A61-61FE-F251ED14D6B0</newElementsIDs>
<usedAttributes>
<attributeRef>742EDC45-16E2-5A61-61FE-F251ED14D6B0</attributeRef>
</usedAttributes>
</identifier>
</identifiers>
</Entity>