<?xml version = '1.0' encoding = 'UTF-8'?>
<Entity class="oracle.dbtools.crest.model.design.logical.Entity" directorySegmentName="seg_0" id="CD046D4D-89F0-E627-E046-8A70CDC23698" name="REGION">
<createdBy>pedro</createdBy>
<createdTime>2025-09-11 22:08:57 UTC</createdTime>
<ownerDesignName>Sumativa2</ownerDesignName>
<engineerTo>
<item key="57EDCA66-0BAB-C4ED-C0EC-25508BE0B2FC" value="true"/>
</engineerTo>
<adequatelyNormalized>NO</adequatelyNormalized>
<expectedVolumes>0</expectedVolumes>
<fwdEngineeringStrategyName>Single Table</fwdEngineeringStrategyName>
<growthPercent>0</growthPercent>
<growthType>Year</growthType>
<maxVolumes>9999999</maxVolumes>
<minVolumes>0</minVolumes>
<normalForm>Third</normalForm>
<attributes itemClass="oracle.dbtools.crest.model.design.logical.Attribute">
<Attribute name="id_region" id="860F124E-A57D-F8CD-8857-D2ECFC6766E5">
<createdBy>pedro</createdBy>
<createdTime>2025-09-11 22:09:04 UTC</createdTime>
<ownerDesignName>Sumativa2</ownerDesignName>
<engineerTo>
<item key="57EDCA66-0BAB-C4ED-C0EC-25508BE0B2FC" value="true"/>
</engineerTo>
<useDomainConstraints>false</useDomainConstraints>
<use>1</use>
<logicalDatatype>LOGDT019</logicalDatatype>
<dataTypePrecision>6</dataTypePrecision>
<ownDataTypeParameters>,6,</ownDataTypeParameters>
</Attribute>
<Attribute name="nombre" id="CE56A511-0F0D-2FE8-EE23-C24CCB2FA92C">
<createdBy>pedro</createdBy>
<createdTime>2025-09-11 22:09:30 UTC</createdTime>
<ownerDesignName>Sumativa2</ownerDesignName>
<engineerTo>
<item key="57EDCA66-0BAB-C4ED-C0EC-25508BE0B2FC" value="true"/>
</engineerTo>
<useDomainConstraints>false</useDomainConstraints>
<use>1</use>
<logicalDatatype>LOGDT024</logicalDatatype>
<dataTypeSize>75</dataTypeSize>
<ownDataTypeParameters>75,,</ownDataTypeParameters>
</Attribute>
</attributes>
<identifiers itemClass="oracle.dbtools.crest.model.design.logical.CandidateKey">
<identifier id="E6EB4050-6010-8060-5304-0615E7473D90" name="REGION PK">
<createdBy>pedro</createdBy>
<createdTime>2025-09-11 22:09:15 UTC</createdTime>
<ownerDesignName>Sumativa2</ownerDesignName>
<shouldEngineer>false</shouldEngineer>
<engineerTo>
<item key="57EDCA66-0BAB-C4ED-C0EC-25508BE0B2FC" value="false"/>
</engineerTo>
<pk>true</pk>
<usedAttributes>
<attributeRef>860F124E-A57D-F8CD-8857-D2ECFC6766E5</attributeRef>
</usedAttributes>
</identifier>
<identifier id="5FB67DB9-A1BE-A2AE-C823-251634745B6D" name="UK_REGION_NOMBRE">
<createdBy>pedro</createdBy>
<createdTime>2025-09-11 22:30:02 UTC</createdTime>
<ownerDesignName>Sumativa2</ownerDesignName>
<shouldEngineer>false</shouldEngineer>
<engineerTo>
<item key="57EDCA66-0BAB-C4ED-C0EC-25508BE0B2FC" value="false"/>
</engineerTo>
<newElementsIDs>CE56A511-0F0D-2FE8-EE23-C24CCB2FA92C</newElementsIDs>
<usedAttributes>
<attributeRef>CE56A511-0F0D-2FE8-EE23-C24CCB2FA92C</attributeRef>
</usedAttributes>
</identifier>
</identifiers>
</Entity>