<?xml version = '1.0' encoding = 'UTF-8'?>
<Entity class="oracle.dbtools.crest.model.design.logical.Entity" directorySegmentName="seg_0" id="CED67368-F7E3-9A4E-8269-A778E4F9AC0D" name="MEDICO">
<createdBy>pedro</createdBy>
<createdTime>2025-09-11 22:02:23 UTC</createdTime>
<ownerDesignName>Sumativa2</ownerDesignName>
<engineerTo>
<item key="57EDCA66-0BAB-C4ED-C0EC-25508BE0B2FC" value="true"/>
</engineerTo>
<adequatelyNormalized>NO</adequatelyNormalized>
<expectedVolumes>0</expectedVolumes>
<fwdEngineeringStrategyName>Single Table</fwdEngineeringStrategyName>
<growthPercent>0</growthPercent>
<growthType>Year</growthType>
<hierarchicalParent>FDFE1C4F-CBB2-EF0C-277A-FEED7A0E922D</hierarchicalParent>
<maxVolumes>9999999</maxVolumes>
<minVolumes>0</minVolumes>
<normalForm>Third</normalForm>
<attributes itemClass="oracle.dbtools.crest.model.design.logical.Attribute">
<Attribute name="id_medico" id="2E6EC36C-14D3-4C2A-06BA-115DC085A65C">
<createdBy>pedro</createdBy>
<createdTime>2025-09-11 22:02:43 UTC</createdTime>
<ownerDesignName>Sumativa2</ownerDesignName>
<engineerTo>
<item key="57EDCA66-0BAB-C4ED-C0EC-25508BE0B2FC" value="true"/>
</engineerTo>
<useDomainConstraints>false</useDomainConstraints>
<use>1</use>
<logicalDatatype>LOGDT019</logicalDatatype>
<dataTypePrecision>6</dataTypePrecision>
<ownDataTypeParameters>,6,</ownDataTypeParameters>
</Attribute>
<Attribute name="f_ingreso" id="8E080A2F-8CF2-107D-2565-5060A2C9FCE8">
<createdBy>pedro</createdBy>
<createdTime>2025-09-11 22:03:28 UTC</createdTime>
<ownerDesignName>Sumativa2</ownerDesignName>
<engineerTo>
<item key="57EDCA66-0BAB-C4ED-C0EC-25508BE0B2FC" value="true"/>
</engineerTo>
<useDomainConstraints>false</useDomainConstraints>
<use>1</use>
<logicalDatatype>LOGDT007</logicalDatatype>
<ownDataTypeParameters>,,</ownDataTypeParameters>
</Attribute>
<Attribute name="id_especialidad" id="45AC5A13-6DDA-EC3E-5074-6A4232477F6E">
<createdBy>pedro</createdBy>
<createdTime>2025-09-11 22:08:16 UTC</createdTime>
<generatorID>C482C5FE-672E-BD88-69CE-83605994D92F</generatorID>
<ownerDesignName>Sumativa2</ownerDesignName>
<engineerTo>
<item key="57EDCA66-0BAB-C4ED-C0EC-25508BE0B2FC" value="true"/>
</engineerTo>
<referedAttribute>BFBE0EC2-4726-AAF6-2A89-8288EA15094A</referedAttribute>
<use>1</use>
<logicalDatatype>LOGDT019</logicalDatatype>
<dataTypePrecision>6</dataTypePrecision>
<ownDataTypeParameters>,,</ownDataTypeParameters>
</Attribute>
<Attribute name="id_afp" id="F871E25A-1ABA-D460-87E8-F1A3BFE388E9">
<createdBy>pedro</createdBy>
<createdTime>2025-09-11 23:07:31 UTC</createdTime>
<generatorID>4B008031-C242-4CAE-4123-A15CE0303486</generatorID>
<ownerDesignName>Sumativa2</ownerDesignName>
<engineerTo>
<item key="57EDCA66-0BAB-C4ED-C0EC-25508BE0B2FC" value="true"/>
</engineerTo>
<referedAttribute>009797CC-EF4E-F117-5E81-03551531C2B2</referedAttribute>
<useDomainConstraints>false</useDomainConstraints>
<use>1</use>
<logicalDatatype>LOGDT019</logicalDatatype>
<dataTypePrecision>6</dataTypePrecision>
<ownDataTypeParameters>,,</ownDataTypeParameters>
</Attribute>
<Attribute name="id_salud" id="991C049E-931C-02A6-517B-0D38C2AAA47F">
<createdBy>pedro</createdBy>
<createdTime>2025-09-11 23:07:58 UTC</createdTime>
<generatorID>F2C28D50-08C2-3384-8809-83E730433073</generatorID>
<ownerDesignName>Sumativa2</ownerDesignName>
<engineerTo>
<item key="57EDCA66-0BAB-C4ED-C0EC-25508BE0B2FC" value="true"/>
</engineerTo>
<referedAttribute>73301276-8CFD-D4C5-0B63-1AC2DA56E538</referedAttribute>
<useDomainConstraints>false</useDomainConstraints>
<use>1</use>
<logicalDatatype>LOGDT019</logicalDatatype>
<dataTypePrecision>6</dataTypePrecision>
<ownDataTypeParameters>,,</ownDataTypeParameters>
</Attribute>
<Attribute name="id_supervisor" id="341516D9-0760-2AF2-A957-03E7A828A2B4">
<createdBy>pedro</createdBy>
<createdTime>2025-09-11 23:20:19 UTC</createdTime>
<generatorID>E583D849-F9D9-AB2B-E169-233D35A40022</generatorID>
<ownerDesignName>Sumativa2</ownerDesignName>
<engineerTo>
<item key="57EDCA66-0BAB-C4ED-C0EC-25508BE0B2FC" value="true"/>
</engineerTo>
<nullsAllowed>true</nullsAllowed>
<referedAttribute>2E6EC36C-14D3-4C2A-06BA-115DC085A65C</referedAttribute>
<useDomainConstraints>false</useDomainConstraints>
<use>1</use>
<logicalDatatype>LOGDT019</logicalDatatype>
<dataTypePrecision>6</dataTypePrecision>
<ownDataTypeParameters>,,</ownDataTypeParameters>
</Attribute>
</attributes>
<identifiers itemClass="oracle.dbtools.crest.model.design.logical.CandidateKey">
<identifier id="A73A80FE-5CD4-D1EC-4408-8244720B1CD0" name="MEDICO PK">
<createdBy>pedro</createdBy>
<createdTime>2025-09-11 22:02:58 UTC</createdTime>
<ownerDesignName>Sumativa2</ownerDesignName>
<engineerTo>
<item key="57EDCA66-0BAB-C4ED-C0EC-25508BE0B2FC" value="true"/>
</engineerTo>
<pk>true</pk>
<usedAttributes>
<attributeRef>2E6EC36C-14D3-4C2A-06BA-115DC085A65C</attributeRef>
</usedAttributes>
</identifier>
</identifiers>
</Entity>