<?xml version = '1.0' encoding = 'UTF-8'?>
<Entity class="oracle.dbtools.crest.model.design.logical.Entity" directorySegmentName="seg_0" id="F05B3EF9-7C49-58CD-FEF8-B240148F8BEF" name="ESPECIALIDAD">
<createdBy>pedro</createdBy>
<createdTime>2025-09-11 22:07:17 UTC</createdTime>
<ownerDesignName>Sumativa2</ownerDesignName>
<engineerTo>
<item key="57EDCA66-0BAB-C4ED-C0EC-25508BE0B2FC" value="true"/>
</engineerTo>
<adequatelyNormalized>NO</adequatelyNormalized>
<expectedVolumes>0</expectedVolumes>
<fwdEngineeringStrategyName>Single Table</fwdEngineeringStrategyName>
<growthPercent>0</growthPercent>
<growthType>Year</growthType>
<maxVolumes>9999999</maxVolumes>
<minVolumes>0</minVolumes>
<normalForm>Third</normalForm>
<attributes itemClass="oracle.dbtools.crest.model.design.logical.Attribute">
<Attribute name="id_especialidad" id="BFBE0EC2-4726-AAF6-2A89-8288EA15094A">
<createdBy>pedro</createdBy>
<createdTime>2025-09-11 22:07:23 UTC</createdTime>
<ownerDesignName>Sumativa2</ownerDesignName>
<engineerTo>
<item key="57EDCA66-0BAB-C4ED-C0EC-25508BE0B2FC" value="true"/>
</engineerTo>
<useDomainConstraints>false</useDomainConstraints>
<use>1</use>
<logicalDatatype>LOGDT019</logicalDatatype>
<dataTypePrecision>6</dataTypePrecision>
<ownDataTypeParameters>,6,</ownDataTypeParameters>
</Attribute>
<Attribute name="nombre" id="7BB00229-E771-D414-4550-907B4F4E6531">
<createdBy>pedro</createdBy>
<createdTime>2025-09-11 22:07:53 UTC</createdTime>
<ownerDesignName>Sumativa2</ownerDesignName>
<engineerTo>
<item key="57EDCA66-0BAB-C4ED-C0EC-25508BE0B2FC" value="true"/>
</engineerTo>
<useDomainConstraints>false</useDomainConstraints>
<use>1</use>
<logicalDatatype>LOGDT024</logicalDatatype>
<dataTypeSize>25</dataTypeSize>
<ownDataTypeParameters>25,,</ownDataTypeParameters>
</Attribute>
</attributes>
<identifiers itemClass="oracle.dbtools.crest.model.design.logical.CandidateKey">
<identifier id="67598AE5-05D1-1C2C-B5C5-8EEE10D4CA56" name="ESPECIALIDAD PK">
<createdBy>pedro</createdBy>
<createdTime>2025-09-11 22:07:31 UTC</createdTime>
<ownerDesignName>Sumativa2</ownerDesignName>
<engineerTo>
<item key="57EDCA66-0BAB-C4ED-C0EC-25508BE0B2FC" value="true"/>
</engineerTo>
<pk>true</pk>
<usedAttributes>
<attributeRef>BFBE0EC2-4726-AAF6-2A89-8288EA15094A</attributeRef>
</usedAttributes>
</identifier>
<identifier id="6ED5DF72-4B1C-AD85-F3C5-95FDA549BCE6" name="UK_ESPECIALIDAD_NOMBRE">
<createdBy>pedro</createdBy>
<createdTime>2025-09-12 00:17:38 UTC</createdTime>
<ownerDesignName>Sumativa2</ownerDesignName>
<engineerTo>
<item key="57EDCA66-0BAB-C4ED-C0EC-25508BE0B2FC" value="true"/>
</engineerTo>
<newElementsIDs>7BB00229-E771-D414-4550-907B4F4E6531</newElementsIDs>
<usedAttributes>
<attributeRef>7BB00229-E771-D414-4550-907B4F4E6531</attributeRef>
</usedAttributes>
</identifier>
</identifiers>
</Entity>