<?xml version = '1.0' encoding = 'UTF-8'?>
<Diagram class="oracle.dbtools.crest.swingui.logical.DPVLogical" name="Logical" id="ED284CBB-CB1D-E9D2-F90C-C86C734C25CA">
<createdBy>pedro</createdBy>
<modifiedBy>pedro</modifiedBy>
<createdTime>2025-09-05 15:43:54 UTC</createdTime>
<autoRoute>false</autoRoute>
<boxInbox>false</boxInbox>
<showLegend>false</showLegend>
<showLabels>true</showLabels>
<showRelAttributes>true</showRelAttributes>
<gridEnabled>true</gridEnabled>
<showGrid>true</showGrid>
<diagramColor>-1</diagramColor>
<display>false</display>
<notation>0</notation>
<objectViews>
<OView class="oracle.dbtools.crest.swingui.logical.TVEntity" oid="04A1C1B4-43A5-BCE8-6564-23963E94995B" otype="Entity" vid="D8AE1740-1243-EB3A-25EC-9FCDF8A9FAB6">
<hideElementsInCurrentOnly>false</hideElementsInCurrentOnly>
<bounds x="1060" y="190" width="242" height="141"/>
</OView>
<OView class="oracle.dbtools.crest.swingui.logical.TVEntity" oid="0CC113CD-888D-75AD-1799-1AEBFE87D8C6" otype="Entity" vid="102CC952-7B9C-F2AA-1FD7-316A3C73B5A8">
<hideElementsInCurrentOnly>false</hideElementsInCurrentOnly>
<bounds x="20" y="20" width="201" height="91"/>
</OView>
<OView class="oracle.dbtools.crest.swingui.logical.TVEntity" oid="8E70DE4B-2EB5-0AF9-1B5C-666544EAA8C2" otype="Entity" vid="851C8233-069B-11BA-0666-657BD094D730">
<hideElementsInCurrentOnly>false</hideElementsInCurrentOnly>
<bounds x="820" y="460" width="201" height="91"/>
</OView>
<OView class="oracle.dbtools.crest.swingui.logical.TVEntity" oid="9E2D369D-C891-B9F5-C3E0-D5E0C6517316" otype="Entity" vid="381A8C3E-CFD0-CF8C-E14E-7BBF981F658A">
<hideElementsInCurrentOnly>false</hideElementsInCurrentOnly>
<bounds x="20" y="170" width="201" height="92"/>
</OView>
<OView class="oracle.dbtools.crest.swingui.logical.TVEntity" oid="A7EC15F2-46E9-7B59-56CD-1A692FBE67CD" otype="Entity" vid="30D5F42B-1F25-58B4-1EF8-82781AFD917A">
<hideElementsInCurrentOnly>false</hideElementsInCurrentOnly>
<bounds x="310" y="460" width="231" height="91"/>
</OView>
<OView class="oracle.dbtools.crest.swingui.logical.TVEntity" oid="ACEF4F65-921B-EA38-C835-5A5C4E20E83F" otype="Entity" vid="A8C527DE-894F-9312-1739-4E8531E00F03">
<hideElementsInCurrentOnly>false</hideElementsInCurrentOnly>
<bounds x="570" y="460" width="221" height="91"/>
</OView>
<OView class="oracle.dbtools.crest.swingui.logical.TVEntity" oid="BF23ECED-3DE9-04CA-3F17-77E45311A552" otype="Entity" vid="9776D3D3-A407-E163-1ED7-427E509C0D5F">
<hideElementsInCurrentOnly>false</hideElementsInCurrentOnly>
<bounds x="640" y="140" width="291" height="91"/>
</OView>
<OView class="oracle.dbtools.crest.swingui.logical.TVEntity" oid="D769A73A-95C5-DD26-71F0-3844A017A53A" otype="Entity" vid="75B8811E-4113-1DAE-6FC0-4DD93823EDB4">
<hideElementsInCurrentOnly>false</hideElementsInCurrentOnly>
<bounds x="1090" y="450" width="211" height="91"/>
</OView>
<OView class="oracle.dbtools.crest.swingui.logical.TVEntity" oid="DB85F1B8-159D-153F-BABF-F494813E9BDB" otype="Entity" vid="21B718B0-3740-F94C-C051-1B3FD3A44C4E">
<hideElementsInCurrentOnly>false</hideElementsInCurrentOnly>
<bounds x="640" y="240" width="291" height="127"/>
</OView>
<OView class="oracle.dbtools.crest.swingui.logical.TVEntity" oid="F038B82A-CF31-C26D-9E3E-D0E865B4294B" otype="Entity" vid="E030E13F-9454-41B1-E030-1E1AF46A4B88">
<hideElementsInCurrentOnly>false</hideElementsInCurrentOnly>
<bounds x="20" y="310" width="201" height="81"/>
</OView>
<OView class="oracle.dbtools.crest.swingui.logical.TVEntity" oid="F070D338-1EFE-77C1-56EC-55B185E0C438" otype="Entity" vid="F0A5E283-2055-3DBA-70BE-27026DC4809C">
<hideElementsInCurrentOnly>false</hideElementsInCurrentOnly>
<bounds x="310" y="140" width="228" height="231"/>
</OView>
<OView class="oracle.dbtools.crest.swingui.logical.TVEntity" oid="F2E2517F-DF22-785E-A20D-C27A4999B3B2" otype="Entity" vid="45282FCB-3042-B61C-AD1F-D96808B5E6A2">
<hideElementsInCurrentOnly>false</hideElementsInCurrentOnly>
<bounds x="310" y="20" width="231" height="91"/>
</OView>
</objectViews>
<connectors>
<Connector class="oracle.dbtools.crest.swingui.logical.TVRelation" oid="002EF467-B9BD-AAC5-4425-60790B58F573" otype="Relation" vid_source="75B8811E-4113-1DAE-6FC0-4DD93823EDB4" vid_target="851C8233-069B-11BA-0666-657BD094D730">
<hideElementsInCurrentOnly>false</hideElementsInCurrentOnly>
<backgroundColor>-16777216</backgroundColor>
<lineWidth>1</lineWidth>
<sourceLabel class="oracle.dbtools.crest.model.design.Label">
<site>0</site>
<labelBounds x="1021" y="470" width="63" height="30"/>
<noBackgroundColor>true</noBackgroundColor>
<noForegroundColor>true</noForegroundColor>
</sourceLabel>
<targetLabel class="oracle.dbtools.crest.model.design.Label">
<site>2</site>
<labelBounds x="1031" y="503" width="39" height="30"/>
<noBackgroundColor>true</noBackgroundColor>
<noForegroundColor>true</noForegroundColor>
</targetLabel>
<points>
<point x="1090" y="500"/>
<point x="1021" y="500"/>
</points>
</Connector>
<Connector class="oracle.dbtools.crest.swingui.logical.TVRelation" oid="07BF9613-8D22-F941-F955-226EEF694340" otype="Relation" vid_source="9776D3D3-A407-E163-1ED7-427E509C0D5F" vid_target="D8AE1740-1243-EB3A-25EC-9FCDF8A9FAB6">
<hideElementsInCurrentOnly>false</hideElementsInCurrentOnly>
<backgroundColor>-16777216</backgroundColor>
<lineWidth>1</lineWidth>
<sourceLabel class="oracle.dbtools.crest.model.design.Label">
<site>0</site>
<labelBounds x="941" y="180" width="39" height="30"/>
<noBackgroundColor>true</noBackgroundColor>
<noForegroundColor>true</noForegroundColor>
</sourceLabel>
<targetLabel class="oracle.dbtools.crest.model.design.Label">
<site>2</site>
<labelBounds x="991" y="213" width="63" height="30"/>
<noBackgroundColor>true</noBackgroundColor>
<noForegroundColor>true</noForegroundColor>
</targetLabel>
<points>
<point x="931" y="210"/>
<point x="1060" y="210"/>
</points>
</Connector>
<Connector class="oracle.dbtools.crest.swingui.logical.TVRelation" oid="2FCF8B8E-36C5-A319-C598-FB41F2D36889" otype="Relation" vid_source="F0A5E283-2055-3DBA-70BE-27026DC4809C" vid_target="21B718B0-3740-F94C-C051-1B3FD3A44C4E">
<hideElementsInCurrentOnly>false</hideElementsInCurrentOnly>
<backgroundColor>-16777216</backgroundColor>
<lineWidth>1</lineWidth>
<sourceLabel class="oracle.dbtools.crest.model.design.Label">
<site>0</site>
<labelBounds x="548" y="288" width="39" height="30"/>
<noBackgroundColor>true</noBackgroundColor>
<noForegroundColor>true</noForegroundColor>
</sourceLabel>
<targetLabel class="oracle.dbtools.crest.model.design.Label">
<site>2</site>
<labelBounds x="576" y="321" width="58" height="30"/>
<noBackgroundColor>true</noBackgroundColor>
<noForegroundColor>true</noForegroundColor>
</targetLabel>
<points>
<point x="538" y="318"/>
<point x="640" y="318"/>
</points>
</Connector>
<Connector class="oracle.dbtools.crest.swingui.logical.TVRelation" oid="31AB76F0-BCE0-A506-5385-2967E19E2FFF" otype="Relation" vid_source="F0A5E283-2055-3DBA-70BE-27026DC4809C" vid_target="E030E13F-9454-41B1-E030-1E1AF46A4B88">
<hideElementsInCurrentOnly>false</hideElementsInCurrentOnly>
<backgroundColor>-16777216</backgroundColor>
<lineWidth>1</lineWidth>
<sourceLabel class="oracle.dbtools.crest.model.design.Label">
<site>0</site>
<labelBounds x="265" y="310" width="39" height="30"/>
<noBackgroundColor>true</noBackgroundColor>
<noForegroundColor>true</noForegroundColor>
</sourceLabel>
<targetLabel class="oracle.dbtools.crest.model.design.Label">
<site>2</site>
<labelBounds x="231" y="343" width="63" height="30"/>
<noBackgroundColor>true</noBackgroundColor>
<noForegroundColor>true</noForegroundColor>
</targetLabel>
<points>
<point x="310" y="340"/>
<point x="221" y="340"/>
</points>
</Connector>
<Connector class="oracle.dbtools.crest.swingui.logical.TVInheritanceRelation" oid="50C7D32A-25F1-371C-93A5-D213AD911AF5" otype="Hierarchy relation" vid_source="21B718B0-3740-F94C-C051-1B3FD3A44C4E" vid_target="A8C527DE-894F-9312-1739-4E8531E00F03">
<hideElementsInCurrentOnly>false</hideElementsInCurrentOnly>
<backgroundColor>-65536</backgroundColor>
<lineWidth>1</lineWidth>
<points>
<point x="715" y="367"/>
<point x="715" y="460"/>
</points>
</Connector>
<Connector class="oracle.dbtools.crest.swingui.logical.TVRelation" oid="5C5BBA1B-6431-1669-BCDF-CEDB61968A97" otype="Relation" vid_source="381A8C3E-CFD0-CF8C-E14E-7BBF981F658A" vid_target="E030E13F-9454-41B1-E030-1E1AF46A4B88">
<hideElementsInCurrentOnly>false</hideElementsInCurrentOnly>
<backgroundColor>-16777216</backgroundColor>
<lineWidth>1</lineWidth>
<points>
<point x="120" y="262"/>
<point x="120" y="310"/>
</points>
</Connector>
<Connector class="oracle.dbtools.crest.swingui.logical.TVRelation" oid="657E3F8C-B6A6-7CE1-97FD-EC9AD7025D03" otype="Relation" vid_source="9776D3D3-A407-E163-1ED7-427E509C0D5F" vid_target="F0A5E283-2055-3DBA-70BE-27026DC4809C">
<hideElementsInCurrentOnly>false</hideElementsInCurrentOnly>
<backgroundColor>-16777216</backgroundColor>
<lineWidth>1</lineWidth>
<sourceLabel class="oracle.dbtools.crest.model.design.Label">
<site>0</site>
<labelBounds x="595" y="155" width="39" height="30"/>
<noBackgroundColor>true</noBackgroundColor>
<noForegroundColor>true</noForegroundColor>
</sourceLabel>
<targetLabel class="oracle.dbtools.crest.model.design.Label">
<site>2</site>
<labelBounds x="548" y="188" width="45" height="30"/>
<noBackgroundColor>true</noBackgroundColor>
<noForegroundColor>true</noForegroundColor>
</targetLabel>
<points>
<point x="640" y="185"/>
<point x="538" y="185"/>
</points>
</Connector>
<Connector class="oracle.dbtools.crest.swingui.logical.TVRelation" oid="707AE97C-99F1-EC13-C408-E97E2C20737E" otype="Relation" vid_source="102CC952-7B9C-F2AA-1FD7-316A3C73B5A8" vid_target="45282FCB-3042-B61C-AD1F-D96808B5E6A2">
<hideElementsInCurrentOnly>false</hideElementsInCurrentOnly>
<backgroundColor>-16777216</backgroundColor>
<lineWidth>1</lineWidth>
<sourceLabel class="oracle.dbtools.crest.model.design.Label">
<site>0</site>
<labelBounds x="231" y="35" width="39" height="30"/>
<noBackgroundColor>true</noBackgroundColor>
<noForegroundColor>true</noForegroundColor>
</sourceLabel>
<targetLabel class="oracle.dbtools.crest.model.design.Label">
<site>2</site>
<labelBounds x="241" y="68" width="63" height="30"/>
<noBackgroundColor>true</noBackgroundColor>
<noForegroundColor>true</noForegroundColor>
</targetLabel>
<points>
<point x="221" y="65"/>
<point x="310" y="65"/>
</points>
</Connector>
<Connector class="oracle.dbtools.crest.swingui.logical.TVInheritanceRelation" oid="B8349AF1-E748-01CC-02CF-F97D11C3AE21" otype="Hierarchy relation" vid_source="21B718B0-3740-F94C-C051-1B3FD3A44C4E" vid_target="851C8233-069B-11BA-0666-657BD094D730">
<hideElementsInCurrentOnly>false</hideElementsInCurrentOnly>
<backgroundColor>-65536</backgroundColor>
<lineWidth>1</lineWidth>
<points>
<point x="875" y="367"/>
<point x="875" y="460"/>
</points>
</Connector>
<Connector class="oracle.dbtools.crest.swingui.logical.TVRelation" oid="B9082E5D-95A6-20CC-FBF3-2BC9BEBA082C" otype="Relation" vid_source="D8AE1740-1243-EB3A-25EC-9FCDF8A9FAB6" vid_target="21B718B0-3740-F94C-C051-1B3FD3A44C4E">
<hideElementsInCurrentOnly>false</hideElementsInCurrentOnly>
<backgroundColor>-16777216</backgroundColor>
<lineWidth>1</lineWidth>
<sourceLabel class="oracle.dbtools.crest.model.design.Label">
<site>0</site>
<labelBounds x="1015" y="255" width="39" height="30"/>
<noBackgroundColor>true</noBackgroundColor>
<noForegroundColor>true</noForegroundColor>
</sourceLabel>
<targetLabel class="oracle.dbtools.crest.model.design.Label">
<site>2</site>
<labelBounds x="941" y="288" width="63" height="30"/>
<noBackgroundColor>true</noBackgroundColor>
<noForegroundColor>true</noForegroundColor>
</targetLabel>
<points>
<point x="1060" y="285"/>
<point x="931" y="285"/>
</points>
</Connector>
<Connector class="oracle.dbtools.crest.swingui.logical.TVRelation" oid="ED43B817-BA76-0E50-2F63-4166A228D84C" otype="Relation" vid_source="30D5F42B-1F25-58B4-1EF8-82781AFD917A" vid_target="F0A5E283-2055-3DBA-70BE-27026DC4809C">
<hideElementsInCurrentOnly>false</hideElementsInCurrentOnly>
<backgroundColor>-16777216</backgroundColor>
<lineWidth>1</lineWidth>
<sourceLabel class="oracle.dbtools.crest.model.design.Label">
<site>0</site>
<labelBounds x="424" y="437" width="39" height="17"/>
<noBackgroundColor>true</noBackgroundColor>
<noForegroundColor>true</noForegroundColor>
</sourceLabel>
<targetLabel class="oracle.dbtools.crest.model.design.Label">
<site>2</site>
<labelBounds x="424" y="402" width="63" height="16"/>
<noBackgroundColor>true</noBackgroundColor>
<noForegroundColor>true</noForegroundColor>
</targetLabel>
<points>
<point x="424" y="460"/>
<point x="424" y="371"/>
</points>
</Connector>
<Connector class="oracle.dbtools.crest.swingui.logical.TVRelation" oid="F5BD1893-BE98-C736-D612-46160A8DCC5C" otype="Relation" vid_source="45282FCB-3042-B61C-AD1F-D96808B5E6A2" vid_target="9776D3D3-A407-E163-1ED7-427E509C0D5F">
<hideElementsInCurrentOnly>false</hideElementsInCurrentOnly>
<backgroundColor>-16777216</backgroundColor>
<lineWidth>1</lineWidth>
<sourceLabel class="oracle.dbtools.crest.model.design.Label">
<site>0</site>
<labelBounds x="551" y="36" width="39" height="30"/>
<noBackgroundColor>true</noBackgroundColor>
<noForegroundColor>true</noForegroundColor>
</sourceLabel>
<targetLabel class="oracle.dbtools.crest.model.design.Label">
<site>2</site>
<labelBounds x="779" y="88" width="63" height="30"/>
<noBackgroundColor>true</noBackgroundColor>
<noForegroundColor>true</noForegroundColor>
</targetLabel>
<points>
<point x="541" y="66"/>
<point x="779" y="66"/>
<point x="779" y="140"/>
</points>
</Connector>
</connectors>
<arcs>
<Arc class="oracle.dbtools.crest.swingui.logical.TVArc" oid="04E9AD9D-6652-6B71-3166-CC831778146F" otype="Arc" vid="6CF54FFB-2265-417A-C397-3623D0C9C124">
<hideElementsInCurrentOnly>false</hideElementsInCurrentOnly>
<bounds x="620" y="220" width="331" height="167"/>
</Arc>
</arcs>
</Diagram>