<?xml version = '1.0' encoding = 'UTF-8'?>
<Relation class="oracle.dbtools.crest.model.design.logical.Relation" name="Relation_6" directorySegmentName="seg_0" id="37005D8E-7F0C-3A29-4657-8B55F1162688">
<createdBy>pedro</createdBy>
<createdTime>2025-09-11 22:13:32 UTC</createdTime>
<ownerDesignName>Sumativa2</ownerDesignName>
<engineerTo>
<item key="57EDCA66-0BAB-C4ED-C0EC-25508BE0B2FC" value="true"/>
</engineerTo>
<sourcePk>41D36147-7823-4F6A-B6C0-0729A621C300</sourcePk>
<identifying>false</identifying>
<nameOnSource>tiene</nameOnSource>
<nameOnTarget>recide</nameOnTarget>
<optionalSource>true</optionalSource>
<optionalTarget>false</optionalTarget>
<sourceCardinality>1</sourceCardinality>
<sourceEntity>1C23BDF5-FF2B-F1D5-B81A-82332F5AD1F3</sourceEntity>
<targetCardinalityString>*</targetCardinalityString>
<targetEntity>E11482E7-0914-03DB-1D6F-E4CECA5799CF</targetEntity>
<transferable>true</transferable>
<deleteRule>NO ACTION</deleteRule>
</Relation>