<?xml version = '1.0' encoding = 'UTF-8'?>
<Relation class="oracle.dbtools.crest.model.design.logical.Relation" name="Relation_9" directorySegmentName="seg_0" id="4B008031-C242-4CAE-4123-A15CE0303486">
<createdBy>pedro</createdBy>
<createdTime>2025-09-11 23:07:31 UTC</createdTime>
<ownerDesignName>Sumativa2</ownerDesignName>
<engineerTo>
<item key="57EDCA66-0BAB-C4ED-C0EC-25508BE0B2FC" value="true"/>
</engineerTo>
<sourcePk>F9E3A530-C465-8316-347F-617CA2C0C353</sourcePk>
<identifying>false</identifying>
<nameOnSource>pertenecer</nameOnSource>
<nameOnTarget>tiene</nameOnTarget>
<optionalSource>true</optionalSource>
<optionalTarget>false</optionalTarget>
<sourceCardinality>1</sourceCardinality>
<sourceEntity>2959A2CF-70AD-5A47-5E1E-02C9E600DFBB</sourceEntity>
<targetCardinalityString>*</targetCardinalityString>
<targetEntity>CED67368-F7E3-9A4E-8269-A778E4F9AC0D</targetEntity>
<transferable>true</transferable>
<deleteRule>NO ACTION</deleteRule>
</Relation>