<?xml version = '1.0' encoding = 'UTF-8'?>
<Relation class="oracle.dbtools.crest.model.design.logical.Relation" name="Relation_1" directorySegmentName="seg_0" id="4DA875B2-F29A-6279-ACCB-464F30DC7ED0">
<createdBy>pedro</createdBy>
<createdTime>2025-09-11 22:01:44 UTC</createdTime>
<ownerDesignName>Sumativa2</ownerDesignName>
<engineerTo>
<item key="57EDCA66-0BAB-C4ED-C0EC-25508BE0B2FC" value="true"/>
</engineerTo>
<sourcePk>5ECCA238-1988-282A-D442-A7E1AD5E784A</sourcePk>
<identifying>false</identifying>
<nameOnSource>agenda</nameOnSource>
<nameOnTarget>registra</nameOnTarget>
<optionalSource>true</optionalSource>
<optionalTarget>false</optionalTarget>
<sourceCardinality>1</sourceCardinality>
<sourceEntity>E11482E7-0914-03DB-1D6F-E4CECA5799CF</sourceEntity>
<targetCardinalityString>*</targetCardinalityString>
<targetEntity>7171BC75-CB11-3CAA-BCDA-958174E46D79</targetEntity>
<transferable>true</transferable>
<deleteRule>NO ACTION</deleteRule>
</Relation>