<?xml version = '1.0' encoding = 'UTF-8'?>
<Relation class="oracle.dbtools.crest.model.design.logical.Relation" name="Relation_12" directorySegmentName="seg_0" id="7AE57255-2486-BBB1-B7F4-8ECE534A133E">
<createdBy>pedro</createdBy>
<createdTime>2025-09-11 23:33:07 UTC</createdTime>
<ownerDesignName>Sumativa2</ownerDesignName>
<engineerTo>
<item key="57EDCA66-0BAB-C4ED-C0EC-25508BE0B2FC" value="true"/>
</engineerTo>
<sourcePk>EA7F7663-0967-8E83-BB38-B4275FBEC22B</sourcePk>
<identifying>false</identifying>
<nameOnSource>deriva</nameOnSource>
<nameOnTarget>pertenece</nameOnTarget>
<optionalSource>true</optionalSource>
<optionalTarget>false</optionalTarget>
<sourceCardinality>1</sourceCardinality>
<sourceEntity>7171BC75-CB11-3CAA-BCDA-958174E46D79</sourceEntity>
<targetCardinalityString>*</targetCardinalityString>
<targetEntity>7EDA55A1-F83E-1C7E-8EDB-15A048BDF0C1</targetEntity>
<transferable>true</transferable>
<deleteRule>NO ACTION</deleteRule>
</Relation>