<?xml version = '1.0' encoding = 'UTF-8'?>
<Relation class="oracle.dbtools.crest.model.design.logical.Relation" name="Relation_14" directorySegmentName="seg_0" id="7D02AE34-E6ED-7124-0002-C3FD6BF25EC1">
<createdBy>pedro</createdBy>
<createdTime>2025-09-12 00:07:09 UTC</createdTime>
<ownerDesignName>Sumativa2</ownerDesignName>
<engineerTo>
<item key="57EDCA66-0BAB-C4ED-C0EC-25508BE0B2FC" value="true"/>
</engineerTo>
<targetPk>EA7F7663-0967-8E83-BB38-B4275FBEC22B</targetPk>
<identifying>false</identifying>
<nameOnSource>deriva</nameOnSource>
<nameOnTarget>proviene</nameOnTarget>
<optionalSource>true</optionalSource>
<optionalTarget>true</optionalTarget>
<sourceCardinality>1</sourceCardinality>
<sourceEntity>7171BC75-CB11-3CAA-BCDA-958174E46D79</sourceEntity>
<targetCardinalityString>*</targetCardinalityString>
<targetEntity>7171BC75-CB11-3CAA-BCDA-958174E46D79</targetEntity>
<transferable>true</transferable>
<deleteRule>NO ACTION</deleteRule>
</Relation>