<?xml version = '1.0' encoding = 'UTF-8'?>
<Relation class="oracle.dbtools.crest.model.design.logical.Relation" name="Relation_2" directorySegmentName="seg_0" id="9D4D82A5-9817-9EB6-419E-AA4187136586">
<createdBy>pedro</createdBy>
<createdTime>2025-09-11 22:06:22 UTC</createdTime>
<ownerDesignName>Sumativa2</ownerDesignName>
<engineerTo>
<item key="57EDCA66-0BAB-C4ED-C0EC-25508BE0B2FC" value="true"/>
</engineerTo>
<sourcePk>A73A80FE-5CD4-D1EC-4408-8244720B1CD0</sourcePk>
<identifying>false</identifying>
<nameOnSource>realiza</nameOnSource>
<nameOnTarget>es realizada</nameOnTarget>
<optionalSource>true</optionalSource>
<optionalTarget>false</optionalTarget>
<sourceCardinality>1</sourceCardinality>
<sourceEntity>CED67368-F7E3-9A4E-8269-A778E4F9AC0D</sourceEntity>
<targetCardinalityString>*</targetCardinalityString>
<targetEntity>7171BC75-CB11-3CAA-BCDA-958174E46D79</targetEntity>
<transferable>true</transferable>
<deleteRule>NO ACTION</deleteRule>
</Relation>