<?xml version = '1.0' encoding = 'UTF-8'?>
<Relation class="oracle.dbtools.crest.model.design.logical.Relation" name="Relation_8" directorySegmentName="seg_0" id="A845FF52-96F8-E7DC-C300-2AA38AF092C8">
<createdBy>pedro</createdBy>
<createdTime>2025-09-11 22:38:16 UTC</createdTime>
<ownerDesignName>Sumativa2</ownerDesignName>
<engineerTo>
<item key="57EDCA66-0BAB-C4ED-C0EC-25508BE0B2FC" value="true"/>
</engineerTo>
<sourcePk>6D1E2049-8D8C-CA72-53C4-3360B37A9196</sourcePk>
<identifying>false</identifying>
<nameOnSource>es</nameOnSource>
<nameOnTarget>es</nameOnTarget>
<optionalSource>true</optionalSource>
<optionalTarget>false</optionalTarget>
<sourceCardinality>1</sourceCardinality>
<sourceEntity>9AB0CD3B-C4B8-A2E8-484F-5776DA0C3C49</sourceEntity>
<targetCardinalityString>*</targetCardinalityString>
<targetEntity>E11482E7-0914-03DB-1D6F-E4CECA5799CF</targetEntity>
<transferable>true</transferable>
<deleteRule>NO ACTION</deleteRule>
</Relation>