<?xml version = '1.0' encoding = 'UTF-8'?>
<Relation class="oracle.dbtools.crest.model.design.logical.Relation" name="Relation_5" directorySegmentName="seg_0" id="B52EC56C-2D1E-4311-EFFC-98F2AA7A4710">
<createdBy>pedro</createdBy>
<createdTime>2025-09-11 22:12:29 UTC</createdTime>
<ownerDesignName>Sumativa2</ownerDesignName>
<engineerTo>
<item key="57EDCA66-0BAB-C4ED-C0EC-25508BE0B2FC" value="true"/>
</engineerTo>
<sourcePk>E6EB4050-6010-8060-5304-0615E7473D90</sourcePk>
<identifying>false</identifying>
<nameOnSource>tiene</nameOnSource>
<nameOnTarget>pertenece</nameOnTarget>
<optionalSource>false</optionalSource>
<optionalTarget>true</optionalTarget>
<sourceCardinality>1</sourceCardinality>
<sourceEntity>CD046D4D-89F0-E627-E046-8A70CDC23698</sourceEntity>
<targetCardinalityString>*</targetCardinalityString>
<targetEntity>1C23BDF5-FF2B-F1D5-B81A-82332F5AD1F3</targetEntity>
<transferable>true</transferable>
<deleteRule>NO ACTION</deleteRule>
</Relation>