<?xml version = '1.0' encoding = 'UTF-8'?>
<Relation class="oracle.dbtools.crest.model.design.logical.Relation" name="Relation_4" directorySegmentName="seg_0" id="C482C5FE-672E-BD88-69CE-83605994D92F">
<createdBy>pedro</createdBy>
<createdTime>2025-09-11 22:08:16 UTC</createdTime>
<ownerDesignName>Sumativa2</ownerDesignName>
<engineerTo>
<item key="57EDCA66-0BAB-C4ED-C0EC-25508BE0B2FC" value="true"/>
</engineerTo>
<sourcePk>67598AE5-05D1-1C2C-B5C5-8EEE10D4CA56</sourcePk>
<identifying>false</identifying>
<nameOnSource>tiene</nameOnSource>
<nameOnTarget>tiene</nameOnTarget>
<optionalSource>true</optionalSource>
<optionalTarget>false</optionalTarget>
<sourceCardinality>1</sourceCardinality>
<sourceEntity>F05B3EF9-7C49-58CD-FEF8-B240148F8BEF</sourceEntity>
<targetCardinalityString>*</targetCardinalityString>
<targetEntity>CED67368-F7E3-9A4E-8269-A778E4F9AC0D</targetEntity>
<transferable>true</transferable>
<deleteRule>NO ACTION</deleteRule>
</Relation>