<?xml version = '1.0' encoding = 'UTF-8'?>
<Relation class="oracle.dbtools.crest.model.design.logical.Relation" name="Relation_13" directorySegmentName="seg_0" id="D6C18B7C-BE8D-7CCD-BB55-DC0EDD4E7CAB">
<createdBy>pedro</createdBy>
<createdTime>2025-09-11 23:54:06 UTC</createdTime>
<ownerDesignName>Sumativa2</ownerDesignName>
<engineerTo>
<item key="57EDCA66-0BAB-C4ED-C0EC-25508BE0B2FC" value="true"/>
</engineerTo>
<sourcePk>174660BB-767B-F45B-DAC5-2F01061198D1</sourcePk>
<identifying>false</identifying>
<nameOnSource>tiene</nameOnSource>
<nameOnTarget>pertenece</nameOnTarget>
<optionalSource>true</optionalSource>
<optionalTarget>false</optionalTarget>
<sourceCardinality>1</sourceCardinality>
<sourceEntity>51BA9873-4257-BCCB-1450-BC0BFD34EE0D</sourceEntity>
<targetCardinalityString>*</targetCardinalityString>
<targetEntity>CED67368-F7E3-9A4E-8269-A778E4F9AC0D</targetEntity>
<transferable>true</transferable>
<deleteRule>NO ACTION</deleteRule>
</Relation>