<?xml version = '1.0' encoding = 'UTF-8'?>
<Relation class="oracle.dbtools.crest.model.design.logical.Relation" name="Relation_11" directorySegmentName="seg_0" id="E583D849-F9D9-AB2B-E169-233D35A40022">
<createdBy>pedro</createdBy>
<createdTime>2025-09-11 23:20:19 UTC</createdTime>
<ownerDesignName>Sumativa2</ownerDesignName>
<engineerTo>
<item key="57EDCA66-0BAB-C4ED-C0EC-25508BE0B2FC" value="true"/>
</engineerTo>
<targetPk>A73A80FE-5CD4-D1EC-4408-8244720B1CD0</targetPk>
<identifying>false</identifying>
<nameOnSource>supervisa</nameOnSource>
<nameOnTarget>supervisado</nameOnTarget>
<optionalSource>true</optionalSource>
<optionalTarget>false</optionalTarget>
<sourceCardinality>1</sourceCardinality>
<sourceEntity>CED67368-F7E3-9A4E-8269-A778E4F9AC0D</sourceEntity>
<targetCardinalityString>*</targetCardinalityString>
<targetEntity>CED67368-F7E3-9A4E-8269-A778E4F9AC0D</targetEntity>
<transferable>true</transferable>
<deleteRule>NO ACTION</deleteRule>
</Relation>