<?xml version = '1.0' encoding = 'UTF-8'?>
<Relation class="oracle.dbtools.crest.model.design.logical.Relation" name="Relation_3" directorySegmentName="seg_0" id="E6A9C929-E882-AB1D-07B9-81DE0D72C77C">
<createdBy>pedro</createdBy>
<createdTime>2025-09-11 22:06:55 UTC</createdTime>
<ownerDesignName>Sumativa2</ownerDesignName>
<engineerTo>
<item key="57EDCA66-0BAB-C4ED-C0EC-25508BE0B2FC" value="true"/>
</engineerTo>
<sourcePk>EA7F7663-0967-8E83-BB38-B4275FBEC22B</sourcePk>
<identifying>false</identifying>
<nameOnSource>pagada</nameOnSource>
<nameOnTarget>paga</nameOnTarget>
<optionalSource>true</optionalSource>
<optionalTarget>false</optionalTarget>
<sourceCardinality>1</sourceCardinality>
<sourceEntity>7171BC75-CB11-3CAA-BCDA-958174E46D79</sourceEntity>
<targetCardinalityString>1</targetCardinalityString>
<targetEntity>1B59BEB7-0CEA-D077-A75E-CD64CA1145A9</targetEntity>
<transferable>true</transferable>
<deleteRule>NO ACTION</deleteRule>
</Relation>