<?xml version = '1.0' encoding = 'UTF-8'?>
<Relation class="oracle.dbtools.crest.model.design.logical.Relation" name="Relation_10" directorySegmentName="seg_0" id="F2C28D50-08C2-3384-8809-83E730433073">
<createdBy>pedro</createdBy>
<createdTime>2025-09-11 23:07:58 UTC</createdTime>
<ownerDesignName>Sumativa2</ownerDesignName>
<engineerTo>
<item key="57EDCA66-0BAB-C4ED-C0EC-25508BE0B2FC" value="true"/>
</engineerTo>
<sourcePk>B42486E9-165E-98FD-9B44-8FBC56B8E8B6</sourcePk>
<identifying>false</identifying>
<nameOnSource>pertenece</nameOnSource>
<nameOnTarget>tiene</nameOnTarget>
<optionalSource>true</optionalSource>
<optionalTarget>false</optionalTarget>
<sourceCardinality>1</sourceCardinality>
<sourceEntity>1B67391E-5343-04BC-290C-23CCB2FB3EBA</sourceEntity>
<targetCardinalityString>*</targetCardinalityString>
<targetEntity>CED67368-F7E3-9A4E-8269-A778E4F9AC0D</targetEntity>
<transferable>true</transferable>
<deleteRule>NO ACTION</deleteRule>
</Relation>