<?xml version = '1.0' encoding = 'UTF-8'?>
<Relation class="oracle.dbtools.crest.model.design.logical.InheritanceRelation" name="Hierarchy_2" directorySegmentName="seg_0" id="12F55B5F-34C8-43D7-ED99-33A3B9E4080C">
<createdBy>pedro</createdBy>
<createdTime>2025-10-02 15:53:28 UTC</createdTime>
<ownerDesignName>Cristalería Andina S.A.</ownerDesignName>
<engineerTo>
<item key="69531EB3-E8DD-8C61-12EA-0BB9077E1461" value="true"/>
</engineerTo>
<arc>549B98C8-C098-EB9B-5268-C1EAA025A963</arc>
<identifying>false</identifying>
<nameOnSource>Super Type</nameOnSource>
<nameOnTarget>Sub Type</nameOnTarget>
<optionalSource>true</optionalSource>
<optionalTarget>true</optionalTarget>
<sourceEntity>2B5A93CA-E0F8-86A3-266A-FD2AF5183458</sourceEntity>
<targetEntity>B3FB4549-4282-9769-2D32-1DA1734F50E8</targetEntity>
<transferable>true</transferable>
<deleteRule>NO ACTION</deleteRule>
</Relation>