<?xml version = '1.0' encoding = 'UTF-8'?>
<Relation class="oracle.dbtools.crest.model.design.logical.InheritanceRelation" name="Hierarchy_3" directorySegmentName="seg_0" id="861809BC-8DDA-8232-695D-963F6AFCAFBB">
<createdBy>pedro</createdBy>
<createdTime>2025-10-02 15:56:08 UTC</createdTime>
<ownerDesignName>Cristalería Andina S.A.</ownerDesignName>
<engineerTo>
<item key="69531EB3-E8DD-8C61-12EA-0BB9077E1461" value="true"/>
</engineerTo>
<arc>549B98C8-C098-EB9B-5268-C1EAA025A963</arc>
<identifying>false</identifying>
<nameOnSource>Super Type</nameOnSource>
<nameOnTarget>Sub Type</nameOnTarget>
<optionalSource>true</optionalSource>
<optionalTarget>true</optionalTarget>
<sourceEntity>2B5A93CA-E0F8-86A3-266A-FD2AF5183458</sourceEntity>
<targetEntity>F6EF8196-0F2F-C74E-AE87-F32D6B39D0BD</targetEntity>
<transferable>true</transferable>
<deleteRule>NO ACTION</deleteRule>
</Relation>