<?xml version = '1.0' encoding = 'UTF-8'?>
<Relation class="oracle.dbtools.crest.model.design.logical.InheritanceRelation" name="Hierarchy_1" directorySegmentName="seg_0" id="B76D64AE-1162-6212-388D-AC7814775807">
<createdBy>pedro</createdBy>
<createdTime>2025-10-02 15:48:46 UTC</createdTime>
<ownerDesignName>Cristalería Andina S.A.</ownerDesignName>
<engineerTo>
<item key="69531EB3-E8DD-8C61-12EA-0BB9077E1461" value="true"/>
</engineerTo>
<arc>549B98C8-C098-EB9B-5268-C1EAA025A963</arc>
<identifying>false</identifying>
<nameOnSource>Super Type</nameOnSource>
<nameOnTarget>Sub Type</nameOnTarget>
<optionalSource>true</optionalSource>
<optionalTarget>true</optionalTarget>
<sourceEntity>2B5A93CA-E0F8-86A3-266A-FD2AF5183458</sourceEntity>
<targetEntity>550285F3-AA01-87EC-0CA8-E9EC25FA955E</targetEntity>
<transferable>true</transferable>
<deleteRule>NO ACTION</deleteRule>
</Relation>