<?xml version = '1.0' encoding = 'UTF-8'?>
<Diagram class="oracle.dbtools.crest.swingui.logical.DPVLogical" name="Logical" id="6E4155F5-7178-9B0B-A11B-04AF6F4CDCCB">
<createdBy>pedro</createdBy>
<modifiedBy>pedro</modifiedBy>
<createdTime>2025-10-02 15:11:39 UTC</createdTime>
<autoRoute>false</autoRoute>
<boxInbox>false</boxInbox>
<showLegend>false</showLegend>
<showLabels>true</showLabels>
<showRelAttributes>false</showRelAttributes>
<gridEnabled>true</gridEnabled>
<showGrid>false</showGrid>
<diagramColor>-1</diagramColor>
<display>false</display>
<notation>1</notation>
<objectViews>
<OView class="oracle.dbtools.crest.swingui.logical.TVEntity" oid="2111D25C-7A88-9811-02AE-106C2BD86F7F" otype="Entity" vid="E0BAD4A3-03B5-99A0-4A28-7236BAC4E939">
<hideElementsInCurrentOnly>false</hideElementsInCurrentOnly>
<bounds x="420" y="30" width="138" height="78"/>
</OView>
<OView class="oracle.dbtools.crest.swingui.logical.TVEntity" oid="2B5A93CA-E0F8-86A3-266A-FD2AF5183458" otype="Entity" vid="F80255B2-6FD3-4725-F0DC-D2938E485F06">
<hideElementsInCurrentOnly>false</hideElementsInCurrentOnly>
<bounds x="270" y="170" width="281" height="531"/>
</OView>
<OView class="oracle.dbtools.crest.swingui.logical.TVEntity" oid="38560802-A8C7-E1F2-5126-B49374AA0C79" otype="Entity" vid="6EA2830D-9ADA-FF27-1E4B-2F2FBB515C37">
<hideElementsInCurrentOnly>false</hideElementsInCurrentOnly>
<bounds x="20" y="570" width="170" height="110"/>
</OView>
<OView class="oracle.dbtools.crest.swingui.logical.TVEntity" oid="47EC7F3A-1122-AE94-51F1-8F374E546A38" otype="Entity" vid="CD63479D-C300-A508-A936-3DD6610B4B59">
<hideElementsInCurrentOnly>false</hideElementsInCurrentOnly>
<bounds x="30" y="30" width="138" height="63"/>
</OView>
<OView class="oracle.dbtools.crest.swingui.logical.TVEntity" oid="4B601B7E-9C6B-FC8C-645C-3A85D488B988" otype="Entity" vid="5828B24B-7B6B-BC0A-6542-DD875C040C4B">
<hideElementsInCurrentOnly>false</hideElementsInCurrentOnly>
<bounds x="20" y="280" width="170" height="66"/>
</OView>
<OView class="oracle.dbtools.crest.swingui.logical.TVEntity" oid="550285F3-AA01-87EC-0CA8-E9EC25FA955E" otype="Entity" vid="42A14AAD-FF64-CFF0-8FBB-5E4BD5F8EAE9">
<hideElementsInCurrentOnly>false</hideElementsInCurrentOnly>
<bounds x="730" y="390" width="150" height="110"/>
</OView>
<OView class="oracle.dbtools.crest.swingui.logical.TVEntity" oid="6F545165-CEC4-E3A0-B7F1-584AE8BEF934" otype="Entity" vid="F5881568-72A2-C431-D119-B7A7598E5E30">
<hideElementsInCurrentOnly>false</hideElementsInCurrentOnly>
<bounds x="950" y="260" width="170" height="110"/>
</OView>
<OView class="oracle.dbtools.crest.swingui.logical.TVEntity" oid="94418F13-D6B2-4FFC-3377-C352BFD0C5C7" otype="Entity" vid="EB0FE933-22E9-EB8E-D7E4-C7578E1E6065">
<hideElementsInCurrentOnly>false</hideElementsInCurrentOnly>
<bounds x="730" y="130" width="170" height="95"/>
</OView>
<OView class="oracle.dbtools.crest.swingui.logical.TVEntity" oid="9B97E927-8552-857C-3766-0D90516BD1D4" otype="Entity" vid="FE63B5AE-F13E-A80C-85B8-E44F17DF33B9">
<hideElementsInCurrentOnly>false</hideElementsInCurrentOnly>
<bounds x="730" y="20" width="170" height="61"/>
</OView>
<OView class="oracle.dbtools.crest.swingui.logical.TVEntity" oid="A9074A1F-8AE4-64B9-9F56-CE8450C0BE0D" otype="Entity" vid="AF41AE26-51E5-04C9-36DF-7F251C82B00A">
<hideElementsInCurrentOnly>false</hideElementsInCurrentOnly>
<bounds x="220" y="30" width="145" height="64"/>
</OView>
<OView class="oracle.dbtools.crest.swingui.logical.TVEntity" oid="AEC38F47-2E21-A078-7613-67D00D497D20" otype="Entity" vid="1AE4DDE7-B981-240D-F396-2707931CFB74">
<hideElementsInCurrentOnly>false</hideElementsInCurrentOnly>
<bounds x="20" y="210" width="170" height="62"/>
</OView>
<OView class="oracle.dbtools.crest.swingui.logical.TVEntity" oid="B3FB4549-4282-9769-2D32-1DA1734F50E8" otype="Entity" vid="0171D6F0-6DE8-E6D8-F4A8-5DBFB4E0FFCB">
<hideElementsInCurrentOnly>false</hideElementsInCurrentOnly>
<bounds x="730" y="520" width="170" height="110"/>
</OView>
<OView class="oracle.dbtools.crest.swingui.logical.TVEntity" oid="C58A123A-F6BA-08A3-8202-30C229D2E0EE" otype="Entity" vid="18E4D0FA-D650-54FC-325B-BD56CC702E31">
<hideElementsInCurrentOnly>false</hideElementsInCurrentOnly>
<bounds x="20" y="370" width="170" height="114"/>
</OView>
<OView class="oracle.dbtools.crest.swingui.logical.TVEntity" oid="F6EF8196-0F2F-C74E-AE87-F32D6B39D0BD" otype="Entity" vid="CC48E7D5-D301-AE70-9982-21D61892CC51">
<hideElementsInCurrentOnly>false</hideElementsInCurrentOnly>
<bounds x="730" y="260" width="170" height="110"/>
</OView>
</objectViews>
<connectors>
<Connector class="oracle.dbtools.crest.swingui.logical.TVRelation" oid="05D718DD-5336-1065-CB8C-41724FAB4C83" otype="Relation" vid_source="E0BAD4A3-03B5-99A0-4A28-7236BAC4E939" vid_target="F80255B2-6FD3-4725-F0DC-D2938E485F06">
<hideElementsInCurrentOnly>false</hideElementsInCurrentOnly>
<backgroundColor>-16777216</backgroundColor>
<lineWidth>1</lineWidth>
<points>
<point x="485" y="108"/>
<point x="485" y="170"/>
</points>
</Connector>
<Connector class="oracle.dbtools.crest.swingui.logical.TVInheritanceRelation" oid="12F55B5F-34C8-43D7-ED99-33A3B9E4080C" otype="Hierarchy relation" vid_source="F80255B2-6FD3-4725-F0DC-D2938E485F06" vid_target="0171D6F0-6DE8-E6D8-F4A8-5DBFB4E0FFCB">
<hideElementsInCurrentOnly>false</hideElementsInCurrentOnly>
<backgroundColor>-65536</backgroundColor>
<lineWidth>1</lineWidth>
<points>
<point x="551" y="575"/>
<point x="730" y="575"/>
</points>
</Connector>
<Connector class="oracle.dbtools.crest.swingui.logical.TVRelation" oid="3E4E238A-0CD5-1F04-B1E0-1393B10B02AA" otype="Relation" vid_source="F80255B2-6FD3-4725-F0DC-D2938E485F06" vid_target="F80255B2-6FD3-4725-F0DC-D2938E485F06">
<hideElementsInCurrentOnly>false</hideElementsInCurrentOnly>
<backgroundColor>-16777216</backgroundColor>
<lineWidth>1</lineWidth>
<points>
<point x="499" y="701"/>
<point x="499" y="729"/>
<point x="599" y="729"/>
<point x="599" y="649"/>
<point x="551" y="649"/>
</points>
</Connector>
<Connector class="oracle.dbtools.crest.swingui.logical.TVRelation" oid="43402A0B-C170-CF37-0EAD-5BEBAC1EF147" otype="Relation" vid_source="6EA2830D-9ADA-FF27-1E4B-2F2FBB515C37" vid_target="18E4D0FA-D650-54FC-325B-BD56CC702E31">
<hideElementsInCurrentOnly>false</hideElementsInCurrentOnly>
<backgroundColor>-16777216</backgroundColor>
<lineWidth>1</lineWidth>
<points>
<point x="105" y="570"/>
<point x="105" y="484"/>
</points>
</Connector>
<Connector class="oracle.dbtools.crest.swingui.logical.TVRelation" oid="4AFEC2C0-ED8C-0F4F-85EA-8FC413AF8513" otype="Relation" vid_source="F80255B2-6FD3-4725-F0DC-D2938E485F06" vid_target="6EA2830D-9ADA-FF27-1E4B-2F2FBB515C37">
<hideElementsInCurrentOnly>false</hideElementsInCurrentOnly>
<backgroundColor>-16777216</backgroundColor>
<lineWidth>1</lineWidth>
<points>
<point x="270" y="625"/>
<point x="190" y="625"/>
</points>
</Connector>
<Connector class="oracle.dbtools.crest.swingui.logical.TVRelation" oid="56D6B69D-10BC-E377-055D-5E78B928EDF6" otype="Relation" vid_source="AF41AE26-51E5-04C9-36DF-7F251C82B00A" vid_target="E0BAD4A3-03B5-99A0-4A28-7236BAC4E939">
<hideElementsInCurrentOnly>false</hideElementsInCurrentOnly>
<backgroundColor>-16777216</backgroundColor>
<lineWidth>1</lineWidth>
<points>
<point x="365" y="62"/>
<point x="420" y="62"/>
</points>
</Connector>
<Connector class="oracle.dbtools.crest.swingui.logical.TVRelation" oid="5CB0A01B-E2F2-59BA-DDF4-76800FAC1A9C" otype="Relation" vid_source="5828B24B-7B6B-BC0A-6542-DD875C040C4B" vid_target="F80255B2-6FD3-4725-F0DC-D2938E485F06">
<hideElementsInCurrentOnly>false</hideElementsInCurrentOnly>
<backgroundColor>-16777216</backgroundColor>
<lineWidth>1</lineWidth>
<points>
<point x="190" y="313"/>
<point x="270" y="313"/>
</points>
</Connector>
<Connector class="oracle.dbtools.crest.swingui.logical.TVRelation" oid="660A95CD-7AA6-5C51-486F-C073488D7069" otype="Relation" vid_source="CC48E7D5-D301-AE70-9982-21D61892CC51" vid_target="F5881568-72A2-C431-D119-B7A7598E5E30">
<hideElementsInCurrentOnly>false</hideElementsInCurrentOnly>
<backgroundColor>-16777216</backgroundColor>
<lineWidth>1</lineWidth>
<points>
<point x="900" y="315"/>
<point x="950" y="315"/>
</points>
</Connector>
<Connector class="oracle.dbtools.crest.swingui.logical.TVRelation" oid="786294F0-7740-B144-5EE3-398A6326E8D2" otype="Relation" vid_source="FE63B5AE-F13E-A80C-85B8-E44F17DF33B9" vid_target="EB0FE933-22E9-EB8E-D7E4-C7578E1E6065">
<hideElementsInCurrentOnly>false</hideElementsInCurrentOnly>
<backgroundColor>-16777216</backgroundColor>
<lineWidth>1</lineWidth>
<points>
<point x="815" y="81"/>
<point x="815" y="130"/>
</points>
</Connector>
<Connector class="oracle.dbtools.crest.swingui.logical.TVRelation" oid="7DD38FFD-759E-7AE5-0C5A-2473654A89BC" otype="Relation" vid_source="E0BAD4A3-03B5-99A0-4A28-7236BAC4E939" vid_target="EB0FE933-22E9-EB8E-D7E4-C7578E1E6065">
<hideElementsInCurrentOnly>false</hideElementsInCurrentOnly>
<backgroundColor>-16777216</backgroundColor>
<lineWidth>1</lineWidth>
<points>
<point x="558" y="60"/>
<point x="630" y="60"/>
<point x="630" y="170"/>
<point x="730" y="170"/>
</points>
</Connector>
<Connector class="oracle.dbtools.crest.swingui.logical.TVRelation" oid="84091D95-39EB-1459-1C2A-E87A0BE3AB09" otype="Relation" vid_source="1AE4DDE7-B981-240D-F396-2707931CFB74" vid_target="F80255B2-6FD3-4725-F0DC-D2938E485F06">
<hideElementsInCurrentOnly>false</hideElementsInCurrentOnly>
<backgroundColor>-16777216</backgroundColor>
<lineWidth>1</lineWidth>
<points>
<point x="190" y="241"/>
<point x="270" y="241"/>
</points>
</Connector>
<Connector class="oracle.dbtools.crest.swingui.logical.TVInheritanceRelation" oid="861809BC-8DDA-8232-695D-963F6AFCAFBB" otype="Hierarchy relation" vid_source="F80255B2-6FD3-4725-F0DC-D2938E485F06" vid_target="CC48E7D5-D301-AE70-9982-21D61892CC51">
<hideElementsInCurrentOnly>false</hideElementsInCurrentOnly>
<backgroundColor>-65536</backgroundColor>
<lineWidth>1</lineWidth>
<points>
<point x="551" y="315"/>
<point x="730" y="315"/>
</points>
</Connector>
<Connector class="oracle.dbtools.crest.swingui.logical.TVRelation" oid="8F62D42C-4D98-2662-75F2-5D8BBD7C982F" otype="Relation" vid_source="EB0FE933-22E9-EB8E-D7E4-C7578E1E6065" vid_target="F5881568-72A2-C431-D119-B7A7598E5E30">
<hideElementsInCurrentOnly>false</hideElementsInCurrentOnly>
<backgroundColor>-16777216</backgroundColor>
<lineWidth>1</lineWidth>
<points>
<point x="900" y="190"/>
<point x="1020" y="190"/>
<point x="1020" y="260"/>
</points>
</Connector>
<Connector class="oracle.dbtools.crest.swingui.logical.TVRelation" oid="A3AFDA57-772C-5286-AABB-83FC30FA37DE" otype="Relation" vid_source="EB0FE933-22E9-EB8E-D7E4-C7578E1E6065" vid_target="6EA2830D-9ADA-FF27-1E4B-2F2FBB515C37">
<hideElementsInCurrentOnly>false</hideElementsInCurrentOnly>
<backgroundColor>-16777216</backgroundColor>
<lineWidth>1</lineWidth>
<points>
<point x="900" y="150"/>
<point x="1130" y="150"/>
<point x="1130" y="750"/>
<point x="90" y="750"/>
<point x="90" y="680"/>
</points>
</Connector>
<Connector class="oracle.dbtools.crest.swingui.logical.TVInheritanceRelation" oid="B76D64AE-1162-6212-388D-AC7814775807" otype="Hierarchy relation" vid_source="F80255B2-6FD3-4725-F0DC-D2938E485F06" vid_target="42A14AAD-FF64-CFF0-8FBB-5E4BD5F8EAE9">
<hideElementsInCurrentOnly>false</hideElementsInCurrentOnly>
<backgroundColor>-65536</backgroundColor>
<lineWidth>1</lineWidth>
<points>
<point x="551" y="445"/>
<point x="730" y="445"/>
</points>
</Connector>
<Connector class="oracle.dbtools.crest.swingui.logical.TVRelation" oid="F061DE04-FD35-FEB5-C031-8BFDDC502A49" otype="Relation" vid_source="CD63479D-C300-A508-A936-3DD6610B4B59" vid_target="AF41AE26-51E5-04C9-36DF-7F251C82B00A">
<hideElementsInCurrentOnly>false</hideElementsInCurrentOnly>
<backgroundColor>-16777216</backgroundColor>
<lineWidth>1</lineWidth>
<points>
<point x="168" y="61"/>
<point x="220" y="61"/>
</points>
</Connector>
</connectors>
<arcs>
<Arc class="oracle.dbtools.crest.swingui.logical.TVArc" oid="549B98C8-C098-EB9B-5268-C1EAA025A963" otype="Arc" vid="CC2EB4BF-E620-58D6-047E-4B996D277078">
<hideElementsInCurrentOnly>false</hideElementsInCurrentOnly>
<bounds x="250" y="150" width="321" height="571"/>
</Arc>
</arcs>
</Diagram>