<?xml version = '1.0' encoding = 'UTF-8'?>
<FKIndexAssociation class="oracle.dbtools.crest.model.design.relational.FKIndexAssociation" directorySegmentName="seg_0" id="11588C93-FACA-296E-4A51-84575F0D9CB9" containerWithKeyObject="738298EE-6D62-D63E-E9EB-5C056F5D2B84" localFKIndex="C2E3BAFB-CC44-239D-C7B3-55B8A57B1EBF" name="FK_EMPLEADO_EMPLEADO">
<createdBy>pedro</createdBy>
<createdTime>2025-10-02 16:43:23 UTC</createdTime>
<generatorID>3E4E238A-0CD5-1F04-B1E0-1393B10B02AA</generatorID>
<ownerDesignName>Cristalería Andina S.A.</ownerDesignName>
<referredTableLongName>EMPLEADO</referredTableLongName>
<deleteRule>NO ACTION</deleteRule>
<referredTableID>738298EE-6D62-D63E-E9EB-5C056F5D2B84</referredTableID>
<keyObject>8828A784-D11F-E614-AD3E-0D5CC0F5099B</keyObject>
<referredKeyID>8828A784-D11F-E614-AD3E-0D5CC0F5099B</referredKeyID>
<mandatory>false</mandatory>
<refColNames>id_empleado</refColNames>
<transferable>true</transferable>
<rely>false</rely>
<columnDependencyConstraintGenerateInDDL>true</columnDependencyConstraintGenerateInDDL>
</FKIndexAssociation>