<?xml version = '1.0' encoding = 'UTF-8'?>
<FKIndexAssociation class="oracle.dbtools.crest.model.design.relational.FKIndexAssociation" directorySegmentName="seg_0" id="1C903E36-DFCE-9C47-8923-C140AAD39B29" containerWithKeyObject="C0C86DDE-8F52-B029-2ADF-33B453331B12" localFKIndex="081814CD-4E37-F0CC-D625-84CFC2D13A2D" name="FK_ASIGNACION_TURNO_TURNO">
<createdBy>pedro</createdBy>
<createdTime>2025-10-02 16:43:23 UTC</createdTime>
<generatorID>43402A0B-C170-CF37-0EAD-5BEBAC1EF147</generatorID>
<ownerDesignName>Cristalería Andina S.A.</ownerDesignName>
<referredTableLongName>TURNO</referredTableLongName>
<deleteRule>NO ACTION</deleteRule>
<referredTableID>AF0FD9A4-EB4E-659F-F37E-55121317646F</referredTableID>
<keyObject>156021E1-4D03-C1D4-CC0C-6B4731C3838D</keyObject>
<referredKeyID>156021E1-4D03-C1D4-CC0C-6B4731C3838D</referredKeyID>
<mandatory>true</mandatory>
<refColNames>id_turno</refColNames>
<transferable>true</transferable>
<rely>false</rely>
<columnDependencyConstraintGenerateInDDL>true</columnDependencyConstraintGenerateInDDL>
</FKIndexAssociation>