<?xml version = '1.0' encoding = 'UTF-8'?>
<FKIndexAssociation class="oracle.dbtools.crest.model.design.relational.FKIndexAssociation" directorySegmentName="seg_0" id="2DF18E18-E171-78C6-8077-EEC4CEC8CD6F" containerWithKeyObject="CE6D6B38-4C40-65CE-30C9-4C0F77612AB3" localFKIndex="348026A2-8D02-D3CF-9E42-BDE30CF61A28" name="FK_MAQUINA_TIPO_MAQUINA">
<createdBy>pedro</createdBy>
<createdTime>2025-10-02 16:43:23 UTC</createdTime>
<generatorID>786294F0-7740-B144-5EE3-398A6326E8D2</generatorID>
<ownerDesignName>Cristalería Andina S.A.</ownerDesignName>
<referredTableLongName>TIPO_MAQUINA</referredTableLongName>
<deleteRule>NO ACTION</deleteRule>
<referredTableID>618B264C-59CF-4C7B-86F1-52A51BB1C83E</referredTableID>
<keyObject>589C662A-E82F-5CF8-02BE-3C5F919BF6D1</keyObject>
<referredKeyID>589C662A-E82F-5CF8-02BE-3C5F919BF6D1</referredKeyID>
<mandatory>true</mandatory>
<refColNames>id_tipo_maquina</refColNames>
<transferable>true</transferable>
<rely>false</rely>
<columnDependencyConstraintGenerateInDDL>true</columnDependencyConstraintGenerateInDDL>
</FKIndexAssociation>