<?xml version = '1.0' encoding = 'UTF-8'?>
<FKIndexAssociation class="oracle.dbtools.crest.model.design.relational.FKIndexAssociation" directorySegmentName="seg_0" id="31105B54-1990-AA90-CEFD-CE515EBE58D0" containerWithKeyObject="738298EE-6D62-D63E-E9EB-5C056F5D2B84" localFKIndex="000F7937-0C2E-BF01-4A7E-22F0B0C34EDD" name="FK_EMPLEADO_PLANTA">
<createdBy>pedro</createdBy>
<createdTime>2025-10-02 16:43:23 UTC</createdTime>
<generatorID>05D718DD-5336-1065-CB8C-41724FAB4C83</generatorID>
<ownerDesignName>Cristalería Andina S.A.</ownerDesignName>
<referredTableLongName>PLANTA</referredTableLongName>
<deleteRule>NO ACTION</deleteRule>
<referredTableID>4657F6E5-7F68-1228-7766-421F7872EB35</referredTableID>
<keyObject>E2BD5E89-A5AE-46AB-8260-7A1F5341BBB5</keyObject>
<referredKeyID>E2BD5E89-A5AE-46AB-8260-7A1F5341BBB5</referredKeyID>
<mandatory>true</mandatory>
<refColNames>id_planta</refColNames>
<transferable>true</transferable>
<rely>false</rely>
<columnDependencyConstraintGenerateInDDL>true</columnDependencyConstraintGenerateInDDL>
</FKIndexAssociation>