<?xml version = '1.0' encoding = 'UTF-8'?>
<FKIndexAssociation class="oracle.dbtools.crest.model.design.relational.FKIndexAssociation" directorySegmentName="seg_0" id="443B63F6-E904-C6A0-20BA-098D981A3433" containerWithKeyObject="3B31E8E0-D629-22D6-4316-3B888BC12A29" localFKIndex="BF34DD5E-5602-B58D-6FA8-2C9BD463CFA3" name="FK_OPERARIO_EMPLEADO">
<createdBy>pedro</createdBy>
<createdTime>2025-10-02 16:43:23 UTC</createdTime>
<generatorID>12F55B5F-34C8-43D7-ED99-33A3B9E4080C</generatorID>
<ownerDesignName>Cristalería Andina S.A.</ownerDesignName>
<referredTableLongName>EMPLEADO</referredTableLongName>
<deleteRule>NO ACTION</deleteRule>
<referredTableID>738298EE-6D62-D63E-E9EB-5C056F5D2B84</referredTableID>
<keyObject>8828A784-D11F-E614-AD3E-0D5CC0F5099B</keyObject>
<referredKeyID>8828A784-D11F-E614-AD3E-0D5CC0F5099B</referredKeyID>
<mandatory>true</mandatory>
<refColNames>id_empleado</refColNames>
<transferable>true</transferable>
<rely>false</rely>
<columnDependencyConstraintGenerateInDDL>true</columnDependencyConstraintGenerateInDDL>
</FKIndexAssociation>