<?xml version = '1.0' encoding = 'UTF-8'?>
<FKIndexAssociation class="oracle.dbtools.crest.model.design.relational.FKIndexAssociation" directorySegmentName="seg_0" id="57D93451-629F-DCB2-B38F-ACC30148BD60" containerWithKeyObject="738298EE-6D62-D63E-E9EB-5C056F5D2B84" localFKIndex="FCE45E01-2BD2-2F68-A722-65E2C3E7EFF7" name="FK_EMPLEADO_SISTEMA_SALUD">
<createdBy>pedro</createdBy>
<createdTime>2025-10-02 16:43:23 UTC</createdTime>
<generatorID>5CB0A01B-E2F2-59BA-DDF4-76800FAC1A9C</generatorID>
<ownerDesignName>Cristalería Andina S.A.</ownerDesignName>
<referredTableLongName>SISTEMA_SALUD</referredTableLongName>
<deleteRule>NO ACTION</deleteRule>
<referredTableID>352C9FB1-DFB7-5189-971E-62FFCC3FB059</referredTableID>
<keyObject>61C11E85-3B47-E7AD-E23E-F600641184EB</keyObject>
<referredKeyID>61C11E85-3B47-E7AD-E23E-F600641184EB</referredKeyID>
<mandatory>true</mandatory>
<refColNames>id_salud</refColNames>
<transferable>true</transferable>
<rely>false</rely>
<columnDependencyConstraintGenerateInDDL>true</columnDependencyConstraintGenerateInDDL>
</FKIndexAssociation>