<?xml version = '1.0' encoding = 'UTF-8'?>
<FKIndexAssociation class="oracle.dbtools.crest.model.design.relational.FKIndexAssociation" directorySegmentName="seg_0" id="65B39D43-6003-558E-7B1D-AE78971735D6" containerWithKeyObject="C0C86DDE-8F52-B029-2ADF-33B453331B12" localFKIndex="BE730123-386F-F8A4-0556-8FB556EE1B91" name="FK_ASIGNACION_TURNO_EMPLEADO">
<createdBy>pedro</createdBy>
<createdTime>2025-10-02 17:36:31 UTC</createdTime>
<generatorID>F70F6394-158C-FF19-9F3C-A423F207B203</generatorID>
<ownerDesignName>Cristalería Andina S.A.</ownerDesignName>
<referredTableLongName>EMPLEADO</referredTableLongName>
<deleteRule>NO ACTION</deleteRule>
<referredTableID>738298EE-6D62-D63E-E9EB-5C056F5D2B84</referredTableID>
<keyObject>8828A784-D11F-E614-AD3E-0D5CC0F5099B</keyObject>
<referredKeyID>8828A784-D11F-E614-AD3E-0D5CC0F5099B</referredKeyID>
<mandatory>true</mandatory>
<refColNames>id_empleado</refColNames>
<transferable>true</transferable>
<rely>false</rely>
<columnDependencyConstraintGenerateInDDL>true</columnDependencyConstraintGenerateInDDL>
</FKIndexAssociation>