<?xml version = '1.0' encoding = 'UTF-8'?>
<FKIndexAssociation class="oracle.dbtools.crest.model.design.relational.FKIndexAssociation" directorySegmentName="seg_0" id="6878BF21-516A-2260-0174-25FC3D49AB95" containerWithKeyObject="C0C86DDE-8F52-B029-2ADF-33B453331B12" localFKIndex="2D59BFF4-A712-0FF0-07FC-421E9A073A91" name="FK_ASIGNACION_TURNO_MAQUINA">
<createdBy>pedro</createdBy>
<createdTime>2025-10-02 16:43:23 UTC</createdTime>
<generatorID>A3AFDA57-772C-5286-AABB-83FC30FA37DE</generatorID>
<ownerDesignName>Cristalería Andina S.A.</ownerDesignName>
<referredTableLongName>MAQUINA</referredTableLongName>
<deleteRule>NO ACTION</deleteRule>
<referredTableID>CE6D6B38-4C40-65CE-30C9-4C0F77612AB3</referredTableID>
<keyObject>C19C572B-9C7C-A12F-7EA1-A64FFE310062</keyObject>
<referredKeyID>C19C572B-9C7C-A12F-7EA1-A64FFE310062</referredKeyID>
<mandatory>true</mandatory>
<refColNames>id_maquina</refColNames>
<transferable>true</transferable>
<rely>false</rely>
<columnDependencyConstraintGenerateInDDL>true</columnDependencyConstraintGenerateInDDL>
</FKIndexAssociation>