<?xml version = '1.0' encoding = 'UTF-8'?>
<FKIndexAssociation class="oracle.dbtools.crest.model.design.relational.FKIndexAssociation" directorySegmentName="seg_0" id="735B9BBD-7ED7-3817-4E44-71ED6FBC6FE7" containerWithKeyObject="9B4429B8-8986-0A86-4233-B821035D230D" localFKIndex="157BA4F2-D93A-B663-BA01-5107D7C8E990" name="FK_ORDEN_MANTENCION_MAQUINA">
<createdBy>pedro</createdBy>
<createdTime>2025-10-02 16:43:23 UTC</createdTime>
<generatorID>8F62D42C-4D98-2662-75F2-5D8BBD7C982F</generatorID>
<ownerDesignName>Cristalería Andina S.A.</ownerDesignName>
<referredTableLongName>MAQUINA</referredTableLongName>
<deleteRule>NO ACTION</deleteRule>
<referredTableID>CE6D6B38-4C40-65CE-30C9-4C0F77612AB3</referredTableID>
<keyObject>C19C572B-9C7C-A12F-7EA1-A64FFE310062</keyObject>
<referredKeyID>C19C572B-9C7C-A12F-7EA1-A64FFE310062</referredKeyID>
<mandatory>true</mandatory>
<refColNames>id_maquina</refColNames>
<transferable>true</transferable>
<rely>false</rely>
<columnDependencyConstraintGenerateInDDL>true</columnDependencyConstraintGenerateInDDL>
</FKIndexAssociation>