<?xml version = '1.0' encoding = 'UTF-8'?>
<FKIndexAssociation class="oracle.dbtools.crest.model.design.relational.FKIndexAssociation" directorySegmentName="seg_0" id="81BE8367-E88F-454A-6B8F-29B4E04C3CFB" containerWithKeyObject="5D9EDDEA-774D-801B-1086-0988238253F3" localFKIndex="AF9EB734-300D-B041-365E-6607825E8E02" name="FK_COMUNA_REGION">
<createdBy>pedro</createdBy>
<createdTime>2025-10-02 16:43:23 UTC</createdTime>
<generatorID>F061DE04-FD35-FEB5-C031-8BFDDC502A49</generatorID>
<ownerDesignName>Cristalería Andina S.A.</ownerDesignName>
<referredTableLongName>REGION</referredTableLongName>
<deleteRule>NO ACTION</deleteRule>
<referredTableID>3D691B97-93DA-32BB-7D4A-1319ADEF6EAC</referredTableID>
<keyObject>5A600914-E526-B211-0832-CCF61CF14B3C</keyObject>
<referredKeyID>5A600914-E526-B211-0832-CCF61CF14B3C</referredKeyID>
<mandatory>true</mandatory>
<refColNames>id_region</refColNames>
<transferable>true</transferable>
<rely>false</rely>
<columnDependencyConstraintGenerateInDDL>true</columnDependencyConstraintGenerateInDDL>
</FKIndexAssociation>