<?xml version = '1.0' encoding = 'UTF-8'?>
<FKIndexAssociation class="oracle.dbtools.crest.model.design.relational.FKIndexAssociation" directorySegmentName="seg_0" id="A824FED8-C05D-50E6-4045-F0E77E31944A" containerWithKeyObject="87974202-2A3F-FC6D-54E1-160AB8FCAAF2" localFKIndex="989900E6-5384-5B31-97FD-FBB81D722AE6" name="FK_TECNICO_EMPLEADO">
<createdBy>pedro</createdBy>
<createdTime>2025-10-02 16:43:23 UTC</createdTime>
<generatorID>861809BC-8DDA-8232-695D-963F6AFCAFBB</generatorID>
<ownerDesignName>Cristalería Andina S.A.</ownerDesignName>
<referredTableLongName>EMPLEADO</referredTableLongName>
<deleteRule>NO ACTION</deleteRule>
<referredTableID>738298EE-6D62-D63E-E9EB-5C056F5D2B84</referredTableID>
<keyObject>8828A784-D11F-E614-AD3E-0D5CC0F5099B</keyObject>
<referredKeyID>8828A784-D11F-E614-AD3E-0D5CC0F5099B</referredKeyID>
<mandatory>true</mandatory>
<refColNames>id_empleado</refColNames>
<transferable>true</transferable>
<rely>false</rely>
<columnDependencyConstraintGenerateInDDL>true</columnDependencyConstraintGenerateInDDL>
</FKIndexAssociation>