<?xml version = '1.0' encoding = 'UTF-8'?>
<FKIndexAssociation class="oracle.dbtools.crest.model.design.relational.FKIndexAssociation" directorySegmentName="seg_0" id="B16BD9E0-6807-1BE5-A335-0D3F60174CB5" containerWithKeyObject="CE6D6B38-4C40-65CE-30C9-4C0F77612AB3" localFKIndex="E36AB200-0505-9376-895C-5FDE5779817A" name="FK_MAQUINA_PLANTA">
<createdBy>pedro</createdBy>
<createdTime>2025-10-02 16:43:23 UTC</createdTime>
<generatorID>7DD38FFD-759E-7AE5-0C5A-2473654A89BC</generatorID>
<ownerDesignName>Cristalería Andina S.A.</ownerDesignName>
<referredTableLongName>PLANTA</referredTableLongName>
<deleteRule>NO ACTION</deleteRule>
<referredTableID>4657F6E5-7F68-1228-7766-421F7872EB35</referredTableID>
<keyObject>E2BD5E89-A5AE-46AB-8260-7A1F5341BBB5</keyObject>
<referredKeyID>E2BD5E89-A5AE-46AB-8260-7A1F5341BBB5</referredKeyID>
<mandatory>true</mandatory>
<refColNames>id_planta</refColNames>
<transferable>true</transferable>
<rely>false</rely>
<columnDependencyConstraintGenerateInDDL>true</columnDependencyConstraintGenerateInDDL>
</FKIndexAssociation>