<?xml version = '1.0' encoding = 'UTF-8'?>
<FKIndexAssociation class="oracle.dbtools.crest.model.design.relational.FKIndexAssociation" directorySegmentName="seg_0" id="B3919060-9BC1-AC8F-BD85-5C1A556AA3ED" containerWithKeyObject="4657F6E5-7F68-1228-7766-421F7872EB35" localFKIndex="BE55A34A-1DED-F14D-1EED-E2F647F13EB2" name="FK_PLANTA_COMUNA">
<createdBy>pedro</createdBy>
<createdTime>2025-10-02 16:43:23 UTC</createdTime>
<generatorID>56D6B69D-10BC-E377-055D-5E78B928EDF6</generatorID>
<ownerDesignName>Cristalería Andina S.A.</ownerDesignName>
<referredTableLongName>COMUNA</referredTableLongName>
<deleteRule>NO ACTION</deleteRule>
<referredTableID>5D9EDDEA-774D-801B-1086-0988238253F3</referredTableID>
<keyObject>EDA27E42-02D8-4FF8-6D71-288B6E4380D4</keyObject>
<referredKeyID>EDA27E42-02D8-4FF8-6D71-288B6E4380D4</referredKeyID>
<mandatory>true</mandatory>
<refColNames>id_comuna</refColNames>
<transferable>true</transferable>
<rely>false</rely>
<columnDependencyConstraintGenerateInDDL>true</columnDependencyConstraintGenerateInDDL>
</FKIndexAssociation>