<?xml version = '1.0' encoding = 'UTF-8'?>
<FKIndexAssociation class="oracle.dbtools.crest.model.design.relational.FKIndexAssociation" directorySegmentName="seg_0" id="BBDA9689-8D3A-9D95-1C37-66393D6ED009" containerWithKeyObject="DDF64757-1BF7-44FC-5855-C58C28DD96A4" localFKIndex="4F788355-F6E7-CAF7-48C8-17606583B6B0" name="FK_JEFE_TURNO_EMPLEADO">
<createdBy>pedro</createdBy>
<createdTime>2025-10-02 16:43:23 UTC</createdTime>
<generatorID>B76D64AE-1162-6212-388D-AC7814775807</generatorID>
<ownerDesignName>Cristalería Andina S.A.</ownerDesignName>
<referredTableLongName>EMPLEADO</referredTableLongName>
<deleteRule>NO ACTION</deleteRule>
<referredTableID>738298EE-6D62-D63E-E9EB-5C056F5D2B84</referredTableID>
<keyObject>8828A784-D11F-E614-AD3E-0D5CC0F5099B</keyObject>
<referredKeyID>8828A784-D11F-E614-AD3E-0D5CC0F5099B</referredKeyID>
<mandatory>true</mandatory>
<refColNames>id_empleado</refColNames>
<transferable>true</transferable>
<rely>false</rely>
<columnDependencyConstraintGenerateInDDL>true</columnDependencyConstraintGenerateInDDL>
</FKIndexAssociation>