<?xml version = '1.0' encoding = 'UTF-8'?>
<FKIndexAssociation class="oracle.dbtools.crest.model.design.relational.FKIndexAssociation" directorySegmentName="seg_0" id="CA80DF10-EC97-0661-1D83-7FED628F5630" containerWithKeyObject="738298EE-6D62-D63E-E9EB-5C056F5D2B84" localFKIndex="D7E3C4E5-8A74-96F3-4A93-F0D31935A344" name="FK_EMPLEADO_AFP">
<createdBy>pedro</createdBy>
<createdTime>2025-10-02 16:43:23 UTC</createdTime>
<generatorID>84091D95-39EB-1459-1C2A-E87A0BE3AB09</generatorID>
<ownerDesignName>Cristalería Andina S.A.</ownerDesignName>
<referredTableLongName>AFP</referredTableLongName>
<deleteRule>NO ACTION</deleteRule>
<referredTableID>B386A57A-6767-6D30-406A-6642E8FB30D6</referredTableID>
<keyObject>AC9831C4-F52D-1A48-E4C9-A62753367156</keyObject>
<referredKeyID>AC9831C4-F52D-1A48-E4C9-A62753367156</referredKeyID>
<mandatory>true</mandatory>
<refColNames>id_afp</refColNames>
<transferable>true</transferable>
<rely>false</rely>
<columnDependencyConstraintGenerateInDDL>true</columnDependencyConstraintGenerateInDDL>
</FKIndexAssociation>