<?xml version = '1.0' encoding = 'UTF-8'?>
<FKIndexAssociation class="oracle.dbtools.crest.model.design.relational.FKIndexAssociation" directorySegmentName="seg_0" id="E75F1EA4-FF3F-5BEF-B128-57A4B81E616F" containerWithKeyObject="9B4429B8-8986-0A86-4233-B821035D230D" localFKIndex="8D77056F-6ED6-A2CB-8CB6-7B39D7ECC3BE" name="FK_ORDEN_MANTENCION_TECNICO">
<createdBy>pedro</createdBy>
<createdTime>2025-10-02 16:43:23 UTC</createdTime>
<generatorID>660A95CD-7AA6-5C51-486F-C073488D7069</generatorID>
<ownerDesignName>Cristalería Andina S.A.</ownerDesignName>
<referredTableLongName>TECNICO</referredTableLongName>
<deleteRule>NO ACTION</deleteRule>
<referredTableID>87974202-2A3F-FC6D-54E1-160AB8FCAAF2</referredTableID>
<keyObject>0A43D1F9-39CD-DB48-9016-4D9191864B2B</keyObject>
<referredKeyID>0A43D1F9-39CD-DB48-9016-4D9191864B2B</referredKeyID>
<mandatory>true</mandatory>
<refColNames>id_tecnico</refColNames>
<transferable>true</transferable>
<rely>false</rely>
<columnDependencyConstraintGenerateInDDL>true</columnDependencyConstraintGenerateInDDL>
</FKIndexAssociation>