<?xml version = '1.0' encoding = 'UTF-8'?>
<relationalModel class="oracle.dbtools.crest.model.design.relational.RelationalDesign" name="Relational_1" id="69531EB3-E8DD-8C61-12EA-0BB9077E1461" mainViewID="945C0C07-6E64-ACE3-1EE1-7714DE755062">
<createdBy>pedro</createdBy>
<createdTime>2025-10-02 14:41:52 UTC</createdTime>
<ownerDesignName>Cristalería Andina S.A.</ownerDesignName>
<shouldBeOpen>false</shouldBeOpen>
<selectedRDBMSSite>32076570-2523-435C-2E92-BF29817DFF70</selectedRDBMSSite>
</relationalModel>