<?xml version = '1.0' encoding = 'UTF-8'?>
<Diagram class="oracle.dbtools.crest.swingui.relational.DPVRelational" name="Relational_1" id="945C0C07-6E64-ACE3-1EE1-7714DE755062">
<createdBy>pedro</createdBy>
<modifiedBy>pedro</modifiedBy>
<createdTime>2025-10-02 16:43:23 UTC</createdTime>
<autoRoute>false</autoRoute>
<boxInbox>true</boxInbox>
<showLegend>false</showLegend>
<showLabels>false</showLabels>
<showRelAttributes>false</showRelAttributes>
<gridEnabled>false</gridEnabled>
<showGrid>false</showGrid>
<diagramColor>-1</diagramColor>
<display>false</display>
<notation>1</notation>
<objectViews>
<OView class="oracle.dbtools.crest.swingui.relational.TVTable" oid="352C9FB1-DFB7-5189-971E-62FFCC3FB059" otype="Table" vid="9EA71299-5639-2332-837F-A0FBD612842B">
<hideElementsInCurrentOnly>false</hideElementsInCurrentOnly>
<bounds x="49" y="442" width="238" height="88"/>
</OView>
<OView class="oracle.dbtools.crest.swingui.relational.TVTable" oid="3B31E8E0-D629-22D6-4316-3B888BC12A29" otype="Table" vid="349940DA-E00B-ED83-11AA-27E8906B59A6">
<hideElementsInCurrentOnly>false</hideElementsInCurrentOnly>
<bounds x="869" y="467" width="244" height="122"/>
</OView>
<OView class="oracle.dbtools.crest.swingui.relational.TVTable" oid="3D691B97-93DA-32BB-7D4A-1319ADEF6EAC" otype="Table" vid="3C8F00CD-BB13-8091-F8A7-3BDBF484D915">
<hideElementsInCurrentOnly>false</hideElementsInCurrentOnly>
<bounds x="20" y="30" width="191" height="88"/>
</OView>
<OView class="oracle.dbtools.crest.swingui.relational.TVTable" oid="4657F6E5-7F68-1228-7766-421F7872EB35" otype="Table" vid="5971DEE7-4F9E-6B7D-52A8-2BD8B75DFC3C">
<hideElementsInCurrentOnly>false</hideElementsInCurrentOnly>
<bounds x="583" y="24" width="260" height="122"/>
</OView>
<OView class="oracle.dbtools.crest.swingui.relational.TVTable" oid="5D9EDDEA-774D-801B-1086-0988238253F3" otype="Table" vid="75EC3494-EEA7-5D04-E1DC-67811E6ED37B">
<hideElementsInCurrentOnly>false</hideElementsInCurrentOnly>
<bounds x="265" y="25" width="199" height="122"/>
</OView>
<OView class="oracle.dbtools.crest.swingui.relational.TVTable" oid="618B264C-59CF-4C7B-86F1-52A51BB1C83E" otype="Table" vid="2B27C348-96A8-889D-68AC-55D8AB3F02B1">
<hideElementsInCurrentOnly>false</hideElementsInCurrentOnly>
<bounds x="1570" y="34" width="224" height="88"/>
</OView>
<OView class="oracle.dbtools.crest.swingui.relational.TVTable" oid="738298EE-6D62-D63E-E9EB-5C056F5D2B84" otype="Table" vid="81CFF253-CD57-271A-A388-A12E2CB3755F">
<hideElementsInCurrentOnly>false</hideElementsInCurrentOnly>
<bounds x="354" y="214" width="412" height="588"/>
</OView>
<OView class="oracle.dbtools.crest.swingui.relational.TVTable" oid="87974202-2A3F-FC6D-54E1-160AB8FCAAF2" otype="Table" vid="059F33C1-C133-4E11-51C3-D3636091D6C2">
<hideElementsInCurrentOnly>false</hideElementsInCurrentOnly>
<bounds x="868" y="302" width="267" height="122"/>
</OView>
<OView class="oracle.dbtools.crest.swingui.relational.TVTable" oid="9B4429B8-8986-0A86-4233-B821035D230D" otype="Table" vid="79CFCF80-FE8F-AD43-DF64-9CBD70FF7CC6">
<hideElementsInCurrentOnly>false</hideElementsInCurrentOnly>
<bounds x="1233" y="285" width="450" height="220"/>
</OView>
<OView class="oracle.dbtools.crest.swingui.relational.TVTable" oid="AF0FD9A4-EB4E-659F-F37E-55121317646F" otype="Table" vid="52DDF5F0-AEDE-2E67-7485-C9746148A0A1">
<hideElementsInCurrentOnly>false</hideElementsInCurrentOnly>
<bounds x="65" y="644" width="189" height="116"/>
</OView>
<OView class="oracle.dbtools.crest.swingui.relational.TVTable" oid="B386A57A-6767-6D30-406A-6642E8FB30D6" otype="Table" vid="1F8B5827-2B35-8A2A-8788-A4F28E28F876">
<hideElementsInCurrentOnly>false</hideElementsInCurrentOnly>
<bounds x="52" y="277" width="165" height="88"/>
</OView>
<OView class="oracle.dbtools.crest.swingui.relational.TVTable" oid="C0C86DDE-8F52-B029-2ADF-33B453331B12" otype="Table" vid="217CC390-1225-9D9D-4331-3638914BD99D">
<hideElementsInCurrentOnly>false</hideElementsInCurrentOnly>
<bounds x="21" y="890" width="445" height="234"/>
</OView>
<OView class="oracle.dbtools.crest.swingui.relational.TVTable" oid="CE6D6B38-4C40-65CE-30C9-4C0F77612AB3" otype="Table" vid="80989F5E-FDE1-894F-C8B3-5B910EC3DD65">
<hideElementsInCurrentOnly>false</hideElementsInCurrentOnly>
<bounds x="1061" y="11" width="362" height="192"/>
</OView>
<OView class="oracle.dbtools.crest.swingui.relational.TVTable" oid="DDF64757-1BF7-44FC-5855-C58C28DD96A4" otype="Table" vid="48892792-B29E-154C-B4C4-36F12B585342">
<hideElementsInCurrentOnly>false</hideElementsInCurrentOnly>
<bounds x="872" y="646" width="257" height="108"/>
</OView>
</objectViews>
<connectors>
<Connector class="oracle.dbtools.crest.swingui.relational.TVFKRelation" oid="11588C93-FACA-296E-4A51-84575F0D9CB9" otype="FKIndexAssociation" vid_source="81CFF253-CD57-271A-A388-A12E2CB3755F" vid_target="81CFF253-CD57-271A-A388-A12E2CB3755F">
<hideElementsInCurrentOnly>false</hideElementsInCurrentOnly>
<backgroundColor>-16777216</backgroundColor>
<lineWidth>1</lineWidth>
<points>
<point x="709" y="802"/>
<point x="709" y="856"/>
<point x="836" y="857"/>
<point x="836" y="746"/>
<point x="766" y="746"/>
</points>
</Connector>
<Connector class="oracle.dbtools.crest.swingui.relational.TVFKRelation" oid="1C903E36-DFCE-9C47-8923-C140AAD39B29" otype="FKIndexAssociation" vid_source="52DDF5F0-AEDE-2E67-7485-C9746148A0A1" vid_target="217CC390-1225-9D9D-4331-3638914BD99D">
<hideElementsInCurrentOnly>false</hideElementsInCurrentOnly>
<backgroundColor>-16777216</backgroundColor>
<lineWidth>1</lineWidth>
<points>
<point x="159" y="760"/>
<point x="159" y="890"/>
</points>
</Connector>
<Connector class="oracle.dbtools.crest.swingui.relational.TVFKRelation" oid="2DF18E18-E171-78C6-8077-EEC4CEC8CD6F" otype="FKIndexAssociation" vid_source="2B27C348-96A8-889D-68AC-55D8AB3F02B1" vid_target="80989F5E-FDE1-894F-C8B3-5B910EC3DD65">
<hideElementsInCurrentOnly>false</hideElementsInCurrentOnly>
<backgroundColor>-16777216</backgroundColor>
<lineWidth>1</lineWidth>
<points>
<point x="1570" y="78"/>
<point x="1423" y="78"/>
</points>
</Connector>
<Connector class="oracle.dbtools.crest.swingui.relational.TVFKRelation" oid="31105B54-1990-AA90-CEFD-CE515EBE58D0" otype="FKIndexAssociation" vid_source="5971DEE7-4F9E-6B7D-52A8-2BD8B75DFC3C" vid_target="81CFF253-CD57-271A-A388-A12E2CB3755F">
<hideElementsInCurrentOnly>false</hideElementsInCurrentOnly>
<backgroundColor>-16777216</backgroundColor>
<lineWidth>1</lineWidth>
<points>
<point x="674" y="146"/>
<point x="674" y="214"/>
</points>
</Connector>
<Connector class="oracle.dbtools.crest.swingui.relational.TVFKRelation" oid="443B63F6-E904-C6A0-20BA-098D981A3433" otype="FKIndexAssociation" vid_source="81CFF253-CD57-271A-A388-A12E2CB3755F" vid_target="349940DA-E00B-ED83-11AA-27E8906B59A6">
<hideElementsInCurrentOnly>false</hideElementsInCurrentOnly>
<backgroundColor>-16777216</backgroundColor>
<lineWidth>1</lineWidth>
<points>
<point x="766" y="528"/>
<point x="869" y="528"/>
</points>
</Connector>
<Connector class="oracle.dbtools.crest.swingui.relational.TVFKRelation" oid="57D93451-629F-DCB2-B38F-ACC30148BD60" otype="FKIndexAssociation" vid_source="9EA71299-5639-2332-837F-A0FBD612842B" vid_target="81CFF253-CD57-271A-A388-A12E2CB3755F">
<hideElementsInCurrentOnly>false</hideElementsInCurrentOnly>
<backgroundColor>-16777216</backgroundColor>
<lineWidth>1</lineWidth>
<points>
<point x="287" y="486"/>
<point x="354" y="486"/>
</points>
</Connector>
<Connector class="oracle.dbtools.crest.swingui.relational.TVFKRelation" oid="65B39D43-6003-558E-7B1D-AE78971735D6" otype="FKIndexAssociation" vid_source="81CFF253-CD57-271A-A388-A12E2CB3755F" vid_target="217CC390-1225-9D9D-4331-3638914BD99D">
<hideElementsInCurrentOnly>false</hideElementsInCurrentOnly>
<backgroundColor>-16777216</backgroundColor>
<lineWidth>1</lineWidth>
<points>
<point x="399" y="802"/>
<point x="399" y="890"/>
</points>
</Connector>
<Connector class="oracle.dbtools.crest.swingui.relational.TVFKRelation" oid="6878BF21-516A-2260-0174-25FC3D49AB95" otype="FKIndexAssociation" vid_source="80989F5E-FDE1-894F-C8B3-5B910EC3DD65" vid_target="217CC390-1225-9D9D-4331-3638914BD99D">
<hideElementsInCurrentOnly>false</hideElementsInCurrentOnly>
<backgroundColor>-16777216</backgroundColor>
<lineWidth>1</lineWidth>
<points>
<point x="1423" y="172"/>
<point x="1688" y="172"/>
<point x="1690" y="965"/>
<point x="466" y="965"/>
</points>
</Connector>
<Connector class="oracle.dbtools.crest.swingui.relational.TVFKRelation" oid="735B9BBD-7ED7-3817-4E44-71ED6FBC6FE7" otype="FKIndexAssociation" vid_source="80989F5E-FDE1-894F-C8B3-5B910EC3DD65" vid_target="79CFCF80-FE8F-AD43-DF64-9CBD70FF7CC6">
<hideElementsInCurrentOnly>false</hideElementsInCurrentOnly>
<backgroundColor>-16777216</backgroundColor>
<lineWidth>1</lineWidth>
<points>
<point x="1328" y="203"/>
<point x="1328" y="285"/>
</points>
</Connector>
<Connector class="oracle.dbtools.crest.swingui.relational.TVFKRelation" oid="81BE8367-E88F-454A-6B8F-29B4E04C3CFB" otype="FKIndexAssociation" vid_source="3C8F00CD-BB13-8091-F8A7-3BDBF484D915" vid_target="75EC3494-EEA7-5D04-E1DC-67811E6ED37B">
<hideElementsInCurrentOnly>false</hideElementsInCurrentOnly>
<backgroundColor>-16777216</backgroundColor>
<lineWidth>1</lineWidth>
<points>
<point x="211" y="74"/>
<point x="265" y="74"/>
</points>
</Connector>
<Connector class="oracle.dbtools.crest.swingui.relational.TVFKRelation" oid="A824FED8-C05D-50E6-4045-F0E77E31944A" otype="FKIndexAssociation" vid_source="81CFF253-CD57-271A-A388-A12E2CB3755F" vid_target="059F33C1-C133-4E11-51C3-D3636091D6C2">
<hideElementsInCurrentOnly>false</hideElementsInCurrentOnly>
<backgroundColor>-16777216</backgroundColor>
<lineWidth>1</lineWidth>
<points>
<point x="766" y="363"/>
<point x="868" y="363"/>
</points>
</Connector>
<Connector class="oracle.dbtools.crest.swingui.relational.TVFKRelation" oid="B16BD9E0-6807-1BE5-A335-0D3F60174CB5" otype="FKIndexAssociation" vid_source="5971DEE7-4F9E-6B7D-52A8-2BD8B75DFC3C" vid_target="80989F5E-FDE1-894F-C8B3-5B910EC3DD65">
<hideElementsInCurrentOnly>false</hideElementsInCurrentOnly>
<backgroundColor>-16777216</backgroundColor>
<lineWidth>1</lineWidth>
<points>
<point x="843" y="85"/>
<point x="1061" y="85"/>
</points>
</Connector>
<Connector class="oracle.dbtools.crest.swingui.relational.TVFKRelation" oid="B3919060-9BC1-AC8F-BD85-5C1A556AA3ED" otype="FKIndexAssociation" vid_source="75EC3494-EEA7-5D04-E1DC-67811E6ED37B" vid_target="5971DEE7-4F9E-6B7D-52A8-2BD8B75DFC3C">
<hideElementsInCurrentOnly>false</hideElementsInCurrentOnly>
<backgroundColor>-16777216</backgroundColor>
<lineWidth>1</lineWidth>
<points>
<point x="464" y="85"/>
<point x="583" y="85"/>
</points>
</Connector>
<Connector class="oracle.dbtools.crest.swingui.relational.TVFKRelation" oid="BBDA9689-8D3A-9D95-1C37-66393D6ED009" otype="FKIndexAssociation" vid_source="81CFF253-CD57-271A-A388-A12E2CB3755F" vid_target="48892792-B29E-154C-B4C4-36F12B585342">
<hideElementsInCurrentOnly>false</hideElementsInCurrentOnly>
<backgroundColor>-16777216</backgroundColor>
<lineWidth>1</lineWidth>
<points>
<point x="766" y="700"/>
<point x="872" y="700"/>
</points>
</Connector>
<Connector class="oracle.dbtools.crest.swingui.relational.TVFKRelation" oid="CA80DF10-EC97-0661-1D83-7FED628F5630" otype="FKIndexAssociation" vid_source="1F8B5827-2B35-8A2A-8788-A4F28E28F876" vid_target="81CFF253-CD57-271A-A388-A12E2CB3755F">
<hideElementsInCurrentOnly>false</hideElementsInCurrentOnly>
<backgroundColor>-16777216</backgroundColor>
<lineWidth>1</lineWidth>
<points>
<point x="217" y="321"/>
<point x="354" y="321"/>
</points>
</Connector>
<Connector class="oracle.dbtools.crest.swingui.relational.TVFKRelation" oid="E75F1EA4-FF3F-5BEF-B128-57A4B81E616F" otype="FKIndexAssociation" vid_source="059F33C1-C133-4E11-51C3-D3636091D6C2" vid_target="79CFCF80-FE8F-AD43-DF64-9CBD70FF7CC6">
<hideElementsInCurrentOnly>false</hideElementsInCurrentOnly>
<backgroundColor>-16777216</backgroundColor>
<lineWidth>1</lineWidth>
<points>
<point x="1135" y="363"/>
<point x="1233" y="363"/>
</points>
</Connector>
</connectors>
</Diagram>